date,market_volatility_20d,market_return_1d,market_return_20d,volatility_threshold_70q,range_abs_return_20d_threshold_30q,is_high_volatility,is_range,is_high_volatility_range,regime
2024-01-02,0.0,0.0,,0.02259514075695275,0.018577523734584163,0,0,0,normal_or_low_volatility
2024-01-03,0.0,-0.0024512475228631566,,0.02259514075695275,0.018577523734584163,0,0,0,normal_or_low_volatility
2024-01-04,0.0,-0.009232441639013262,,0.02259514075695275,0.018577523734584163,0,0,0,normal_or_low_volatility
2024-01-05,0.0,-0.007414486635736296,,0.02259514075695275,0.018577523734584163,0,0,0,normal_or_low_volatility
2024-01-08,0.0,-0.014142653330129573,-0.03324082912774229,0.02259514075695275,0.018577523734584163,0,0,0,normal_or_low_volatility
2024-01-09,0.0,0.0019977431611918166,-0.03124308596655047,0.02259514075695275,0.018577523734584163,0,0,0,normal_or_low_volatility
2024-01-10,0.0,-0.005111805093813446,-0.036354891060363916,0.02259514075695275,0.018577523734584163,0,0,0,normal_or_low_volatility
2024-01-11,0.0,0.006696761128068488,-0.029658129932295427,0.02259514075695275,0.018577523734584163,0,0,0,normal_or_low_volatility
2024-01-12,0.0,-0.0037100815326943067,-0.033368211464989736,0.02259514075695275,0.018577523734584163,0,0,0,normal_or_low_volatility
2024-01-15,0.0,0.00014089935510086255,-0.03322731210988887,0.02259514075695275,0.018577523734584163,0,0,0,normal_or_low_volatility
2024-01-16,0.0,0.0046904292067177925,-0.02853688290317108,0.02259514075695275,0.018577523734584163,0,0,0,normal_or_low_volatility
2024-01-17,0.0,-0.020913424468918793,-0.04945030737208987,0.02259514075695275,0.018577523734584163,0,0,0,normal_or_low_volatility
2024-01-18,0.0,0.01064410813894887,-0.038806199233141,0.02259514075695275,0.018577523734584163,0,0,0,normal_or_low_volatility
2024-01-19,0.0,-0.005327759096599272,-0.04413395832974027,0.02259514075695275,0.018577523734584163,0,0,0,normal_or_low_volatility
2024-01-22,0.0,-0.025293703895771062,-0.06942766222551133,0.02259514075695275,0.018577523734584163,0,0,0,normal_or_low_volatility
2024-01-23,0.0,0.011397787324490354,-0.058029874901020975,0.02259514075695275,0.018577523734584163,0,0,0,normal_or_low_volatility
2024-01-24,0.0,0.016596920939080814,-0.04143295396194016,0.02259514075695275,0.018577523734584163,0,0,0,normal_or_low_volatility
2024-01-25,0.0,0.02346409400654927,-0.017968859955390895,0.02259514075695275,0.018577523734584163,0,1,0,normal_or_low_volatility
2024-01-26,0.0,-0.004988814069915578,-0.022957674025306473,0.02259514075695275,0.018577523734584163,0,0,0,normal_or_low_volatility
2024-01-29,0.0,-0.012124222890698295,-0.035081896916004766,0.02259514075695275,0.018577523734584163,0,0,0,normal_or_low_volatility
2024-01-30,0.02080874642387779,-0.018039353773702412,-0.05312125068970718,0.02259514075695275,0.018577523734584163,0,0,0,normal_or_low_volatility
2024-01-31,0.02113326868578638,-0.013789709063037295,-0.06445971222988131,0.02259514075695275,0.018577523734584163,0,0,0,normal_or_low_volatility
2024-02-01,0.021469908034455306,0.002586007757411287,-0.05264126283345677,0.02259514075695275,0.018577523734584163,0,0,0,normal_or_low_volatility
2024-02-02,0.021744108703669322,-0.014927872096014093,-0.06015464829373457,0.02259514075695275,0.018577523734584163,0,0,0,normal_or_low_volatility
2024-02-05,0.02198042068406544,-0.0042866647992704544,-0.05029865976287545,0.02259514075695275,0.018577523734584163,0,0,0,normal_or_low_volatility
2024-02-06,0.02513027995619264,0.046178549223005884,-0.006117853701061382,0.02259514075695275,0.018577523734584163,1,1,1,high_volatility_range
2024-02-07,0.025628663026709447,0.012878586769280775,0.011872538162032844,0.02259514075695275,0.018577523734584163,1,1,1,high_volatility_range
2024-02-08,0.02581741612135547,0.010069713233224354,0.015245490267188709,0.02259514075695275,0.018577523734584163,1,1,1,high_volatility_range
2024-02-19,0.026676404566701246,0.018080435265462314,0.03703600706534533,0.02259514075695275,0.018577523734584163,1,0,0,high_volatility_trend_or_normal
2024-02-20,0.026745144886404164,0.002539161654486057,0.03943426936473053,0.02259514075695275,0.018577523734584163,1,0,0,high_volatility_trend_or_normal
2024-02-21,0.02706939934746629,0.007501813394674187,0.04224565355268692,0.02259514075695275,0.018577523734584163,1,0,0,high_volatility_trend_or_normal
2024-02-22,0.026686837516922093,0.012154820440744276,0.07531389846234998,0.02259514075695275,0.018577523734584163,1,0,0,high_volatility_trend_or_normal
2024-02-23,0.026586417154008318,0.003292723468554325,0.06796251379195545,0.02259514075695275,0.018577523734584163,1,0,0,high_volatility_trend_or_normal
2024-02-26,0.026952715840557404,-0.006772652547050072,0.06651762034150464,0.02259514075695275,0.018577523734584163,1,0,0,high_volatility_trend_or_normal
2024-02-27,0.026361205429172294,0.018189646517706673,0.11000097075498237,0.02259514075695275,0.018577523734584163,1,0,0,high_volatility_trend_or_normal
2024-02-28,0.02675572513415435,-0.017162200585025197,0.08144098284546683,0.02259514075695275,0.018577523734584163,1,0,0,high_volatility_trend_or_normal
2024-02-29,0.026853063522771326,0.025078722716714023,0.08992278462310004,0.02259514075695275,0.018577523734584163,1,0,0,high_volatility_trend_or_normal
2024-03-01,0.02623035742839127,0.007549938751498908,0.07400862936804968,0.02259514075695275,0.018577523734584163,1,0,0,high_volatility_trend_or_normal
2024-03-04,0.026086726109817184,0.004320421885181364,0.08331786532314661,0.02259514075695275,0.018577523734584163,1,0,0,high_volatility_trend_or_normal
2024-03-05,0.025583891265335265,0.003226681817590072,0.09866877003143498,0.02259514075695275,0.018577523734584163,1,0,0,high_volatility_trend_or_normal
2024-03-06,0.025034716121935002,-0.002039142072071353,0.11466898173306604,0.02259514075695275,0.018577523734584163,1,0,0,high_volatility_trend_or_normal
2024-03-07,0.02478629628128448,-0.008111956285876678,0.12034673451022666,0.02259514075695275,0.018577523734584163,1,0,0,high_volatility_trend_or_normal
2024-03-08,0.024745252061462598,0.008896638468233289,0.12665736522104867,0.02259514075695275,0.018577523734584163,1,0,0,high_volatility_trend_or_normal
2024-03-11,0.02443637129025653,0.009817808540833802,0.15140304585789655,0.02259514075695275,0.018577523734584163,1,0,0,high_volatility_trend_or_normal
2024-03-12,0.024312331588490235,-0.0020017433199689895,0.15368796733719803,0.02259514075695275,0.018577523734584163,1,0,0,high_volatility_trend_or_normal
2024-03-13,0.022068244153476427,-0.004928593980822524,0.10258082413336962,0.02259514075695275,0.018577523734584163,0,0,0,normal_or_low_volatility
2024-03-14,0.02190643401011753,-0.0026077053921743083,0.08709453197191454,0.02259514075695275,0.018577523734584163,0,0,0,normal_or_low_volatility
2024-03-15,0.021747360985865397,0.0067833809477878424,0.08380819968647803,0.02259514075695275,0.018577523734584163,0,0,0,normal_or_low_volatility
2024-03-18,0.021025366512640573,0.013676759703761456,0.07940452412477716,0.02259514075695275,0.018577523734584163,0,0,0,normal_or_low_volatility
2024-03-19,0.02106542029348119,-0.008069485978144667,0.06879587649214644,0.02259514075695275,0.018577523734584163,0,0,0,normal_or_low_volatility
2024-03-20,0.020755827878908964,0.0025265027291830363,0.06382056582665528,0.02259514075695275,0.018577523734584163,0,0,0,normal_or_low_volatility
2024-03-21,0.02068669032886661,-0.002002330357118978,0.04966341502879204,0.02259514075695275,0.018577523734584163,0,0,0,normal_or_low_volatility
2024-03-22,0.021046515659281142,-0.010132324036789066,0.03623836752344864,0.02259514075695275,0.018577523734584163,0,0,0,normal_or_low_volatility
2024-03-25,0.021064723068529582,-0.007602199677747397,0.03540882039275132,0.02259514075695275,0.018577523734584163,0,0,0,normal_or_low_volatility
2024-03-26,0.02067446687709465,0.0028555552323023996,0.020074729107347047,0.02259514075695275,0.018577523734584163,0,0,0,normal_or_low_volatility
2024-03-27,0.020666271659991613,-0.015028806720351525,0.022208122972020718,0.02259514075695275,0.018577523734584163,0,0,0,normal_or_low_volatility
2024-03-28,0.019971393874333235,0.009363102810192488,0.006492503065499183,0.02259514075695275,0.018577523734584163,0,1,0,normal_or_low_volatility
2024-03-29,0.01996789814917504,0.007699953561285563,0.006642517875285837,0.02259514075695275,0.018577523734584163,0,1,0,normal_or_low_volatility
2024-04-01,0.020323684289305255,0.015650627977116853,0.017972723967221327,0.02259514075695275,0.018577523734584163,0,1,0,normal_or_low_volatility
2024-04-02,0.020207105035333454,-0.00525002782545314,0.009496014324178115,0.02259514075695275,0.018577523734584163,0,1,0,normal_or_low_volatility
2024-04-03,0.020279401512680626,-0.004255935360578388,0.00727922103567108,0.02259514075695275,0.018577523734584163,0,1,0,normal_or_low_volatility
2024-04-08,0.02044682892462963,-0.008114832995914364,0.007276344325633394,0.02259514075695275,0.018577523734584163,0,1,0,normal_or_low_volatility
2024-04-09,0.02030053253235173,0.0013411977916395834,-0.00027909635096031154,0.02259514075695275,0.018577523734584163,0,1,0,normal_or_low_volatility
2024-04-10,0.01986337178566983,-0.009825420370162425,-0.019922325261956537,0.02259514075695275,0.018577523734584163,0,0,0,normal_or_low_volatility
2024-04-11,0.01919019751419097,0.0024101646165986096,-0.01551041732538894,0.02259514075695275,0.018577523734584163,0,1,0,normal_or_low_volatility
2024-04-12,0.019384304574954096,-0.0038115400186057636,-0.014393363363172179,0.02259514075695275,0.018577523734584163,0,1,0,normal_or_low_volatility
2024-04-15,0.020248387633957254,0.019853876414090334,0.008068218443092464,0.02259514075695275,0.018577523734584163,0,1,0,normal_or_low_volatility
2024-04-16,0.020598038657622605,-0.01706938947832066,-0.01578455198301604,0.02259514075695275,0.018577523734584163,0,1,0,normal_or_low_volatility
2024-04-17,0.02085861807288474,0.021681577525894873,-0.007779734160882623,0.02259514075695275,0.018577523734584163,0,1,0,normal_or_low_volatility
2024-04-18,0.02088117245693107,-0.00014680570307515378,0.00014294611418689027,0.02259514075695275,0.018577523734584163,0,1,0,normal_or_low_volatility
2024-04-19,0.020991594357091473,-0.007510244948448508,-0.009893801563444654,0.02259514075695275,0.018577523734584163,0,1,0,normal_or_low_volatility
2024-04-22,0.02138814863243632,-0.005921167003533331,-0.013812638209859007,0.02259514075695275,0.018577523734584163,0,1,0,normal_or_low_volatility
2024-04-23,0.02158749332134972,-0.008660747303194617,-0.012341061476264558,0.02259514075695275,0.018577523734584163,0,1,0,normal_or_low_volatility
2024-04-24,0.02177982871580658,0.008325551627330171,0.00358668982881301,0.02259514075695275,0.018577523734584163,0,1,0,normal_or_low_volatility
2024-04-25,0.021710622817337415,0.0003942944713235634,0.0011254290678341739,0.02259514075695275,0.018577523734584163,0,1,0,normal_or_low_volatility
2024-04-26,0.022596965692557962,0.019403070035806113,0.03555730582399182,0.02259514075695275,0.018577523734584163,1,0,0,high_volatility_trend_or_normal
2024-04-29,0.02310848010354335,0.012725509068755346,0.038919712082554674,0.02259514075695275,0.018577523734584163,1,0,0,high_volatility_trend_or_normal
2024-04-30,0.023187110769990606,-0.0053392587340340275,0.025880499787235077,0.02259514075695275,0.018577523734584163,1,0,0,high_volatility_trend_or_normal
2024-05-06,0.023120214030747505,0.014549002531526776,0.024778874341645003,0.02259514075695275,0.018577523734584163,1,0,0,high_volatility_trend_or_normal
2024-05-07,0.023067013581560956,-0.0001819748531523933,0.02984692731394575,0.02259514075695275,0.018577523734584163,1,0,0,high_volatility_trend_or_normal
2024-05-08,0.023049908315042326,-0.008480018960000254,0.02562284371452388,0.02259514075695275,0.018577523734584163,1,0,0,high_volatility_trend_or_normal
2024-05-09,0.022839989423486813,0.012279159356487171,0.046016836066925415,0.02259514075695275,0.018577523734584163,1,0,0,high_volatility_trend_or_normal
2024-05-10,0.022756171819263624,0.0007323061361926373,0.04540794441147847,0.02259514075695275,0.018577523734584163,1,0,0,high_volatility_trend_or_normal
2024-05-13,0.022584740823818266,0.0017519605638206387,0.05698532534546154,0.02259514075695275,0.018577523734584163,0,0,0,normal_or_low_volatility
2024-05-14,0.022458085566796786,0.00044695985365446843,0.055022120582517396,0.02259514075695275,0.018577523734584163,0,0,0,normal_or_low_volatility
2024-05-15,0.022435383827051507,-0.009914834405750514,0.04891882619537265,0.02259514075695275,0.018577523734584163,0,0,0,normal_or_low_volatility
2024-05-16,0.021740648841227266,0.0007587781921510482,0.029823727973433356,0.02259514075695275,0.018577523734584163,0,0,0,normal_or_low_volatility
2024-05-17,0.02132054476880045,0.008489780235946556,0.05538289768770058,0.02259514075695275,0.018577523734584163,0,0,0,normal_or_low_volatility
2024-05-20,0.020957611629820166,0.006171284706699224,0.03987260486850493,0.02259514075695275,0.018577523734584163,0,0,0,normal_or_low_volatility
2024-05-21,0.020877860680970098,-0.004286926683420545,0.035732483888159534,0.02259514075695275,0.018577523734584163,0,0,0,normal_or_low_volatility
2024-05-22,0.020727650743109876,0.001824518873608982,0.04506724771021702,0.02259514075695275,0.018577523734584163,0,0,0,normal_or_low_volatility
2024-05-23,0.020625580390464332,-0.013394334108623946,0.03759408060512641,0.02259514075695275,0.018577523734584163,0,0,0,normal_or_low_volatility
2024-05-24,0.020398425362044045,-0.009887358825676564,0.03636746908264446,0.02259514075695275,0.018577523734584163,0,0,0,normal_or_low_volatility
2024-05-27,0.020156795439328898,0.01253411556920451,0.0405760330245188,0.02259514075695275,0.018577523734584163,0,0,0,normal_or_low_volatility
2024-05-28,0.020228067627180265,-0.008437253241417161,0.03174448531177807,0.02259514075695275,0.018577523734584163,0,0,0,normal_or_low_volatility
2024-05-29,0.018806196628015217,0.0018830125841995866,0.01422442786017155,0.02259514075695275,0.018577523734584163,0,1,0,normal_or_low_volatility
2024-05-30,0.01800044662067264,-0.0024734418364210807,-0.0009745230450048767,0.02259514075695275,0.018577523734584163,0,1,0,normal_or_low_volatility
2024-05-31,0.017598956865891184,-0.0022506411901022853,0.002114094498926866,0.02259514075695275,0.018577523734584163,0,1,0,normal_or_low_volatility
2024-06-03,0.017303632726334894,0.002645113063001009,-0.009789794969598902,0.02259514075695275,0.018577523734584163,0,1,0,normal_or_low_volatility
2024-06-04,0.017342026962628324,0.008302151864423573,-0.0013056682520229332,0.02259514075695275,0.018577523734584163,0,1,0,normal_or_low_volatility
2024-06-05,0.0172082461304136,-0.00557385979705514,0.0016004909109221801,0.02259514075695275,0.018577523734584163,0,1,0,normal_or_low_volatility
2024-06-06,0.016983245847945333,-0.001765538301544895,-0.012444206747109885,0.02259514075695275,0.018577523734584163,0,1,0,normal_or_low_volatility
2024-06-07,0.0169339946460327,-0.00249383427001403,-0.01567034715331655,0.02259514075695275,0.018577523734584163,0,1,0,normal_or_low_volatility
2024-06-11,0.017096864716887938,-0.0033031704398149295,-0.020725478156952123,0.02259514075695275,0.018577523734584163,0,0,0,normal_or_low_volatility
2024-06-12,0.017171787391746622,0.003416768660897501,-0.017755669349709086,0.02259514075695275,0.018577523734584163,0,1,0,normal_or_low_volatility
2024-06-13,0.016900993870221096,-0.002331414033530778,-0.010172248977489352,0.02259514075695275,0.018577523734584163,0,1,0,normal_or_low_volatility
2024-06-14,0.017284164813089652,0.003088529124767464,-0.007842498044872935,0.02259514075695275,0.018577523734584163,0,1,0,normal_or_low_volatility
2024-06-17,0.017207464368490254,0.0003790614749213569,-0.015953216805898136,0.02259514075695275,0.018577523734584163,0,1,0,normal_or_low_volatility
2024-06-18,0.017032920359797553,0.005340533237789197,-0.016783968274808162,0.02259514075695275,0.018577523734584163,0,1,0,normal_or_low_volatility
2024-06-19,0.01707801850438115,-0.006157406913173947,-0.018654448504561567,0.02259514075695275,0.018577523734584163,0,0,0,normal_or_low_volatility
2024-06-20,0.016987904513517876,-0.0077888078417572846,-0.02826777521992783,0.02259514075695275,0.018577523734584163,0,0,0,normal_or_low_volatility
2024-06-21,0.01672151699076382,0.0002330016720903204,-0.014640439439213565,0.02259514075695275,0.018577523734584163,0,1,0,normal_or_low_volatility
2024-06-24,0.01681391299878683,-0.011883508275774632,-0.016636588889311632,0.02259514075695275,0.018577523734584163,0,1,0,normal_or_low_volatility
2024-06-25,0.01679974912867565,-0.008220632679786328,-0.03739133713830247,0.02259514075695275,0.018577523734584163,0,0,0,normal_or_low_volatility
2024-06-26,0.017245682952836624,0.011393647016044797,-0.01756043688084051,0.02259514075695275,0.018577523734584163,0,1,0,normal_or_low_volatility
2024-06-27,0.017420231097951502,-0.010268173459251639,-0.02971162292429174,0.02259514075695275,0.018577523734584163,0,0,0,normal_or_low_volatility
2024-06-28,0.01772045373448764,0.005845936220669602,-0.021392244867201055,0.02259514075695275,0.018577523734584163,0,0,0,normal_or_low_volatility
2024-07-01,0.01812639674776444,0.007434372151739005,-0.011707231525359765,0.02259514075695275,0.018577523734584163,0,1,0,normal_or_low_volatility
2024-07-02,0.018055834689748407,-0.007550064577731825,-0.021902409166092596,0.02259514075695275,0.018577523734584163,0,0,0,normal_or_low_volatility
2024-07-03,0.01792527504853339,-0.0038781377152250166,-0.034082698745741186,0.02259514075695275,0.018577523734584163,0,0,0,normal_or_low_volatility
2024-07-04,0.017938994280936812,-0.007923920020188312,-0.03643275896887436,0.02259514075695275,0.018577523734584163,0,0,0,normal_or_low_volatility
2024-07-05,0.018152212331144564,0.0017634875394382736,-0.03290373312789119,0.02259514075695275,0.018577523734584163,0,0,0,normal_or_low_volatility
2024-07-08,0.018395622215263443,-0.01005932245019339,-0.040469221308070555,0.02259514075695275,0.018577523734584163,0,0,0,normal_or_low_volatility
2024-07-09,0.0186203718371302,0.015686877910359286,-0.02147917295789634,0.02259514075695275,0.018577523734584163,0,0,0,normal_or_low_volatility
2024-07-10,0.018910107801386706,-0.002675569641052684,-0.02757151125984652,0.02259514075695275,0.018577523734584163,0,0,0,normal_or_low_volatility
2024-07-11,0.019546990225056567,0.01511273294143417,-0.010127364284881575,0.02259514075695275,0.018577523734584163,0,1,0,normal_or_low_volatility
2024-07-12,0.0193027252721734,-0.002489282461491775,-0.015705175871140814,0.02259514075695275,0.018577523734584163,0,1,0,normal_or_low_volatility
2024-07-15,0.019106008120945237,5.198273667703612e-05,-0.016032254609385132,0.02259514075695275,0.018577523734584163,0,1,0,normal_or_low_volatility
2024-07-16,0.01940818846017133,0.00881996090317558,-0.012552826943998749,0.02259514075695275,0.018577523734584163,0,1,0,normal_or_low_volatility
2024-07-17,0.019855239812005883,-0.002460457730243939,-0.008855877761068743,0.02259514075695275,0.018577523734584163,0,1,0,normal_or_low_volatility
2024-07-18,0.01977463140444034,0.0061351448165522385,0.0050680748972407805,0.02259514075695275,0.018577523734584163,0,1,0,normal_or_low_volatility
2024-07-19,0.02003083663908738,0.0051488855427188045,0.009983958767869266,0.02259514075695275,0.018577523734584163,0,1,0,normal_or_low_volatility
2024-07-22,0.01987192350115706,-0.0035066536120314648,0.01836081343161243,0.02259514075695275,0.018577523734584163,0,1,0,normal_or_low_volatility
2024-07-23,0.020562390808812163,-0.024409859033827964,0.002171587077570796,0.02259514075695275,0.018577523734584163,0,1,0,normal_or_low_volatility
2024-07-24,0.020301046795218596,-0.006764961895464201,-0.0159870218339382,0.02259514075695275,0.018577523734584163,0,1,0,normal_or_low_volatility
2024-07-25,0.02043163182920155,-0.003955409321645367,-0.00967425769633193,0.02259514075695275,0.018577523734584163,0,1,0,normal_or_low_volatility
2024-07-26,0.02042637356553706,0.007727613310744518,-0.007792580606257014,0.02259514075695275,0.018577523734584163,0,1,0,normal_or_low_volatility
2024-07-29,0.020307398520100238,-0.004370707176987307,-0.019597659934983327,0.02259514075695275,0.018577523734584163,0,0,0,normal_or_low_volatility
2024-07-30,0.020166043379140124,-0.00484923405734027,-0.016896829414591773,0.02259514075695275,0.018577523734584163,0,1,0,normal_or_low_volatility
2024-07-31,0.021557721013436473,0.02667484319909889,0.013656151499732138,0.02259514075695275,0.018577523734584163,0,1,0,normal_or_low_volatility
2024-08-01,0.021504778593877106,-0.005172560631337986,0.016407510888582465,0.02259514075695275,0.018577523734584163,0,1,0,normal_or_low_volatility
2024-08-02,0.02155431602658234,-0.011370815199094752,0.003273208150049438,0.02259514075695275,0.018577523734584163,0,1,0,normal_or_low_volatility
2024-08-05,0.02159469828771477,-0.01778996759607381,-0.0044574369958309806,0.02259514075695275,0.018577523734584163,0,1,0,normal_or_low_volatility
2024-08-06,0.0211948856390314,0.005630045633844449,-0.014514269272345816,0.02259514075695275,0.018577523734584163,0,1,0,normal_or_low_volatility
2024-08-07,0.02089701262272782,-0.0006022136028768592,-0.012440913234169994,0.02259514075695275,0.018577523734584163,0,1,0,normal_or_low_volatility
2024-08-08,0.020341513934970492,-0.0008934167510430463,-0.028447062926647212,0.02259514075695275,0.018577523734584163,0,0,0,normal_or_low_volatility
2024-08-09,0.020191041874076346,-0.004212240032346444,-0.03017002049750188,0.02259514075695275,0.018577523734584163,0,0,0,normal_or_low_volatility
2024-08-12,0.020023716843960322,-0.0018100473041096942,-0.03203205053828861,0.02259514075695275,0.018577523734584163,0,0,0,normal_or_low_volatility
2024-08-13,0.019588688168168677,0.004194751748281276,-0.03665725969318292,0.02259514075695275,0.018577523734584163,0,0,0,normal_or_low_volatility
2024-08-14,0.01934933553265234,-0.00916700684157677,-0.04336380880451575,0.02259514075695275,0.018577523734584163,0,0,0,normal_or_low_volatility
2024-08-15,0.01935730757139659,0.00858731715399597,-0.040911636467072014,0.02259514075695275,0.018577523734584163,0,0,0,normal_or_low_volatility
2024-08-16,0.01919673812449593,-0.0002606053317331956,-0.046321127341524014,0.02259514075695275,0.018577523734584163,0,0,0,normal_or_low_volatility
2024-08-19,0.019294256816891696,0.0038146685744180355,-0.038999805155074514,0.02259514075695275,0.018577523734584163,0,0,0,normal_or_low_volatility
2024-08-20,0.0184724513614471,-0.010494825129625693,-0.025084771250872242,0.02259514075695275,0.018577523734584163,0,0,0,normal_or_low_volatility
2024-08-21,0.01836147890512184,-0.0028858532036150934,-0.021205662559023137,0.02259514075695275,0.018577523734584163,0,0,0,normal_or_low_volatility
2024-08-22,0.018212617167728182,-0.006606659007235766,-0.023856912244613535,0.02259514075695275,0.018577523734584163,0,0,0,normal_or_low_volatility
2024-08-23,0.01788133616652079,0.002534193573152406,-0.02905033198220565,0.02259514075695275,0.018577523734584163,0,0,0,normal_or_low_volatility
2024-08-26,0.01775397228228497,-0.0007965064315831596,-0.025476131236801498,0.02259514075695275,0.018577523734584163,0,0,0,normal_or_low_volatility
2024-08-27,0.017751638406426695,-0.008676872779629361,-0.029303769959090592,0.02259514075695275,0.018577523734584163,0,0,0,normal_or_low_volatility
2024-08-28,0.015875363561984303,-0.0026630946714202046,-0.05864170782960968,0.02259514075695275,0.018577523734584163,0,0,0,normal_or_low_volatility
2024-08-29,0.016515524230153733,0.0005672039685027199,-0.052901943229768975,0.02259514075695275,0.018577523734584163,0,0,0,normal_or_low_volatility
2024-08-30,0.01753061187558371,0.01533110909560314,-0.02620001893507109,0.02259514075695275,0.018577523734584163,0,0,0,normal_or_low_volatility
2024-09-02,0.017812922187841716,-0.018771750924383896,-0.02718180226338117,0.02259514075695275,0.018577523734584163,0,0,0,normal_or_low_volatility
2024-09-03,0.017818032354269205,0.004701293352920036,-0.028110554544305583,0.02259514075695275,0.018577523734584163,0,0,0,normal_or_low_volatility
2024-09-04,0.017939053245879744,-0.006405025392874099,-0.03391336633430282,0.02259514075695275,0.018577523734584163,0,0,0,normal_or_low_volatility
2024-09-05,0.017952893638060068,0.002832084137771553,-0.03018786544548822,0.02259514075695275,0.018577523734584163,0,0,0,normal_or_low_volatility
2024-09-06,0.017995403973320043,-0.010139428172139938,-0.03611505358528172,0.02259514075695275,0.018577523734584163,0,0,0,normal_or_low_volatility
2024-09-09,0.018131152741868602,-0.009865446861799472,-0.044170453142971494,0.02259514075695275,0.018577523734584163,0,0,0,normal_or_low_volatility
2024-09-10,0.018221191959636514,0.001354382643628106,-0.047010822247624665,0.02259514075695275,0.018577523734584163,0,0,0,normal_or_low_volatility
2024-09-11,0.01845047367020444,-0.0017983200351817305,-0.039642135441229624,0.02259514075695275,0.018577523734584163,0,0,0,normal_or_low_volatility
2024-09-12,0.018395578100446126,-0.0036507989353383023,-0.0518802515305639,0.02259514075695275,0.018577523734584163,0,0,0,normal_or_low_volatility
2024-09-13,0.01841608743138528,-0.004008504995971615,-0.055628151194802314,0.02259514075695275,0.018577523734584163,0,0,0,normal_or_low_volatility
2024-09-18,0.018477123252192296,0.003952937770965019,-0.05548988199825533,0.02259514075695275,0.018577523734584163,0,0,0,normal_or_low_volatility
2024-09-19,0.018880820460246733,0.009163532245832015,-0.03583152462279762,0.02259514075695275,0.018577523734584163,0,0,0,normal_or_low_volatility
2024-09-20,0.01892548416387417,0.0010701723320472754,-0.03187549908713526,0.02259514075695275,0.018577523734584163,0,0,0,normal_or_low_volatility
2024-09-23,0.018787986187424176,0.0019947655679838105,-0.02327407451191568,0.02259514075695275,0.018577523734584163,0,0,0,normal_or_low_volatility
2024-09-24,0.021424803156396374,0.04091429224467806,0.015106024159609977,0.02259514075695275,0.018577523734584163,0,1,0,normal_or_low_volatility
2024-09-25,0.02170559301060264,0.011825847294804976,0.02772837788599811,0.02259514075695275,0.018577523734584163,0,0,0,normal_or_low_volatility
2024-09-26,0.023495752174831387,0.04010422362992473,0.0765094742955522,0.02259514075695275,0.018577523734584163,1,0,0,high_volatility_trend_or_normal
2024-09-27,0.026250607228037702,0.04906337267937426,0.12823594164634666,0.02259514075695275,0.018577523734584163,1,0,0,high_volatility_trend_or_normal
2024-09-30,0.03287646359359408,0.09488303688109691,0.22255177455894087,0.02259514075695275,0.018577523734584163,1,0,0,high_volatility_trend_or_normal
2024-10-08,0.03607313867897605,0.06594028758538824,0.27316095304872595,0.02259514075695275,0.018577523734584163,1,0,0,high_volatility_trend_or_normal
2024-10-09,0.04101666335697395,-0.0707407893949634,0.22119191457814644,0.02259514075695275,0.018577523734584163,1,0,0,high_volatility_trend_or_normal
2024-10-10,0.04212495011810436,0.0071614521753863075,0.22365207340061272,0.02259514075695275,0.018577523734584163,1,0,0,high_volatility_trend_or_normal
2024-10-11,0.04329149198499304,-0.02927737897043939,0.20077971982304743,0.02259514075695275,0.018577523734584163,1,0,0,high_volatility_trend_or_normal
2024-10-14,0.04361323399638249,0.021055806810875453,0.21900344249615133,0.02259514075695275,0.018577523734584163,1,0,0,high_volatility_trend_or_normal
2024-10-15,0.044233575208850025,-0.02522693675669937,0.2039159339115919,0.02259514075695275,0.018577523734584163,1,0,0,high_volatility_trend_or_normal
2024-10-16,0.04435973285429344,-0.007375707040166731,0.20640567373322463,0.02259514075695275,0.018577523734584163,1,0,0,high_volatility_trend_or_normal
2024-10-17,0.044666523267212654,-0.008726675970380978,0.19632461511921556,0.02259514075695275,0.018577523734584163,1,0,0,high_volatility_trend_or_normal
2024-10-18,0.0449963352429519,0.037650048902063596,0.23577298405646088,0.02259514075695275,0.018577523734584163,1,0,0,high_volatility_trend_or_normal
2024-10-21,0.045052226894542025,0.006559794801238961,0.24598357779303814,0.02259514075695275,0.018577523734584163,1,0,0,high_volatility_trend_or_normal
2024-10-22,0.045036133221927975,0.006984093425318773,0.25697617621432856,0.02259514075695275,0.018577523734584163,1,0,0,high_volatility_trend_or_normal
2024-10-23,0.04510866875951351,0.0036358883851391626,0.2566591268285027,0.02259514075695275,0.018577523734584163,1,0,0,high_volatility_trend_or_normal
2024-10-24,0.0453695035030945,-0.010439458866300448,0.23705613571637021,0.02259514075695275,0.018577523734584163,1,0,0,high_volatility_trend_or_normal
2024-10-25,0.04548849459494277,0.008103529058003016,0.24408949244232597,0.02259514075695275,0.018577523734584163,1,0,0,high_volatility_trend_or_normal
2024-10-28,0.04551548216298664,0.004227432548642214,0.24632215942298438,0.02259514075695275,0.018577523734584163,1,0,0,high_volatility_trend_or_normal
2024-10-29,0.0451484655975332,-0.011566141084030418,0.19384172609427588,0.02259514075695275,0.018577523734584163,1,0,0,high_volatility_trend_or_normal
2024-10-30,0.04526901897957168,-0.006833866847828222,0.1751820119516427,0.02259514075695275,0.018577523734584163,1,0,0,high_volatility_trend_or_normal
2024-10-31,0.04457496063520376,0.002306669534738931,0.1373844578564569,0.02259514075695275,0.018577523734584163,1,0,0,high_volatility_trend_or_normal
2024-11-01,0.04338622886171427,-0.0034607121021402163,0.0848603730749424,0.02259514075695275,0.018577523734584163,1,0,0,high_volatility_trend_or_normal
2024-11-04,0.03787238037801342,0.015110450940511036,0.005087787134356536,0.02259514075695275,0.018577523734584163,1,1,1,high_volatility_range
2024-11-05,0.033879042399079635,0.027355950764546954,-0.033496549686484745,0.02259514075695275,0.018577523734584163,1,0,0,high_volatility_trend_or_normal
2024-11-06,0.02808553330787771,-0.001429621836093597,0.035814617872385046,0.02259514075695275,0.018577523734584163,1,0,0,high_volatility_trend_or_normal
2024-11-07,0.027780750312190967,0.02572698209496936,0.054380147791968106,0.02259514075695275,0.018577523734584163,1,0,0,high_volatility_trend_or_normal
2024-11-08,0.02658167260178011,-0.006266852997239223,0.07739067376516827,0.02259514075695275,0.018577523734584163,1,0,0,high_volatility_trend_or_normal
2024-11-11,0.026508573730209012,0.00987497999366382,0.06620984694795663,0.02259514075695275,0.018577523734584163,1,0,0,high_volatility_trend_or_normal
2024-11-12,0.02593631728191414,-0.010845599390587279,0.08059118431406873,0.02259514075695275,0.018577523734584163,1,0,0,high_volatility_trend_or_normal
2024-11-13,0.025622626422192936,0.0073269144576419976,0.09529380581187745,0.02259514075695275,0.018577523734584163,1,0,0,high_volatility_trend_or_normal
2024-11-14,0.025995064746351458,-0.020729824202579714,0.08329065757967871,0.02259514075695275,0.018577523734584163,1,0,0,high_volatility_trend_or_normal
2024-11-15,0.025027557255261512,-0.01743388755913354,0.028206721118481583,0.02259514075695275,0.018577523734584163,1,0,0,high_volatility_trend_or_normal
2024-11-18,0.025302667948161314,-0.00944064042983402,0.012206285887408602,0.02259514075695275,0.018577523734584163,1,1,1,high_volatility_range
2024-11-19,0.02534453972839265,0.010173444012546268,0.015395636474636099,0.02259514075695275,0.018577523734584163,1,1,1,high_volatility_range
2024-11-20,0.02517597699364399,0.0044790570080644465,0.01623880509756138,0.02259514075695275,0.018577523734584163,1,1,1,high_volatility_range
2024-11-21,0.024942204122459503,0.00034762277424457775,0.02702588673810641,0.02259514075695275,0.018577523734584163,1,0,0,high_volatility_trend_or_normal
2024-11-22,0.02556503497501256,-0.031257375512835577,-0.012335017832732185,0.02259514075695275,0.018577523734584163,1,1,1,high_volatility_range
2024-11-25,0.0254523713526402,-0.0037667287480765937,-0.020329179129450994,0.02259514075695275,0.018577523734584163,1,0,0,high_volatility_trend_or_normal
2024-11-26,0.025268229565124384,-0.0032072201551052453,-0.01197025820052582,0.02259514075695275,0.018577523734584163,1,1,1,high_volatility_range
2024-11-27,0.025461153336768176,0.020119042768238758,0.01498265141554116,0.02259514075695275,0.018577523734584163,1,1,1,high_volatility_range
2024-11-28,0.025056504635650553,-0.00862357295387147,0.00405240892693076,0.02259514075695275,0.018577523734584163,1,1,1,high_volatility_range
2024-11-29,0.024687708849124457,0.013577742561658154,0.02109086359072913,0.02259514075695275,0.018577523734584163,1,0,0,high_volatility_trend_or_normal
2024-12-02,0.024729194728768788,0.011582304355935982,0.017562717006154076,0.02259514075695275,0.018577523734584163,1,1,1,high_volatility_range
2024-12-03,0.023831862332810184,0.0005811408695985294,-0.009212092888794349,0.02259514075695275,0.018577523734584163,1,1,1,high_volatility_range
2024-12-04,0.023698553012195964,-0.006450557201754713,-0.014233028254455465,0.02259514075695275,0.018577523734584163,1,1,1,high_volatility_range
2024-12-05,0.021974610719830347,-0.00034323977733094843,-0.04030325012675577,0.02259514075695275,0.018577523734584163,0,0,0,normal_or_low_volatility
2024-12-06,0.02185734129599723,0.011610711701147466,-0.022425685428369084,0.02259514075695275,0.018577523734584163,0,0,0,normal_or_low_volatility
2024-12-09,0.020901993052925918,-0.00158807888195063,-0.03388874430398354,0.02259514075695275,0.018577523734584163,0,0,0,normal_or_low_volatility
2024-12-10,0.020712356245042703,0.004902062630607607,-0.01814108228278865,0.02259514075695275,0.018577523734584163,0,1,0,normal_or_low_volatility
2024-12-11,0.02065739912356922,0.001789302894903253,-0.023678693845527392,0.02259514075695275,0.018577523734584163,0,0,0,normal_or_low_volatility
2024-12-12,0.0201035940391856,0.008194663435408978,0.005245793792461295,0.02259514075695275,0.018577523734584163,0,1,0,normal_or_low_volatility
2024-12-13,0.02009823260184141,-0.02096610224612865,0.0017135791054661877,0.02259514075695275,0.018577523734584163,0,1,0,normal_or_low_volatility
2024-12-16,0.019614483635662944,-0.007170343258051848,0.003983876277248359,0.02259514075695275,0.018577523734584163,0,1,0,normal_or_low_volatility
2024-12-17,0.01914862738668894,-0.0012329648109233706,-0.00742253254622128,0.02259514075695275,0.018577523734584163,0,1,0,normal_or_low_volatility
2024-12-18,0.019113316401374515,0.004779686234741814,-0.007121903319543912,0.02259514075695275,0.018577523734584163,0,1,0,normal_or_low_volatility
2024-12-19,0.01937598676793027,0.0019899878656313404,-0.00547953822815715,0.02259514075695275,0.018577523734584163,0,1,0,normal_or_low_volatility
2024-12-20,0.01787443590264675,-0.0023272592652607217,0.023450578019417703,0.02259514075695275,0.018577523734584163,0,0,0,normal_or_low_volatility
2024-12-23,0.017938835111403716,-0.0026438127485812575,0.02457349401891304,0.02259514075695275,0.018577523734584163,0,0,0,normal_or_low_volatility
2024-12-24,0.018002074062253317,0.012546083888695598,0.04032679806271388,0.02259514075695275,0.018577523734584163,0,0,0,normal_or_low_volatility
2024-12-25,0.01754291989847368,-0.0005821883157338799,0.019625566978741245,0.02259514075695275,0.018577523734584163,0,0,0,normal_or_low_volatility
2024-12-26,0.017697329846494754,0.0029820398569720672,0.03123117978958478,0.02259514075695275,0.018577523734584163,0,0,0,normal_or_low_volatility
2024-12-27,0.01745332057586294,-0.000848226330690532,0.016805210897236092,0.02259514075695275,0.018577523734584163,0,1,0,normal_or_low_volatility
2024-12-30,0.01708361379855787,0.00301332531933304,0.008236231860633152,0.02259514075695275,0.018577523734584163,0,1,0,normal_or_low_volatility
2024-12-31,0.017683549806707322,-0.018643415920075908,-0.010988324929041286,0.02259514075695275,0.018577523734584163,0,1,0,normal_or_low_volatility
2025-01-02,0.01901122462802687,-0.0302298425092983,-0.034767610236584874,0.02259514075695275,0.018577523734584163,0,0,0,normal_or_low_volatility
2025-01-03,0.01923966162965215,-0.014160860678468137,-0.04858523113772206,0.02259514075695275,0.018577523734584163,0,0,0,normal_or_low_volatility
2025-01-06,0.01893941494136781,-0.000667388124214613,-0.06086333096308414,0.02259514075695275,0.018577523734584163,0,0,0,normal_or_low_volatility
2025-01-07,0.019248477336341854,0.009213433560298415,-0.05006181852083509,0.02259514075695275,0.018577523734584163,0,0,0,normal_or_low_volatility
2025-01-08,0.01918472764758333,-0.0008493381763259009,-0.0558132193277686,0.02259514075695275,0.018577523734584163,0,0,0,normal_or_low_volatility
2025-01-09,0.019205692875170818,-0.002204710728892834,-0.05980723295156469,0.02259514075695275,0.018577523734584163,0,0,0,normal_or_low_volatility
2025-01-10,0.019199404998873182,-0.014512420628129614,-0.08251431701510328,0.02259514075695275,0.018577523734584163,0,0,0,normal_or_low_volatility
2025-01-13,0.018850024216437188,-0.0014507804873412967,-0.06299899525631593,0.02259514075695275,0.018577523734584163,0,0,0,normal_or_low_volatility
2025-01-14,0.020163364533570885,0.029172660263706924,-0.02665599173455716,0.02259514075695275,0.018577523734584163,0,0,0,normal_or_low_volatility
2025-01-15,0.020215816812996647,-0.007186830850250445,-0.03260985777388423,0.02259514075695275,0.018577523734584163,0,0,0,normal_or_low_volatility
2025-01-16,0.02047275423011862,0.0038522582171176775,-0.033537285791508366,0.02259514075695275,0.018577523734584163,0,0,0,normal_or_low_volatility
2025-01-17,0.02047931969284049,0.0057087287330909245,-0.029818544924048784,0.02259514075695275,0.018577523734584163,0,0,0,normal_or_low_volatility
2025-01-20,0.020582623804798552,0.0017709105519713231,-0.02572037510681674,0.02259514075695275,0.018577523734584163,0,0,0,normal_or_low_volatility
2025-01-21,0.020445476299650614,0.0006662119659489974,-0.022410350392286484,0.02259514075695275,0.018577523734584163,0,0,0,normal_or_low_volatility
2025-01-22,0.020384574892935953,-0.005199128390730058,-0.040155562671712136,0.02259514075695275,0.018577523734584163,0,0,0,normal_or_low_volatility
2025-01-23,0.02047088097583254,0.0014667601580120619,-0.0381066141979662,0.02259514075695275,0.018577523734584163,0,0,0,normal_or_low_volatility
2025-01-24,0.02049805831041123,0.008697797655227116,-0.03239085639971115,0.02259514075695275,0.018577523734584163,0,0,0,normal_or_low_volatility
2025-01-27,0.020748450759148346,-0.004057838800456871,-0.035600468869477486,0.02259514075695275,0.018577523734584163,0,0,0,normal_or_low_volatility
2025-02-05,0.021850587543760954,-0.0032094618028313507,-0.041823255991641876,0.02259514075695275,0.018577523734584163,0,0,0,normal_or_low_volatility
2025-02-06,0.021904363043212468,0.015116241360783987,-0.008063598710781985,0.02259514075695275,0.018577523734584163,0,1,0,normal_or_low_volatility
2025-02-07,0.020806764232211273,0.012928951613925122,0.03509519541244144,0.02259514075695275,0.018577523734584163,0,0,0,normal_or_low_volatility
2025-02-10,0.02038622809721525,0.0034747107386104456,0.05273076682952002,0.02259514075695275,0.018577523734584163,0,0,0,normal_or_low_volatility
2025-02-11,0.02050818157916839,-0.0038619609336302384,0.049536194020104396,0.02259514075695275,0.018577523734584163,0,0,0,normal_or_low_volatility
2025-02-12,0.02053943058300611,0.009259234480605887,0.049581994940411864,0.02259514075695275,0.018577523734584163,0,0,0,normal_or_low_volatility
2025-02-13,0.020593814419927633,-0.006317024763801945,0.044114308352935824,0.02259514075695275,0.018577523734584163,0,0,0,normal_or_low_volatility
2025-02-14,0.020501187847445767,0.007759899221105978,0.05407891830293463,0.02259514075695275,0.018577523734584163,0,0,0,normal_or_low_volatility
2025-02-17,0.020322610107509256,0.002671138455957161,0.0712624773870214,0.02259514075695275,0.018577523734584163,0,0,0,normal_or_low_volatility
2025-02-18,0.024040400080552058,0.0030476617943773973,0.0757609196687401,0.02259514075695275,0.018577523734584163,1,0,0,high_volatility_trend_or_normal
2025-02-19,0.023112663515784924,0.008545564012716654,0.05513382341774983,0.02259514075695275,0.018577523734584163,1,0,0,high_volatility_trend_or_normal
2025-02-20,0.023082318255421258,-0.0011213437485003152,0.061199310519499964,0.02259514075695275,0.018577523734584163,1,0,0,high_volatility_trend_or_normal
2025-02-21,0.023440116244564824,0.0110805065249677,0.06842755882735,0.02259514075695275,0.018577523734584163,1,0,0,high_volatility_trend_or_normal
2025-02-24,0.023607204715280387,0.0001836640225121133,0.06290249411677117,0.02259514075695275,0.018577523734584163,1,0,0,high_volatility_trend_or_normal
2025-02-25,0.023736920322203835,-0.010565996007067504,0.05056558755773235,0.02259514075695275,0.018577523734584163,1,0,0,high_volatility_trend_or_normal
2025-02-26,0.02383299280662388,0.010195398272855887,0.06009477386463923,0.02259514075695275,0.018577523734584163,1,0,0,high_volatility_trend_or_normal
2025-02-27,0.023854484758227733,0.00018155792851231995,0.06547546018388162,0.02259514075695275,0.018577523734584163,1,0,0,high_volatility_trend_or_normal
2025-02-28,0.024507878995612187,-0.020879176391217454,0.043129523634652105,0.02259514075695275,0.018577523734584163,1,0,0,high_volatility_trend_or_normal
2025-03-03,0.024587050388046882,0.0010175705414603583,0.03544929652088534,0.02259514075695275,0.018577523734584163,1,0,0,high_volatility_trend_or_normal
2025-03-04,0.02429333850277159,0.00260111135967544,0.04210824668101765,0.02259514075695275,0.018577523734584163,1,0,0,high_volatility_trend_or_normal
2025-03-05,0.023271357012767478,0.0033010129848539877,0.04861872146870299,0.02259514075695275,0.018577523734584163,1,0,0,high_volatility_trend_or_normal
2025-03-06,0.023155998840471325,0.012011347099292517,0.04551382720721152,0.02259514075695275,0.018577523734584163,1,0,0,high_volatility_trend_or_normal
2025-03-07,0.022949298105511225,-0.003935396781090184,0.028649478812196216,0.02259514075695275,0.018577523734584163,1,0,0,high_volatility_trend_or_normal
2025-03-10,0.02296180338173974,-0.0018608229609995517,0.023313945112586217,0.02259514075695275,0.018577523734584163,1,0,0,high_volatility_trend_or_normal
2025-03-11,0.02284097836320439,0.003954844409818003,0.03113075045603446,0.02259514075695275,0.018577523734584163,1,0,0,high_volatility_trend_or_normal
2025-03-12,0.022648530766687124,-0.0033464234268602276,0.018525092548568347,0.02259514075695275,0.018577523734584163,1,1,1,high_volatility_range
2025-03-13,0.0224964422948531,-0.00457294163388664,0.02026917567848365,0.02259514075695275,0.018577523734584163,0,0,0,normal_or_low_volatility
2025-03-14,0.023057756830126692,0.01980194990992676,0.032311226367304435,0.02259514075695275,0.018577523734584163,1,0,0,high_volatility_trend_or_normal
2025-03-17,0.02271192940070962,-0.0005972329191959506,0.02904285499215132,0.02259514075695275,0.018577523734584163,1,0,0,high_volatility_trend_or_normal
2025-03-18,0.018944875800654605,0.0029049162542061874,0.02890010945198011,0.02259514075695275,0.018577523734584163,0,0,0,normal_or_low_volatility
2025-03-19,0.01873029230189447,-0.004024073752134321,0.016330471687129137,0.02259514075695275,0.018577523734584163,0,1,0,normal_or_low_volatility
2025-03-20,0.018630710879758962,-0.006032218835886579,0.01141959659974287,0.02259514075695275,0.018577523734584163,0,1,0,normal_or_low_volatility
2025-03-21,0.01805311811832294,-0.012564740998821981,-0.012225650924046809,0.02259514075695275,0.018577523734584163,0,1,0,normal_or_low_volatility
2025-03-24,0.017820870180290934,0.003208809742512602,-0.009200505204046321,0.02259514075695275,0.018577523734584163,0,1,0,normal_or_low_volatility
2025-03-25,0.0177386820337423,-0.0006384410686504024,0.000727049734370781,0.02259514075695275,0.018577523734584163,0,1,0,normal_or_low_volatility
2025-03-26,0.017426354783335693,-0.0017581414750571429,-0.011226490013542248,0.02259514075695275,0.018577523734584163,0,1,0,normal_or_low_volatility
2025-03-27,0.017321760441484348,0.001579920818774556,-0.009828127123280012,0.02259514075695275,0.018577523734584163,0,1,0,normal_or_low_volatility
2025-03-28,0.01640737919898756,-0.004667843139366604,0.006383206128570838,0.02259514075695275,0.018577523734584163,0,1,0,normal_or_low_volatility
2025-03-31,0.016445918530385777,-0.007842468929378258,-0.0024768333422677787,0.02259514075695275,0.018577523734584163,0,1,0,normal_or_low_volatility
2025-04-01,0.01652703687258646,0.004423516083335279,-0.0006544286186079395,0.02259514075695275,0.018577523734584163,0,1,0,normal_or_low_volatility
2025-04-02,0.01644491254729739,-0.0009298996452108783,-0.004885341248672805,0.02259514075695275,0.018577523734584163,0,1,0,normal_or_low_volatility
2025-04-03,0.016406538158803295,-0.007425437895783469,-0.02432212624374879,0.02259514075695275,0.018577523734584163,0,0,0,normal_or_low_volatility
2025-04-07,0.024012715020357164,-0.07623520896005648,-0.09662193842271509,0.02259514075695275,0.018577523734584163,1,0,0,high_volatility_trend_or_normal
2025-04-08,0.025361614388148317,0.014697164532970904,-0.08006395092874463,0.02259514075695275,0.018577523734584163,1,0,0,high_volatility_trend_or_normal
2025-04-09,0.026097116183271006,0.015770038951092972,-0.06824875638746966,0.02259514075695275,0.018577523734584163,1,0,0,high_volatility_trend_or_normal
2025-04-10,0.026705544650369742,0.015743368796220514,-0.049158964164388926,0.02259514075695275,0.018577523734584163,1,0,0,high_volatility_trend_or_normal
2025-04-11,0.027003192019206767,0.003211117578868367,-0.041374904951633915,0.02259514075695275,0.018577523734584163,1,0,0,high_volatility_trend_or_normal
2025-04-14,0.02638170767956424,0.003991631592001785,-0.05718522326955889,0.02259514075695275,0.018577523734584163,1,0,0,high_volatility_trend_or_normal
2025-04-15,0.026363817122429082,-0.002814500859433839,-0.05940249120979678,0.02259514075695275,0.018577523734584163,1,0,0,high_volatility_trend_or_normal
2025-04-16,0.026358632798756578,0.0015396347683106345,-0.060767772695692335,0.02259514075695275,0.018577523734584163,1,0,0,high_volatility_trend_or_normal
2025-04-17,0.026291514511468807,-0.0011107880361357354,-0.057854486979693746,0.02259514075695275,0.018577523734584163,1,0,0,high_volatility_trend_or_normal
2025-04-18,0.026338970335080838,0.0007921678185005171,-0.051030100325306645,0.02259514075695275,0.018577523734584163,1,0,0,high_volatility_trend_or_normal
2025-04-21,0.026463375406620856,0.006242463895175495,-0.03222289543130917,0.02259514075695275,0.018577523734584163,1,0,0,high_volatility_trend_or_normal
2025-04-22,0.026434963793137346,-0.0019975220896123456,-0.03742922726343412,0.02259514075695275,0.018577523734584163,1,0,0,high_volatility_trend_or_normal
2025-04-23,0.026534284903349623,0.0009212280077106451,-0.03586955818707307,0.02259514075695275,0.018577523734584163,1,0,0,high_volatility_trend_or_normal
2025-04-24,0.02660966017571358,-0.0032580930536974034,-0.03736950976571333,0.02259514075695275,0.018577523734584163,1,0,0,high_volatility_trend_or_normal
2025-04-25,0.026625324996948783,0.0024186777195266095,-0.03653075286496128,0.02259514075695275,0.018577523734584163,1,0,0,high_volatility_trend_or_normal
2025-04-28,0.026677128556421723,-0.003423102281919798,-0.035286012007514474,0.02259514075695275,0.018577523734584163,1,0,0,high_volatility_trend_or_normal
2025-04-29,0.026623255594456,-0.002836014634419584,-0.030279557712555798,0.02259514075695275,0.018577523734584163,1,0,0,high_volatility_trend_or_normal
2025-04-30,0.02665331363817554,0.0014581387371590381,-0.033244935058732036,0.02259514075695275,0.018577523734584163,1,0,0,high_volatility_trend_or_normal
2025-05-06,0.026987398204172505,0.014333481619091374,-0.017981553794429787,0.02259514075695275,0.018577523734584163,1,1,1,high_volatility_range
2025-05-07,0.026751023595709363,0.005051087016147263,-0.005505028882499055,0.02259514075695275,0.018577523734584163,1,1,1,high_volatility_range
2025-05-08,0.01877095619841113,0.0046529518007686135,0.07538313187832604,0.02259514075695275,0.018577523734584163,0,0,0,normal_or_low_volatility
2025-05-09,0.017165110834871263,-0.005301294972111935,0.055384672373243196,0.02259514075695275,0.018577523734584163,0,0,0,normal_or_low_volatility
2025-05-12,0.01667851218949425,0.01346041992753763,0.05307505334968785,0.02259514075695275,0.018577523734584163,0,0,0,normal_or_low_volatility
2025-05-13,0.016156752669587753,0.0010288842974288828,0.03836056885089622,0.02259514075695275,0.018577523734584163,0,0,0,normal_or_low_volatility
2025-05-14,0.01618157739977126,0.009235860434504597,0.04438531170653245,0.02259514075695275,0.018577523734584163,0,0,0,normal_or_low_volatility
2025-05-15,0.016385660262957808,-0.011501902547170826,0.02889177756735984,0.02259514075695275,0.018577523734584163,0,0,0,normal_or_low_volatility
2025-05-16,0.01629729068772332,-0.0033177402562084295,0.028388538170585252,0.02259514075695275,0.018577523734584163,0,0,0,normal_or_low_volatility
2025-05-19,0.0160511759008047,-0.0014473599398454253,0.02540154346242919,0.02259514075695275,0.018577523734584163,0,0,0,normal_or_low_volatility
2025-05-20,0.01609019630829858,0.004136083896848507,0.030648415395413433,0.02259514075695275,0.018577523734584163,0,0,0,normal_or_low_volatility
2025-05-21,0.016134365221862356,0.00346797200433848,0.033324219581251396,0.02259514075695275,0.018577523734584163,0,0,0,normal_or_low_volatility
2025-05-22,0.015901533576701016,-0.002203450887789989,0.02487830479828591,0.02259514075695275,0.018577523734584163,0,0,0,normal_or_low_volatility
2025-05-23,0.015934162456019245,-0.008539275654113847,0.018336551233784408,0.02259514075695275,0.018577523734584163,0,1,0,normal_or_low_volatility
2025-05-26,0.015842428753399317,-0.001560635912539503,0.015854687313534264,0.02259514075695275,0.018577523734584163,0,1,0,normal_or_low_volatility
2025-05-27,0.015779533938174776,-0.00514137480742457,0.013971405559807094,0.02259514075695275,0.018577523734584163,0,1,0,normal_or_low_volatility
2025-05-28,0.015712237607154456,-0.0009181652530949504,0.010634562587185536,0.02259514075695275,0.018577523734584163,0,1,0,normal_or_low_volatility
2025-05-29,0.015808928436039368,0.010122544670397849,0.024180209539503183,0.02259514075695275,0.018577523734584163,0,0,0,normal_or_low_volatility
2025-05-30,0.01568472332605136,-0.004436811445541131,0.022579412728381636,0.02259514075695275,0.018577523734584163,0,0,0,normal_or_low_volatility
2025-06-03,0.015536908426266436,0.002796928599521361,0.02391820259074396,0.02259514075695275,0.018577523734584163,0,0,0,normal_or_low_volatility
2025-06-04,0.01506089525170658,0.0064214459212597694,0.016006166892912354,0.02259514075695275,0.018577523734584163,0,1,0,normal_or_low_volatility
2025-06-05,0.015202551396499514,0.0038320573768114412,0.014787137253576534,0.02259514075695275,0.018577523734584163,0,1,0,normal_or_low_volatility
2025-06-06,0.01508760704515517,0.00042578966358333546,0.010559975116391255,0.02259514075695275,0.018577523734584163,0,1,0,normal_or_low_volatility
2025-06-09,0.01511101496429478,0.006514012876571295,0.022375282965074485,0.02259514075695275,0.018577523734584163,0,0,0,normal_or_low_volatility
2025-06-10,0.014571422563112241,-0.0069160310271798335,0.0019988320103570207,0.02259514075695275,0.018577523734584163,0,1,0,normal_or_low_volatility
2025-06-11,0.01457006841995782,0.006713736688448118,0.007683684401376256,0.02259514075695275,0.018577523734584163,0,1,0,normal_or_low_volatility
2025-06-12,0.01413746057516594,0.0008714614755365236,-0.0006807145575918182,0.02259514075695275,0.018577523734584163,0,1,0,normal_or_low_volatility
2025-06-13,0.014180471708350026,-0.0059178649335691145,0.004903323056009892,0.02259514075695275,0.018577523734584163,0,1,0,normal_or_low_volatility
2025-06-16,0.014423350886457678,0.002400234616914701,0.010621297929133022,0.02259514075695275,0.018577523734584163,0,1,0,normal_or_low_volatility
2025-06-17,0.014432946080943995,-0.0004614976539811007,0.011607160214997348,0.02259514075695275,0.018577523734584163,0,1,0,normal_or_low_volatility
2025-06-18,0.014494790521200373,0.0017778416149293779,0.009248917933078218,0.02259514075695275,0.018577523734584163,0,1,0,normal_or_low_volatility
2025-06-19,0.01456404480530017,-0.01008912537892581,-0.004308179450186072,0.02259514075695275,0.018577523734584163,0,1,0,normal_or_low_volatility
2025-06-20,0.014543706013350359,-0.0012446430887159971,-0.0033493716511120803,0.02259514075695275,0.018577523734584163,0,1,0,normal_or_low_volatility
2025-06-23,0.01450172654769581,0.003766591150602451,0.008956495153604218,0.02259514075695275,0.018577523734584163,0,1,0,normal_or_low_volatility
2025-06-24,0.014944079939518892,0.011760539449564731,0.022277670515708455,0.02259514075695275,0.018577523734584163,0,0,0,normal_or_low_volatility
2025-06-25,0.015294918490608047,0.0143466748989354,0.041765720222068425,0.02259514075695275,0.018577523734584163,0,0,0,normal_or_low_volatility
2025-06-26,0.015308403024375033,-0.0027958052739180876,0.03988808020124529,0.02259514075695275,0.018577523734584163,0,0,0,normal_or_low_volatility
2025-06-27,0.015409544277229657,-0.00035975017611190657,0.02940578535473553,0.02259514075695275,0.018577523734584163,0,0,0,normal_or_low_volatility
2025-06-30,0.015405723109677643,0.006328371093774848,0.04017096789405151,0.02259514075695275,0.018577523734584163,0,0,0,normal_or_low_volatility
2025-07-01,0.015225483727850271,0.0008405862051543161,0.03821462549968446,0.02259514075695275,0.018577523734584163,0,0,0,normal_or_low_volatility
2025-07-02,0.015528057425315447,-7.334132610248866e-05,0.031719838252322205,0.02259514075695275,0.018577523734584163,0,0,0,normal_or_low_volatility
2025-07-03,0.015565530524071142,0.006757063253065323,0.03464484412857609,0.02259514075695275,0.018577523734584163,0,0,0,normal_or_low_volatility
2025-07-04,0.015632049059570226,0.0005005874128846766,0.034719641877877426,0.02259514075695275,0.018577523734584163,0,0,0,normal_or_low_volatility
2025-07-07,0.015550488527238197,-0.0028743525245359634,0.02533127647677017,0.02259514075695275,0.018577523734584163,0,0,0,normal_or_low_volatility
2025-07-08,0.01570818360542211,0.01135361346235133,0.04360092096630133,0.02259514075695275,0.018577523734584163,0,0,0,normal_or_low_volatility
2025-07-09,0.015711794134612853,-0.003080742477021692,0.033806441800831526,0.02259514075695275,0.018577523734584163,0,0,0,normal_or_low_volatility
2025-07-10,0.015829208713915438,0.0039422342499020125,0.03687721457519701,0.02259514075695275,0.018577523734584163,0,0,0,normal_or_low_volatility
2025-07-11,0.01575830474954449,0.003237816081332506,0.046032895590098634,0.02259514075695275,0.018577523734584163,0,0,0,normal_or_low_volatility
2025-07-14,0.015732131658956074,0.002214260747477974,0.045846921720661904,0.02259514075695275,0.018577523734584163,0,0,0,normal_or_low_volatility
2025-07-15,0.01617484142886879,0.0010860364155222358,0.047394455790165234,0.02259514075695275,0.018577523734584163,0,0,0,normal_or_low_volatility
2025-07-16,0.016064428094619772,-0.0021083049038277167,0.04350830927140815,0.02259514075695275,0.018577523734584163,0,0,0,normal_or_low_volatility
2025-07-17,0.015983533065580282,0.009020576796798527,0.06261801144713247,0.02259514075695275,0.018577523734584163,0,0,0,normal_or_low_volatility
2025-07-18,0.01602842325331689,0.005751798948811699,0.06961445348466018,0.02259514075695275,0.018577523734584163,0,0,0,normal_or_low_volatility
2025-07-21,0.01651065627058525,0.010392339384717376,0.0762402017187751,0.02259514075695275,0.018577523734584163,0,0,0,normal_or_low_volatility
2025-07-22,0.01679519008997437,0.010646694869090484,0.07512635713830085,0.02259514075695275,0.018577523734584163,0,0,0,normal_or_low_volatility
2025-07-23,0.016593989255765915,-0.002217077588751679,0.058562604650613775,0.02259514075695275,0.018577523734584163,0,0,0,normal_or_low_volatility
2025-07-24,0.017062964063668723,0.011252197454226707,0.07261060737875857,0.02259514075695275,0.018577523734584163,0,0,0,normal_or_low_volatility
2025-07-25,0.01712783288152027,-0.003854403434060091,0.06911595412081038,0.02259514075695275,0.018577523734584163,0,0,0,normal_or_low_volatility
2025-07-28,0.01727807644299567,0.001109594529396026,0.06389717755643157,0.02259514075695275,0.018577523734584163,0,0,0,normal_or_low_volatility
2025-07-29,0.017289984391771363,0.005192928558723262,0.06824951991000051,0.02259514075695275,0.018577523734584163,0,0,0,normal_or_low_volatility
2025-07-30,0.017290082783508933,-0.00026975143809116836,0.06805310979801182,0.02259514075695275,0.018577523734584163,0,0,0,normal_or_low_volatility
2025-07-31,0.018046849704806175,-0.0185185469302638,0.042777499614682704,0.02259514075695275,0.018577523734584163,0,0,0,normal_or_low_volatility
2025-08-01,0.018101739009740988,-0.003595533415458995,0.03868137878633904,0.02259514075695275,0.018577523734584163,0,0,0,normal_or_low_volatility
2025-08-04,0.018057751891580195,0.0030435499296489893,0.044599281240523994,0.02259514075695275,0.018577523734584163,0,0,0,normal_or_low_volatility
2025-08-05,0.01785318573484723,0.007588206938855114,0.04083387471702777,0.02259514075695275,0.018577523734584163,0,0,0,normal_or_low_volatility
2025-08-06,0.017854040340516592,0.004340981742671574,0.04825559893672104,0.02259514075695275,0.018577523734584163,0,0,0,normal_or_low_volatility
2025-08-07,0.01768949110491744,-0.00022538847499983708,0.044087976211819195,0.02259514075695275,0.018577523734584163,0,0,0,normal_or_low_volatility
2025-08-08,0.017581453711486172,-0.0016273261375876944,0.03922283399289899,0.02259514075695275,0.018577523734584163,0,0,0,normal_or_low_volatility
2025-08-11,0.017687576139662074,0.006237134962519575,0.04324570820794059,0.02259514075695275,0.018577523734584163,0,0,0,normal_or_low_volatility
2025-08-12,0.017375259494552556,0.003541639545366365,0.04570131133778472,0.02259514075695275,0.018577523734584163,0,0,0,normal_or_low_volatility
2025-08-13,0.017816300932372294,0.007099216598751132,0.05490883284036357,0.02259514075695275,0.018577523734584163,0,0,0,normal_or_low_volatility
2025-08-14,0.017838796702985334,-0.006088082010808567,0.03980017403275648,0.02259514075695275,0.018577523734584163,0,0,0,normal_or_low_volatility
2025-08-15,0.018248158725211218,0.011477003807265846,0.04552537889121062,0.02259514075695275,0.018577523734584163,0,0,0,normal_or_low_volatility
2025-08-18,0.01835857654213408,0.010983162329013845,0.04611620183550709,0.02259514075695275,0.018577523734584163,0,0,0,normal_or_low_volatility
2025-08-19,0.0179223253146655,-0.0024059459868059846,0.03306356097961063,0.02259514075695275,0.018577523734584163,0,0,0,normal_or_low_volatility
2025-08-20,0.018099974769658723,0.012258606942750267,0.04753924551111257,0.02259514075695275,0.018577523734584163,0,0,0,normal_or_low_volatility
2025-08-21,0.01778065697065655,0.0033918663990563196,0.03967891445594218,0.02259514075695275,0.018577523734584163,0,0,0,normal_or_low_volatility
2025-08-22,0.018526078525317683,0.01922946009112584,0.06276277798112812,0.02259514075695275,0.018577523734584163,0,0,0,normal_or_low_volatility
2025-08-25,0.01901867534145363,0.01984849183076305,0.08150167528249513,0.02259514075695275,0.018577523734584163,0,0,0,normal_or_low_volatility
2025-08-26,0.019147001336542988,-0.0006251902288103669,0.07568355649496152,0.02259514075695275,0.018577523734584163,0,0,0,normal_or_low_volatility
2025-08-27,0.01972332576115523,-0.01633917810325275,0.05961412982979993,0.02259514075695275,0.018577523734584163,0,0,0,normal_or_low_volatility
2025-08-28,0.01931976316930131,0.015827731376254917,0.09396040813631865,0.02259514075695275,0.018577523734584163,0,0,0,normal_or_low_volatility
2025-08-29,0.019881844126615544,0.004854938158798401,0.10241087971057604,0.02259514075695275,0.018577523734584163,0,0,0,normal_or_low_volatility
2025-09-01,0.020377130353063516,0.00600519695141389,0.10537252673234093,0.02259514075695275,0.018577523734584163,0,0,0,normal_or_low_volatility
2025-09-02,0.021267334339748287,-0.010905577039982165,0.08687874275350367,0.02259514075695275,0.018577523734584163,0,0,0,normal_or_low_volatility
2025-09-03,0.021878273773227597,-0.010210296906283167,0.07232746410454893,0.02259514075695275,0.018577523734584163,0,0,0,normal_or_low_volatility
2025-09-04,0.022846838760008453,-0.017397673580022647,0.05515517899952611,0.02259514075695275,0.018577523734584163,1,0,0,high_volatility_trend_or_normal
2025-09-05,0.023494586431012477,0.020824582485008594,0.0776070876221224,0.02259514075695275,0.018577523734584163,1,0,0,high_volatility_trend_or_normal
2025-09-08,0.0239725638848038,0.008113936015800354,0.07948388867540318,0.02259514075695275,0.018577523734584163,1,0,0,high_volatility_trend_or_normal
2025-09-09,0.024237679868407913,-0.007280025832476558,0.06866222329756025,0.02259514075695275,0.018577523734584163,1,0,0,high_volatility_trend_or_normal
2025-09-10,0.02425058004016287,-0.0006224089709174829,0.06094059772789164,0.02259514075695275,0.018577523734584163,1,0,0,high_volatility_trend_or_normal
2025-09-11,0.024495820749664034,0.019728236010837563,0.08675691574953777,0.02259514075695275,0.018577523734584163,1,0,0,high_volatility_trend_or_normal
2025-09-12,0.024351935622956327,-0.0049152352870894585,0.07036467665518248,0.02259514075695275,0.018577523734584163,1,0,0,high_volatility_trend_or_normal
2025-09-15,0.02417214348215315,0.001347181577185502,0.06072869590335413,0.02259514075695275,0.018577523734584163,1,0,0,high_volatility_trend_or_normal
2025-09-16,0.024129287089332,0.0001835571000913803,0.06331819899025148,0.02259514075695275,0.018577523734584163,1,0,0,high_volatility_trend_or_normal
2025-09-17,0.024045702948932417,0.00611664182616549,0.057176233873666715,0.02259514075695275,0.018577523734584163,1,0,0,high_volatility_trend_or_normal
2025-09-18,0.02445050399456184,-0.012105159304841857,0.041679208169768535,0.02259514075695275,0.018577523734584163,1,0,0,high_volatility_trend_or_normal
2025-09-19,0.023884739648645396,0.0010467776151173891,0.023496525693760085,0.02259514075695275,0.018577523734584163,1,0,0,high_volatility_trend_or_normal
2025-09-22,0.02344972682909556,0.0016395633933382553,0.005287597256335288,0.02259514075695275,0.018577523734584163,1,1,1,high_volatility_range
2025-09-23,0.02343039190908035,-0.00301726142899633,0.0028955260561493246,0.02259514075695275,0.018577523734584163,1,1,1,high_volatility_range
2025-09-24,0.023128530369276833,0.010516516429746211,0.029751220589148284,0.02259514075695275,0.018577523734584163,1,0,0,high_volatility_trend_or_normal
2025-09-25,0.02280532544759489,0.002716183098975024,0.01663967231186839,0.02259514075695275,0.018577523734584163,1,1,1,high_volatility_range
2025-09-26,0.022531562563566306,-0.00568172782348757,0.00610300632958242,0.02259514075695275,0.018577523734584163,0,1,0,normal_or_low_volatility
2025-09-29,0.02263584525682818,0.013807325835616436,0.013905135213784964,0.02259514075695275,0.018577523734584163,1,1,1,high_volatility_range
2025-09-30,0.02220541235485891,0.007132588980902672,0.031943301234669805,0.02259514075695275,0.018577523734584163,0,0,0,normal_or_low_volatility
2025-10-09,0.022573429776643134,0.016935468685433313,0.05908906682638628,0.02259514075695275,0.018577523734584163,0,0,0,normal_or_low_volatility
2025-10-10,0.02259493798632995,-0.014017848376613289,0.06246889202979564,0.02259514075695275,0.018577523734584163,0,0,0,normal_or_low_volatility
2025-10-13,0.022314826742540754,-0.0036582272142726396,0.0379860823305144,0.02259514075695275,0.018577523734584163,0,0,0,normal_or_low_volatility
2025-10-14,0.02258738388660402,-0.009008699625966333,0.02086344668874772,0.02259514075695275,0.018577523734584163,0,0,0,normal_or_low_volatility
2025-10-15,0.022624713939088655,0.011711730288306759,0.03985520280953103,0.02259514075695275,0.018577523734584163,1,0,0,high_volatility_trend_or_normal
2025-10-16,0.02265578546261313,-0.0007338580921791757,0.03974375368826934,0.02259514075695275,0.018577523734584163,1,0,0,high_volatility_trend_or_normal
2025-10-17,0.022702092869641463,-0.022751660501950818,-0.0027361428245190403,0.02259514075695275,0.018577523734584163,1,1,1,high_volatility_range
2025-10-20,0.022779239952522342,0.004133409035279705,0.006312501497850123,0.02259514075695275,0.018577523734584163,1,1,1,high_volatility_range
2025-10-21,0.022746290139273557,0.011053019760045298,0.01601833968070992,0.02259514075695275,0.018577523734584163,1,1,1,high_volatility_range
2025-10-22,0.022683198055906517,-0.00404470805700075,0.011790074523617789,0.02259514075695275,0.018577523734584163,1,1,1,high_volatility_range
2025-10-23,0.02256662131466662,0.0038324314858624057,0.009505864183314703,0.02259514075695275,0.018577523734584163,0,1,0,normal_or_low_volatility
2025-10-24,0.022139041243673715,0.0077758876932863315,0.029386911181442894,0.02259514075695275,0.018577523734584163,0,0,0,normal_or_low_volatility
2025-10-27,0.02217382245534542,0.01137115738759537,0.03971129095392087,0.02259514075695275,0.018577523734584163,0,0,0,normal_or_low_volatility
2025-10-28,0.021971250326792317,-0.005466666982246553,0.032605060578336065,0.02259514075695275,0.018577523734584163,0,0,0,normal_or_low_volatility
2025-10-29,0.02240021986376195,0.013953141982694369,0.04957546399002677,0.02259514075695275,0.018577523734584163,0,0,0,normal_or_low_volatility
2025-10-30,0.02249273417015028,-0.005750905922222435,0.03330804163805812,0.02259514075695275,0.018577523734584163,0,0,0,normal_or_low_volatility
2025-10-31,0.023012686275436373,-0.010261733361148757,0.020330125177934335,0.02259514075695275,0.018577523734584163,1,0,0,high_volatility_trend_or_normal
2025-11-03,0.022896583632904755,0.003731886233875174,0.02974373923529708,0.02259514075695275,0.018577523734584163,1,0,0,high_volatility_trend_or_normal
2025-11-04,0.02256380297175203,-0.00914117537194594,0.006795238027734702,0.02259514075695275,0.018577523734584163,0,1,0,normal_or_low_volatility
2025-11-05,0.022205524058684947,0.0015283494739883755,0.0011909985208204054,0.02259514075695275,0.018577523734584163,0,1,0,normal_or_low_volatility
2025-11-06,0.021604730574311178,0.012802735305079815,-0.002941734859533092,0.02259514075695275,0.018577523734584163,0,1,0,normal_or_low_volatility
2025-11-07,0.020954084218265556,-0.0008745059339785407,0.010201607583101655,0.02259514075695275,0.018577523734584163,0,1,0,normal_or_low_volatility
2025-11-10,0.02090393336955598,0.007915219195426317,0.02177505399280061,0.02259514075695275,0.018577523734584163,0,0,0,normal_or_low_volatility
2025-11-11,0.020231888378797976,-0.008480589438913017,0.022303164179853927,0.02259514075695275,0.018577523734584163,0,0,0,normal_or_low_volatility
2025-11-12,0.020053958442191256,-0.005283283401438448,0.00530815049010872,0.02259514075695275,0.018577523734584163,0,1,0,normal_or_low_volatility
2025-11-13,0.02013757691474172,0.0092226354249425,0.015264644007230396,0.02259514075695275,0.018577523734584163,0,1,0,normal_or_low_volatility
2025-11-14,0.01950424003665891,-0.013719782775611176,0.024296521733570036,0.02259514075695275,0.018577523734584163,0,0,0,normal_or_low_volatility
2025-11-17,0.019543184061924082,-0.005118424444400649,0.015044688253889688,0.02259514075695275,0.018577523734584163,0,1,0,normal_or_low_volatility
2025-11-18,0.01946924001160363,-0.0075129659699472075,-0.003521297476102819,0.02259514075695275,0.018577523734584163,0,1,0,normal_or_low_volatility
2025-11-19,0.019527248414817764,0.0017733998428264449,0.0022968104237243757,0.02259514075695275,0.018577523734584163,0,1,0,normal_or_low_volatility
2025-11-20,0.01960316747406159,-0.005429791181218968,-0.006965412243356998,0.02259514075695275,0.018577523734584163,0,1,0,normal_or_low_volatility
2025-11-21,0.019978660352008966,-0.023707143516132526,-0.03844844345277586,0.02259514075695275,0.018577523734584163,0,0,0,normal_or_low_volatility
2025-11-24,0.01982524659544034,0.002111722934768102,-0.04770787790560312,0.02259514075695275,0.018577523734584163,0,0,0,normal_or_low_volatility
2025-11-25,0.019863607396448917,0.007801120704435641,-0.03444009021892093,0.02259514075695275,0.018577523734584163,0,0,0,normal_or_low_volatility
2025-11-26,0.01911507154056696,0.0011990878512621187,-0.04719414435035318,0.02259514075695275,0.018577523734584163,0,0,0,normal_or_low_volatility
2025-11-27,0.018761714780250502,1.8173981640012827e-06,-0.041441421029966743,0.02259514075695275,0.018577523734584163,0,0,0,normal_or_low_volatility
2025-11-28,0.018009944409587524,0.0037171655019811907,-0.027462522166836794,0.02259514075695275,0.018577523734584163,0,0,0,normal_or_low_volatility
2025-12-01,0.01834038186217192,0.011916334816003874,-0.019278073584708094,0.02259514075695275,0.018577523734584163,0,0,0,normal_or_low_volatility
2025-12-02,0.018100374163062437,-0.006237059199920584,-0.016373957412682737,0.02259514075695275,0.018577523734584163,0,1,0,normal_or_low_volatility
2025-12-03,0.018080796727540205,-0.004146820179531708,-0.02204912706620282,0.02259514075695275,0.018577523734584163,0,0,0,normal_or_low_volatility
2025-12-04,0.017528733269125296,-9.756447276606424e-05,-0.0349494268440487,0.02259514075695275,0.018577523734584163,0,0,0,normal_or_low_volatility
2025-12-05,0.017632443961958996,0.0072571863216678465,-0.026817734588402316,0.02259514075695275,0.018577523734584163,0,0,0,normal_or_low_volatility
2025-12-08,0.017131356302736607,0.0042608147313356074,-0.030472139052493023,0.02259514075695275,0.018577523734584163,0,0,0,normal_or_low_volatility
2025-12-09,0.017293466318454756,-0.0074146216283321005,-0.029406171241912107,0.02259514075695275,0.018577523734584163,0,0,0,normal_or_low_volatility
2025-12-10,0.01732728939728113,0.0030065562664392605,-0.0211163315740344,0.02259514075695275,0.018577523734584163,0,0,0,normal_or_low_volatility
2025-12-11,0.01709527716632968,-0.00933982502156036,-0.03967879202053726,0.02259514075695275,0.018577523734584163,0,0,0,normal_or_low_volatility
2025-12-12,0.01707322427643059,0.0071668111466680695,-0.01879219809825801,0.02259514075695275,0.018577523734584163,0,0,0,normal_or_low_volatility
2025-12-15,0.017042288086081273,-0.004926220589019293,-0.018599994242876654,0.02259514075695275,0.018577523734584163,0,0,0,normal_or_low_volatility
2025-12-16,0.017107301505233444,-0.009741507472366467,-0.02082853574529591,0.02259514075695275,0.018577523734584163,0,0,0,normal_or_low_volatility
2025-12-17,0.017425952487658544,0.016086756792780984,-0.006515178795341376,0.02259514075695275,0.018577523734584163,0,1,0,normal_or_low_volatility
2025-12-18,0.01760736589021496,-0.003347789782647228,-0.004433177396769636,0.02259514075695275,0.018577523734584163,0,1,0,normal_or_low_volatility
2025-12-19,0.016586415326238578,0.004960079120167076,0.024234045239529968,0.02259514075695275,0.018577523734584163,0,0,0,normal_or_low_volatility
2025-12-22,0.016459736621203813,0.006473795956878853,0.028596118261640716,0.02259514075695275,0.018577523734584163,0,0,0,normal_or_low_volatility
2025-12-23,0.01640231034694084,-0.0014310028810977748,0.0193639946761073,0.02259514075695275,0.018577523734584163,0,0,0,normal_or_low_volatility
2025-12-24,0.016363377161002817,0.0048637108240696305,0.023028617648914812,0.02259514075695275,0.018577523734584163,0,0,0,normal_or_low_volatility
2025-12-25,0.016386566135321363,0.002899226109615875,0.025926026360366686,0.02259514075695275,0.018577523734584163,0,0,0,normal_or_low_volatility
2025-12-26,0.016576735782078425,0.0031899723846421264,0.02539883324302762,0.02259514075695275,0.018577523734584163,0,0,0,normal_or_low_volatility
2025-12-29,0.016344185616546596,-0.003565535753822517,0.009916962673201232,0.02259514075695275,0.018577523734584163,0,1,0,normal_or_low_volatility
2025-12-30,0.016334457060677845,0.001476234926553531,0.017630256799675347,0.02259514075695275,0.018577523734584163,0,1,0,normal_or_low_volatility
2025-12-31,0.016237988360535513,-0.0011492308884898598,0.020627846090717196,0.02259514075695275,0.018577523734584163,0,0,0,normal_or_low_volatility
2026-01-05,0.017011532791346914,0.015339687925201273,0.03606509848868453,0.02259514075695275,0.018577523734584163,0,0,0,normal_or_low_volatility
2026-01-06,0.01756305244469245,0.017227264654983743,0.04603517682200043,0.02259514075695275,0.018577523734584163,0,0,0,normal_or_low_volatility
2026-01-07,0.01766223918884031,-0.0018405290047037149,0.0399338330859611,0.02259514075695275,0.018577523734584163,0,0,0,normal_or_low_volatility
2026-01-08,0.017594093301295535,-0.001650321117728664,0.04569813359656454,0.02259514075695275,0.018577523734584163,0,0,0,normal_or_low_volatility
2026-01-09,0.017784150042490243,0.006998120642089957,0.049689697972215244,0.02259514075695275,0.018577523734584163,0,0,0,normal_or_low_volatility
2026-01-12,0.018250626304336742,0.011895329977041739,0.07092485297081734,0.02259514075695275,0.018577523734584163,0,0,0,normal_or_low_volatility
2026-01-13,0.018728163496568105,-0.006244969881317746,0.05751307194283152,0.02259514075695275,0.018577523734584163,0,0,0,normal_or_low_volatility
2026-01-14,0.01884733226581695,-0.002920742157298822,0.059518550374552,0.02259514075695275,0.018577523734584163,0,0,0,normal_or_low_volatility
2026-01-15,0.018810337115066224,-0.0018015758079862327,0.06745848203893223,0.02259514075695275,0.018577523734584163,0,0,0,normal_or_low_volatility
2026-01-16,0.01895212818851173,-0.004072251337944319,0.04729947390820693,0.02259514075695275,0.018577523734584163,0,0,0,normal_or_low_volatility
2026-01-19,0.01909659716485107,0.0038808978768067673,0.054528161567660924,0.02259514075695275,0.018577523734584163,0,0,0,normal_or_low_volatility
2026-01-20,0.019622135188547024,0.000923181788854037,0.05049126423634788,0.02259514075695275,0.018577523734584163,0,0,0,normal_or_low_volatility
2026-01-21,0.019813902950445984,-8.488801675490765e-05,0.04393258026271412,0.02259514075695275,0.018577523734584163,0,0,0,normal_or_low_volatility
2026-01-22,0.02000805258196868,0.002243417705039527,0.04760700084885142,0.02259514075695275,0.018577523734584163,0,0,0,normal_or_low_volatility
2026-01-23,0.020519223861579637,0.0028093021224273197,0.04555259214720911,0.02259514075695275,0.018577523734584163,0,0,0,normal_or_low_volatility
2026-01-26,0.021211020994582087,-1.8415100865383968e-07,0.04265318188658459,0.02259514075695275,0.018577523734584163,0,0,0,normal_or_low_volatility
2026-01-27,0.0213375180876231,-0.004261501574080887,0.03520170792786157,0.02259514075695275,0.018577523734584163,0,0,0,normal_or_low_volatility
2026-01-28,0.021469067851608018,0.0016135492227368,0.04038079290442089,0.02259514075695275,0.018577523734584163,0,0,0,normal_or_low_volatility
2026-01-29,0.02225116354063307,0.006005534942207572,0.044910092920074925,0.02259514075695275,0.018577523734584163,0,0,0,normal_or_low_volatility
2026-01-30,0.02297769823831657,-0.013326702016392522,0.03273262179217226,0.02259514075695275,0.018577523734584163,1,0,0,high_volatility_trend_or_normal
2026-02-02,0.02356021778237748,-0.021468351359423567,-0.004075417492452573,0.02259514075695275,0.018577523734584163,1,1,1,high_volatility_range
2026-02-03,0.02339753266765103,0.015337506392231711,-0.0059651757552046086,0.02259514075695275,0.018577523734584163,1,1,1,high_volatility_range
2026-02-04,0.024010510960688052,0.011846161426215392,0.007721514675714499,0.02259514075695275,0.018577523734584163,1,1,1,high_volatility_range
2026-02-05,0.0241464157866597,-0.005746008053002392,0.00362582774044077,0.02259514075695275,0.018577523734584163,1,1,1,high_volatility_range
2026-02-06,0.024001313173855402,-0.0038403829444595187,-0.007212675846108706,0.02259514075695275,0.018577523734584163,1,1,1,high_volatility_range
2026-02-09,0.023579908107804456,0.013633959305585336,-0.005474046517565109,0.02259514075695275,0.018577523734584163,1,1,1,high_volatility_range
2026-02-10,0.02325403157128445,0.0018874207645701842,0.002658344128322821,0.02259514075695275,0.018577523734584163,1,1,1,high_volatility_range
2026-02-11,0.022937746688034083,-0.00021182936856943598,0.0053672569170522075,0.02259514075695275,0.018577523734584163,1,1,1,high_volatility_range
2026-02-12,0.02291410620534938,0.0007499112423122195,0.00791874396735066,0.02259514075695275,0.018577523734584163,1,1,1,high_volatility_range
2026-02-13,0.022809756345821976,-0.011756648843208229,0.00023434646208675067,0.02259514075695275,0.018577523734584163,1,1,1,high_volatility_range
2026-02-24,0.023081968816455894,0.011690587709383493,0.008044036294663477,0.02259514075695275,0.018577523734584163,1,1,1,high_volatility_range
2026-02-25,0.022918659610816274,0.005479463806646771,0.01260031831245621,0.02259514075695275,0.018577523734584163,1,1,1,high_volatility_range
2026-02-26,0.02284042492849799,0.0007124211501170849,0.013397627479328203,0.02259514075695275,0.018577523734584163,1,1,1,high_volatility_range
2026-02-27,0.022840354663123237,0.0015837331493156522,0.012737942923604327,0.02259514075695275,0.018577523734584163,1,1,1,high_volatility_range
2026-03-02,0.02301068691663125,0.0013300417945325152,0.011258682595709524,0.02259514075695275,0.018577523734584163,1,1,1,high_volatility_range
2026-03-03,0.023492168133823165,-0.015507466503701342,-0.004248599756983164,0.02259514075695275,0.018577523734584163,1,1,1,high_volatility_range
2026-03-04,0.02356626170812633,-0.010622296211062972,-0.010609394393965249,0.02259514075695275,0.018577523734584163,1,1,1,high_volatility_range
2026-03-05,0.023443170091741367,0.0074161594818890645,-0.004806784134812984,0.02259514075695275,0.018577523734584163,1,1,1,high_volatility_range
2026-03-06,0.02301246243352298,0.006638245282050497,-0.004174073794970061,0.02259514075695275,0.018577523734584163,1,1,1,high_volatility_range
