profile_name,date,stock_id,target_weight,executed_weight,pred_return,target_return,selection_score,risk_penalty,volatility_20d,volatility_5d,turnover_rate,turnover_ratio_10d,amplitude_ratio_5d
lstm_sl10_base__risk_adjusted_sort__pred_weight__cs40_v2086_v596_rp10_mt80,2025-11-26,601111,0.20331592364693782,0.16265273891755028,0.5668603,0.0271604938271603,0.9230555555555555,0.7694444444444445,0.026832142505145,0.0118706545484147,0.7588,0.4139833035181872,-0.0059347181008901
lstm_sl10_base__risk_adjusted_sort__pred_weight__cs40_v2086_v596_rp10_mt80,2025-11-26,300316,0.20275862181761128,0.16220689745408903,0.5653065,-0.0069156293222682,0.8469444444444444,0.975,0.0294358002795382,0.0289628358516815,2.3847,0.4840006471928011,0.9543023821098692
lstm_sl10_base__risk_adjusted_sort__pred_weight__cs40_v2086_v596_rp10_mt80,2025-11-26,600426,0.19934540814891485,0.1594763265191319,0.5557902,0.0549612689044633,0.8397222222222221,0.49166666666666664,0.0262416841248426,0.0065155347033686,0.6199,-0.3825574214625789,-0.2158931082981715
lstm_sl10_base__risk_adjusted_sort__pred_weight__cs40_v2086_v596_rp10_mt80,2025-11-26,000301,0.19781033536005216,0.15824826828804173,0.5515103,0.0231578947368421,0.7780555555555556,0.5527777777777778,0.0205051776448646,0.007418129527139,0.2155,-0.309759456775888,0.1058451816745655
lstm_sl10_base__risk_adjusted_sort__pred_weight__cs40_v2086_v596_rp10_mt80,2025-11-26,000858,0.1967697110264839,0.15741576882118713,0.54860896,-0.0133558748943364,0.6991666666666666,0.23055555555555557,0.0098207571127958,0.0048157510415392,0.2362,-0.3606712681012315,-0.2214285714285713
lstm_sl10_base__risk_adjusted_sort__pred_weight__cs40_v2086_v596_rp10_mt80,2025-11-27,600905,0.2014442552425864,0.14010093395062356,0.5567203,0.0047961630695441,0.9727777777777777,0.27222222222222225,0.0076601106741483,0.0048877093044581,0.1784,-0.5461021778953796,-0.2814371257485025
lstm_sl10_base__risk_adjusted_sort__pred_weight__cs40_v2086_v596_rp10_mt80,2025-11-27,601111,0.200875788486917,0.18923619713858753,0.55514926,0.0409429280397022,0.87,0.7444444444444444,0.026831419582463,0.0133747167588397,0.5729,0.0497095846235593,-0.2929613189600507
lstm_sl10_base__risk_adjusted_sort__pred_weight__cs40_v2086_v596_rp10_mt80,2025-11-27,300316,0.19965507068155935,0.18825144281774447,0.55177563,-0.0022592487997739,0.7938888888888889,0.95,0.028953787090084,0.0300242462433742,1.7747,0.091377582082393,0.0041551246537396
lstm_sl10_base__risk_adjusted_sort__pred_weight__cs40_v2086_v596_rp10_mt80,2025-11-27,001979,0.19934661566415818,0.138642062543863,0.55092317,-0.0084388185654008,0.7508333333333334,0.8250000000000001,0.0143522506353937,0.0147823799836586,0.9644,0.4658985544695924,0.6047874938935027
lstm_sl10_base__risk_adjusted_sort__pred_weight__cs40_v2086_v596_rp10_mt80,2025-11-27,601012,0.19867826992477894,0.13817723984551306,0.5490761,-0.0335316387236342,0.7002777777777778,0.775,0.0300603859274929,0.0280526656509643,2.0724,-0.2629003115708005,-0.1064871481028151
lstm_sl10_base__risk_adjusted_sort__pred_weight__cs40_v2086_v596_rp10_mt80,2025-11-28,688012,0.2164567853081333,0.10420275655691734,0.5895549,0.0186757215619694,0.9103125,0.896875,0.028777639245925,0.0126898117843831,1.8046,0.0219151707344698,0.0398344542162441
lstm_sl10_base__risk_adjusted_sort__pred_weight__cs40_v2086_v596_rp10_mt80,2025-11-28,601059,0.19729467211444207,0.09497807453368637,0.5373638,0.0,0.89171875,0.45781250000000007,0.010804438405129,0.0,2.6044,0.0345512469115203,0.0
lstm_sl10_base__risk_adjusted_sort__pred_weight__cs40_v2086_v596_rp10_mt80,2025-11-28,000651,0.19593730788036623,0.09432463650613217,0.5336668,0.0128649183572488,0.853125,0.21875,0.0067531827199083,0.0036819990353505,0.3706,-0.3848554260863792,-0.2959183673469389
lstm_sl10_base__risk_adjusted_sort__pred_weight__cs40_v2086_v596_rp10_mt80,2025-11-28,001979,0.19567686063483566,0.1660987355804058,0.53295743,0.017391304347826,0.736875,0.75625,0.0151444666905547,0.0181963426573515,0.7933,0.1582881922644512,-0.217474795967355
lstm_sl10_base__risk_adjusted_sort__pred_weight__cs40_v2086_v596_rp10_mt80,2025-11-28,002027,0.19463437406222267,0.09369740139650733,0.53011805,-0.0203804347826087,0.6953125,0.546875,0.0120050334827431,0.0086598295227115,0.5137,-0.2612247245951621,-0.1783567134268536
lstm_sl10_base__risk_adjusted_sort__pred_weight__cs40_v2086_v596_rp10_mt80,2025-12-01,688012,0.20894684083048304,0.17230340670920835,0.57665473,0.0421374045801527,0.9261764705882353,0.7382352941176471,0.029153589819269,0.0132361958218027,2.0721,0.1461681002295545,-0.2040481400437633
lstm_sl10_base__risk_adjusted_sort__pred_weight__cs40_v2086_v596_rp10_mt80,2025-12-01,601111,0.20185235571001028,0.16556898094467742,0.55707526,-0.0107398568019093,0.8588235294117647,0.823529411764706,0.0217458666477977,0.030498813145131,0.9414,0.5411816708413144,0.7190949227373069
lstm_sl10_base__risk_adjusted_sort__pred_weight__cs40_v2086_v596_rp10_mt80,2025-12-01,601059,0.19734484424774046,0.1615330844883275,0.54463536,0.0,0.8539705882352941,0.2838235294117647,0.0106145219763618,0.0,2.6044,0.015942860040647,0.0
lstm_sl10_base__risk_adjusted_sort__pred_weight__cs40_v2086_v596_rp10_mt80,2025-12-01,601012,0.19625592725310803,0.15266701743300254,0.54163015,-0.0353887399463806,0.7658823529411765,0.5764705882352942,0.0289528648161917,0.0107411352841284,1.6816,-0.2709647491340106,-0.1972672929120409
lstm_sl10_base__risk_adjusted_sort__pred_weight__cs40_v2086_v596_rp10_mt80,2025-12-01,000002,0.19560003195865808,0.12717175808615294,0.53982,-0.064885496183206,0.6920588235294117,0.7264705882352942,0.0196363179699412,0.0265768827422688,3.3059,0.6240021614717657,-0.0258939580764486
lstm_sl10_base__risk_adjusted_sort__pred_weight__cs40_v2086_v596_rp10_mt80,2025-12-02,688012,0.21375931856042107,0.2049476705777757,0.5947602,0.0455540618398312,0.937,0.63,0.0259647311905357,0.0132359603576725,1.2755,-0.2432153409832563,-0.1122787610619465
lstm_sl10_base__risk_adjusted_sort__pred_weight__cs40_v2086_v596_rp10_mt80,2025-12-02,601012,0.19808843252669037,0.18843389828038878,0.5511578,-0.0131147540983606,0.873,0.77,0.0290705790580029,0.0124766863238092,1.6663,-0.2575545594695991,-0.0568475452196383
lstm_sl10_base__risk_adjusted_sort__pred_weight__cs40_v2086_v596_rp10_mt80,2025-12-02,601059,0.1967620872379246,0.18927399791249308,0.5474674,0.0,0.863125,0.36875,0.0104941288324452,0.0,2.6044,0.0,0.0
lstm_sl10_base__risk_adjusted_sort__pred_weight__cs40_v2086_v596_rp10_mt80,2025-12-02,600547,0.1958122753615879,0.15419146028074285,0.54482466,-0.0356850994279488,0.814,0.36000000000000004,0.0219660618887463,0.0109726219514063,0.5826,-0.3093310255711119,-0.1868131868131867
lstm_sl10_base__risk_adjusted_sort__pred_weight__cs40_v2086_v596_rp10_mt80,2025-12-02,300408,0.19557788631337594,0.15400689172113197,0.5441725,0.0585030791094267,0.7395,0.6050000000000001,0.0276138725602519,0.0112963808131074,0.7899,-0.285203652257323,-0.0700636942675161
lstm_sl10_base__risk_adjusted_sort__pred_weight__cs40_v2086_v596_rp10_mt80,2025-12-03,688012,0.2075906578623476,0.2072948406841465,0.58416057,0.0627197897747035,0.9410000000000001,0.59,0.0259061414287168,0.0123175605056943,1.5217,-0.0999639204831105,-0.0308839190628326
lstm_sl10_base__risk_adjusted_sort__pred_weight__cs40_v2086_v596_rp10_mt80,2025-12-03,002459,0.2055410752502572,0.18253582613692282,0.57839304,0.0,0.86325,0.8674999999999999,0.0286647407132039,0.0160063038383395,1.4837,-0.0436133457095709,0.2816326530612245
lstm_sl10_base__risk_adjusted_sort__pred_weight__cs40_v2086_v596_rp10_mt80,2025-12-03,600547,0.19660787686446063,0.19186040617610645,0.553255,-0.0384615384615383,0.8565,0.43500000000000005,0.021953425122569,0.0126806448426136,0.5729,-0.2593119319430618,-0.0470723306544201
lstm_sl10_base__risk_adjusted_sort__pred_weight__cs40_v2086_v596_rp10_mt80,2025-12-03,601059,0.19621509110328667,0.19543820707765502,0.5521497,0.0,0.818125,0.31875000000000003,0.0105072727865206,0.0,2.6044,0.0,0.0
lstm_sl10_base__risk_adjusted_sort__pred_weight__cs40_v2086_v596_rp10_mt80,2025-12-03,002493,0.19404529891964797,0.17232671816646908,0.5460439,-0.0286885245901638,0.76275,0.3725,0.0229741327327317,0.0068053780270758,0.2797,-0.2665338018566108,-0.0996015936254981
lstm_sl10_base__risk_adjusted_sort__pred_weight__cs40_v2086_v596_rp10_mt80,2025-12-04,002493,0.202497431272187,0.1914189753063608,0.55736643,-0.016649323621228,0.9507894736842105,0.4921052631578947,0.0206799417480099,0.0104805010055879,0.2016,-0.4475501479776389,-0.0506329113924051
lstm_sl10_base__risk_adjusted_sort__pred_weight__cs40_v2086_v596_rp10_mt80,2025-12-04,601059,0.20079330948590515,0.19882695668494846,0.5526759,0.0,0.9053947368421053,0.4197368421052632,0.0104099084491759,0.0,2.6044,0.0,0.0
lstm_sl10_base__risk_adjusted_sort__pred_weight__cs40_v2086_v596_rp10_mt80,2025-12-04,600183,0.20022603547697643,0.12670456087771517,0.5511145,0.0842381786339753,0.8118421052631579,0.8289473684210527,0.0237240529580399,0.0134062518057402,1.363,-0.0987059189165956,0.0382882882882884
lstm_sl10_base__risk_adjusted_sort__pred_weight__cs40_v2086_v596_rp10_mt80,2025-12-04,002916,0.19842746369447248,0.12556641094947862,0.546164,0.0340577857325492,0.7723684210526315,0.6973684210526316,0.0255774694701172,0.0093281631880924,0.675,-0.4110410177211212,0.0260482846251588
lstm_sl10_base__risk_adjusted_sort__pred_weight__cs40_v2086_v596_rp10_mt80,2025-12-04,600588,0.1980557600704588,0.1253311940639966,0.5451409,0.0068389057750759,0.7060526315789474,0.8342105263157895,0.0238940032832851,0.0156897535409496,1.1681,-0.2601483376931018,0.0013351134846462
lstm_sl10_base__risk_adjusted_sort__pred_weight__cs40_v2086_v596_rp10_mt80,2025-12-05,601059,0.20309539654314768,0.20193775943928952,0.55920714,0.0,0.9255208333333333,0.328125,0.0102664619468437,0.0,2.6044,0.0,0.0
lstm_sl10_base__risk_adjusted_sort__pred_weight__cs40_v2086_v596_rp10_mt80,2025-12-05,002916,0.20403572130749853,0.1827541785887665,0.56179625,0.015684011749895,0.91125,0.8875000000000002,0.0252869384143066,0.014422891608417,2.0262,0.637253951323572,0.7002518891687657
lstm_sl10_base__risk_adjusted_sort__pred_weight__cs40_v2086_v596_rp10_mt80,2025-12-05,601995,0.19937887814143063,0.14530563481839862,0.548974,0.0,0.8911458333333333,0.25520833333333337,0.0060089212234624,1.0157195133282304e-09,0.5192,0.0,0.0
lstm_sl10_base__risk_adjusted_sort__pred_weight__cs40_v2086_v596_rp10_mt80,2025-12-05,600183,0.1972814001694365,0.17814036256521923,0.54319876,0.0746713409290096,0.8110416666666667,0.6395833333333335,0.0231259507125161,0.0134687300415881,1.1119,-0.2564978702632581,-0.0793445450625269
lstm_sl10_base__risk_adjusted_sort__pred_weight__cs40_v2086_v596_rp10_mt80,2025-12-05,600570,0.19620860383848668,0.142995165803667,0.5402449,-0.0176151761517615,0.7533333333333334,0.8,0.0189948030900676,0.0206921042033746,2.2793,0.6055478853793921,0.8479938271604934
lstm_sl10_base__risk_adjusted_sort__pred_weight__cs40_v2086_v596_rp10_mt80,2025-12-08,601059,0.2052079968064847,0.20400218278733628,0.558014,0.0,0.9775892857142857,0.22410714285714287,0.0101941291656381,0.0,2.6044,0.0,0.0
lstm_sl10_base__risk_adjusted_sort__pred_weight__cs40_v2086_v596_rp10_mt80,2025-12-08,601995,0.20191541045810063,0.18104204457587292,0.5490606,0.0,0.9466964285714285,0.17589285714285716,0.0058610715144141,1.0157195133282304e-09,0.5192,0.0,0.0
lstm_sl10_base__risk_adjusted_sort__pred_weight__cs40_v2086_v596_rp10_mt80,2025-12-08,600547,0.1989183456311008,0.13261747546167812,0.5409108,0.0169491525423729,0.86,0.6857142857142857,0.0216720271948303,0.0148169627033109,0.9202,0.1888274507777374,0.066610455311973
lstm_sl10_base__risk_adjusted_sort__pred_weight__cs40_v2086_v596_rp10_mt80,2025-12-08,300059,0.1975869910220076,0.12473198478738984,0.5372905,-0.0252136752136752,0.8187500000000001,0.7410714285714286,0.016451611283908,0.0251580622982261,4.3154,1.055970575904257,-0.0782828282828284
lstm_sl10_base__risk_adjusted_sort__pred_weight__cs40_v2086_v596_rp10_mt80,2025-12-08,600795,0.19637125608230618,0.12396452013184758,0.5339846,0.0314685314685315,0.7917857142857142,0.29642857142857143,0.0114794663875469,0.0047224791037527,0.6348,-0.0610439747363437,0.0896637608966379
lstm_sl10_base__risk_adjusted_sort__pred_weight__cs40_v2086_v596_rp10_mt80,2025-12-09,601059,0.20475213994708474,0.20461330101574202,0.56270987,0.0,0.9744166666666667,0.25583333333333336,0.0087875123392832,0.0,2.6044,0.0,0.0
lstm_sl10_base__risk_adjusted_sort__pred_weight__cs40_v2086_v596_rp10_mt80,2025-12-09,601995,0.2011866442831056,0.19745729166699463,0.552911,0.0,0.9429166666666666,0.2375,0.0048295477910348,1.0157195133282304e-09,0.5192,0.0,0.0
lstm_sl10_base__risk_adjusted_sort__pred_weight__cs40_v2086_v596_rp10_mt80,2025-12-09,600795,0.19944775528584466,0.18547360814044334,0.5481321,0.0173611111111111,0.9023333333333333,0.31000000000000005,0.0114453693467324,0.0047163265541787,0.6156,-0.1053885950124977,0.2041284403669727
lstm_sl10_base__risk_adjusted_sort__pred_weight__cs40_v2086_v596_rp10_mt80,2025-12-09,000002,0.19919572572358915,0.1623393569815304,0.54743946,0.0252100840336134,0.8358333333333333,0.6416666666666666,0.0197342914252779,0.0145216619034417,2.4254,-0.1181421865739748,0.0873664362036454
lstm_sl10_base__risk_adjusted_sort__pred_weight__cs40_v2086_v596_rp10_mt80,2025-12-09,000596,0.19541773476037574,0.15924021567562444,0.5370566,-0.0246483590087072,0.7915,0.7516666666666667,0.0170453582532621,0.0209264543060282,0.8514,0.3780043699927167,0.1304807184363445
lstm_sl10_base__risk_adjusted_sort__pred_weight__cs40_v2086_v596_rp10_mt80,2025-12-10,601059,0.20326095972194416,0.20330608244611986,0.5578244,0.0,0.9731060606060606,0.2689393939393939,0.0064128438967843,0.0,2.6044,0.0,0.0
lstm_sl10_base__risk_adjusted_sort__pred_weight__cs40_v2086_v596_rp10_mt80,2025-12-10,601995,0.20059412350607952,0.2004894588045654,0.5505056,0.0,0.944469696969697,0.25227272727272726,0.004600933856971,1.0157195133282304e-09,0.5192,0.0,0.0
lstm_sl10_base__risk_adjusted_sort__pred_weight__cs40_v2086_v596_rp10_mt80,2025-12-10,600795,0.2001160402426124,0.1996274753899101,0.54919356,0.0034364261168385,0.8595454545454545,0.4954545454545455,0.0116784367890736,0.0072363340008157,0.7344,0.0332020258863252,0.3163596966413871
lstm_sl10_base__risk_adjusted_sort__pred_weight__cs40_v2086_v596_rp10_mt80,2025-12-10,002422,0.20021868290174324,0.1935381116252239,0.54947525,-0.054120541205412,0.8563636363636364,0.8303030303030303,0.0215282102197979,0.0109800557486362,0.9391,0.5144820023222811,0.0879332477535301
lstm_sl10_base__risk_adjusted_sort__pred_weight__cs40_v2086_v596_rp10_mt80,2025-12-10,002241,0.1958101936276206,0.18927671764905604,0.5373767,-0.0515912897822446,0.813030303030303,0.6575757575757576,0.0189225630338017,0.0115027421833081,2.8043,-0.1555729535223354,-0.0618626784500337
lstm_sl10_base__risk_adjusted_sort__pred_weight__cs40_v2086_v596_rp10_mt80,2025-12-11,601059,0.2020415836482768,0.2020415836482768,0.560888,0.0680157391793141,0.9755147058823529,0.24485294117647058,0.0054699754250717,0.0,2.6044,0.0,0.0
lstm_sl10_base__risk_adjusted_sort__pred_weight__cs40_v2086_v596_rp10_mt80,2025-12-11,600795,0.20203252057999113,0.20203252057999113,0.56086284,0.0171526586620925,0.9347058823529412,0.3588235294117647,0.0115148256309096,0.0066717419106134,0.7421,0.0945266294007463,-0.0841320553780615
lstm_sl10_base__risk_adjusted_sort__pred_weight__cs40_v2086_v596_rp10_mt80,2025-12-11,601995,0.19959244793971498,0.19959244793971498,0.55408895,0.1000286615075953,0.9171323529411765,0.2404411764705882,0.0036227788118412,1.0157195133282304e-09,0.5192,0.0,0.0
lstm_sl10_base__risk_adjusted_sort__pred_weight__cs40_v2086_v596_rp10_mt80,2025-12-11,600176,0.19869265744284062,0.19869265744284062,0.55159104,-0.009771986970684,0.8347058823529412,0.7705882352941177,0.0207823046644125,0.0138642846282547,0.7395,-0.0043488212405584,0.0890688259109311
lstm_sl10_base__risk_adjusted_sort__pred_weight__cs40_v2086_v596_rp10_mt80,2025-12-11,002422,0.1976407903891766,0.1976407903891766,0.54867095,-0.028125,0.8214705882352941,0.6088235294117648,0.0189903068586682,0.008967248152606,1.019,0.5180406995798945,-0.1759950248756219
lstm_sl10_base__risk_adjusted_sort__pred_weight__cs40_v2086_v596_rp10_mt80,2025-12-12,601059,0.2013363748264308,0.2013363748264308,0.5559134,0.0061832490163013,0.9849107142857143,0.15089285714285716,0.0028055787376214,0.0,2.6044,0.0,0.0
lstm_sl10_base__risk_adjusted_sort__pred_weight__cs40_v2086_v596_rp10_mt80,2025-12-12,601995,0.1996560262359854,0.1996560262359854,0.55127376,0.0226425910002866,0.9140178571428572,0.14553571428571427,0.002124063134823,1.0157195133282304e-09,0.5192,0.0,0.0
lstm_sl10_base__risk_adjusted_sort__pred_weight__cs40_v2086_v596_rp10_mt80,2025-12-12,600176,0.20022769331125476,0.20022769331125476,0.5528522,0.0039630118890355,0.9125,0.5178571428571428,0.019086472695852,0.0088646884678688,0.777,0.0103374292958846,-0.2324371205550737
lstm_sl10_base__risk_adjusted_sort__pred_weight__cs40_v2086_v596_rp10_mt80,2025-12-12,600795,0.19945221021302692,0.19945221021302692,0.550711,0.0152542372881356,0.8628571428571429,0.3,0.0109289288766536,0.0069855164424056,0.7589,0.1297525828445529,-0.0444893832153687
lstm_sl10_base__risk_adjusted_sort__pred_weight__cs40_v2086_v596_rp10_mt80,2025-12-12,601825,0.19932769541330214,0.19932769541330214,0.5503672,0.0097087378640776,0.7998214285714285,0.5732142857142858,0.0126980002937968,0.0111772762489792,0.6054,1.115895428491542,0.1009174311926606
lstm_sl10_base__risk_adjusted_sort__pred_weight__cs40_v2086_v596_rp10_mt80,2025-12-15,600176,0.20308820154870105,0.20307336860925965,0.55867904,0.0099140779907468,0.9457692307692308,0.5423076923076924,0.0187565857573707,0.0076511897102677,0.5738,-0.1527876210725254,-0.1767441860465115
lstm_sl10_base__risk_adjusted_sort__pred_weight__cs40_v2086_v596_rp10_mt80,2025-12-15,600795,0.1996631851927988,0.19966209119871145,0.5492571,0.0034129692832763,0.9353846153846154,0.26153846153846155,0.0110743974017029,0.0074573398674463,0.598,-0.062019637983499,-0.2842105263157893
lstm_sl10_base__risk_adjusted_sort__pred_weight__cs40_v2086_v596_rp10_mt80,2025-12-15,601066,0.19965404279098442,0.1986187525278123,0.54923195,0.0195562241444151,0.8996153846153847,0.23461538461538461,0.0066876694492728,0.0030320233027292,0.3546,-0.0359677024712502,-0.0466926070038915
lstm_sl10_base__risk_adjusted_sort__pred_weight__cs40_v2086_v596_rp10_mt80,2025-12-15,601059,0.1982351165833445,0.19825119791291723,0.5453286,0.0067453625632378,0.8233653846153846,0.2278846153846154,0.0016592445185882,0.0,2.6044,0.0,0.0
lstm_sl10_base__risk_adjusted_sort__pred_weight__cs40_v2086_v596_rp10_mt80,2025-12-15,300759,0.1993594538841712,0.19832569118849833,0.54842156,0.0118055555555555,0.8048076923076923,0.798076923076923,0.0160710698679024,0.0241031255132353,1.483,0.2834715178370521,0.0860409145607701
lstm_sl10_base__risk_adjusted_sort__pred_weight__cs40_v2086_v596_rp10_mt80,2025-12-16,601009,0.201260527322656,0.0805042109290624,0.5603176,-0.0026572187776794,0.9175,0.325,0.0126206964410487,0.005613526300398,0.2581,-0.3218780378865505,-0.2671394799054373
lstm_sl10_base__risk_adjusted_sort__pred_weight__cs40_v2086_v596_rp10_mt80,2025-12-16,688256,0.20546904981147548,0.0821876199245902,0.5720343,0.0063695270488384,0.916,0.84,0.0262911980542716,0.0142350056788979,1.7676,-0.0109004633256485,0.0846891948268668
lstm_sl10_base__risk_adjusted_sort__pred_weight__cs40_v2086_v596_rp10_mt80,2025-12-16,601018,0.19724427928724617,0.07889771171489847,0.5491362,0.002710027100271,0.8192499999999999,0.30750000000000005,0.0098112936919767,0.0110101881535931,0.2753,-0.3436643223268566,-0.4309799789251843
lstm_sl10_base__risk_adjusted_sort__pred_weight__cs40_v2086_v596_rp10_mt80,2025-12-16,002028,0.19916547930397005,0.07966619172158802,0.5544849,0.004957127545552,0.804,0.9599999999999999,0.0257592148119327,0.0216498450015328,1.8543,0.393906591795774,0.2769230769230768
lstm_sl10_base__risk_adjusted_sort__pred_weight__cs40_v2086_v596_rp10_mt80,2025-12-16,000999,0.19686066427465226,0.07874426570986091,0.5480682,0.0149519401922392,0.781,0.19000000000000003,0.009435593847144,0.0051177175998606,0.3105,-0.380832735104092,-0.1432791728212701
lstm_sl10_base__risk_adjusted_sort__pred_weight__cs40_v2086_v596_rp10_mt80,2025-12-17,601009,0.2038015021355021,0.14523961781245104,0.56636864,-0.0035118525021949,0.9594230769230769,0.40576923076923077,0.0126209878525152,0.004412380672221,0.2796,-0.2649069302765801,0.0140306122448978
lstm_sl10_base__risk_adjusted_sort__pred_weight__cs40_v2086_v596_rp10_mt80,2025-12-17,001965,0.20034986206455094,0.10519071191972867,0.55677646,-0.004040404040404,0.9342307692307692,0.2730769230769231,0.0108945354998641,0.0045656351381479,0.1962,-0.303291786513263,-0.2130434782608696
lstm_sl10_base__risk_adjusted_sort__pred_weight__cs40_v2086_v596_rp10_mt80,2025-12-17,601018,0.19996110644621884,0.14246024451616238,0.5556961,-0.0053908355795148,0.8851923076923077,0.37884615384615383,0.0099293433264982,0.0103956887701954,0.2982,-0.2945351312987935,-0.0610599078341014
lstm_sl10_base__risk_adjusted_sort__pred_weight__cs40_v2086_v596_rp10_mt80,2025-12-17,000999,0.19874140710411994,0.14174697807273523,0.55230653,0.0056777856635911,0.8615384615384615,0.23076923076923078,0.0092868908880892,0.0053575949748264,0.3171,-0.3299099784455432,-0.1530460624071321
lstm_sl10_base__risk_adjusted_sort__pred_weight__cs40_v2086_v596_rp10_mt80,2025-12-17,600377,0.19714612224960826,0.10350863603274443,0.5478732,-0.0074441687344912,0.7842307692307693,0.23461538461538464,0.0090537436302556,0.009191906524249,0.2569,-0.3650519031141868,-0.2183770883054893
lstm_sl10_base__risk_adjusted_sort__pred_weight__cs40_v2086_v596_rp10_mt80,2025-12-18,601018,0.2048654728705067,0.17156920556678296,0.56468254,-0.0107526881720428,0.9728846153846153,0.2711538461538462,0.0098249288960494,0.0095181347361318,0.2082,-0.5068454213842437,-0.3374233128834356
lstm_sl10_base__risk_adjusted_sort__pred_weight__cs40_v2086_v596_rp10_mt80,2025-12-18,000708,0.1991867325728665,0.09291078637420475,0.5490299,0.0226830848995463,0.9003846153846154,0.6115384615384615,0.0204666889326081,0.0131956945251666,0.2043,-0.4490736995388722,-0.1803278688524588
lstm_sl10_base__risk_adjusted_sort__pred_weight__cs40_v2086_v596_rp10_mt80,2025-12-18,600760,0.19899794721133773,0.09282272731440185,0.54850954,0.0185049468669841,0.8536538461538462,0.6942307692307693,0.0198741742164562,0.0118346207783907,0.5589,-0.2280599983425872,-0.147947327652982
lstm_sl10_base__risk_adjusted_sort__pred_weight__cs40_v2086_v596_rp10_mt80,2025-12-18,002371,0.19876766505979498,0.0927153120487794,0.5478748,0.0762331838565022,0.828076923076923,0.5653846153846154,0.0263397006624264,0.0089220611046728,0.5791,-0.3312701363788586,-0.3496672716273442
lstm_sl10_base__risk_adjusted_sort__pred_weight__cs40_v2086_v596_rp10_mt80,2025-12-18,603993,0.19818218228549417,0.09244221321199347,0.546261,0.0278551532033425,0.7726923076923077,0.7346153846153847,0.0277441926374049,0.0208854385864135,0.8129,-0.3515320245379197,-0.3042291950886767
lstm_sl10_base__risk_adjusted_sort__pred_weight__cs40_v2086_v596_rp10_mt80,2025-12-19,000725,0.20150171397704764,0.09729320316486205,0.5496315,-0.0073349633251834,0.9485714285714286,0.5142857142857142,0.0163835461565122,0.0081563433440076,1.1736,-0.397777070782746,-0.4085365853658539
lstm_sl10_base__risk_adjusted_sort__pred_weight__cs40_v2086_v596_rp10_mt80,2025-12-19,601018,0.20128933542358604,0.1859192901153114,0.5490522,-0.0080862533692721,0.9342857142857143,0.30000000000000004,0.0082519633201999,0.0064861473566396,0.2241,-0.4580804294730733,-0.2960526315789473
lstm_sl10_base__risk_adjusted_sort__pred_weight__cs40_v2086_v596_rp10_mt80,2025-12-19,601919,0.20055006155330257,0.09683370676268103,0.5470357,-0.0098039215686273,0.8694642857142857,0.5910714285714287,0.0104549511808138,0.0091124950530853,0.4079,-0.1205260888313928,-0.1637426900584796
lstm_sl10_base__risk_adjusted_sort__pred_weight__cs40_v2086_v596_rp10_mt80,2025-12-19,000425,0.19949124833001183,0.09632246877857632,0.5441476,-0.0480427046263345,0.8016071428571429,0.9125000000000001,0.0183676975054916,0.0165821737786482,0.6569,-0.017543334878782,0.1253091508656223
lstm_sl10_base__risk_adjusted_sort__pred_weight__cs40_v2086_v596_rp10_mt80,2025-12-19,601456,0.1971676407160519,0.09520053674535216,0.53780955,-0.0142721217887725,0.7748214285714285,0.4660714285714285,0.0148664432661298,0.0077785853623884,0.941,-0.520039988166767,-0.5516162669447341
lstm_sl10_base__risk_adjusted_sort__pred_weight__cs40_v2086_v596_rp10_mt80,2025-12-22,601919,0.19940939094583604,0.1428114101601946,0.5374443,-0.0084635416666665,0.9173214285714286,0.46964285714285714,0.010167223928666,0.0091211007013574,0.4012,-0.1432293335041748,-0.4146005509641873
lstm_sl10_base__risk_adjusted_sort__pred_weight__cs40_v2086_v596_rp10_mt80,2025-12-22,688256,0.2053102721888581,0.09796987497118069,0.55334824,0.0248552652167109,0.9103571428571429,0.8964285714285714,0.0249722777207772,0.0299937427801367,1.5482,-0.0118461027853659,-0.1256983240223466
lstm_sl10_base__risk_adjusted_sort__pred_weight__cs40_v2086_v596_rp10_mt80,2025-12-22,600845,0.19851002631738404,0.08897854480947386,0.53502035,0.0127576054955838,0.8851785714285715,0.43392857142857144,0.0092324268793569,0.0042879544654113,0.4815,-0.040511727078891,-0.1077636152954809
lstm_sl10_base__risk_adjusted_sort__pred_weight__cs40_v2086_v596_rp10_mt80,2025-12-22,000858,0.19844644987022741,0.08895004781183048,0.534849,-0.0062653228003268,0.8791071428571429,0.1375,0.0072639191367267,0.0035256192089772,0.2794,-0.3917889329095738,-0.3621399176954732
lstm_sl10_base__risk_adjusted_sort__pred_weight__cs40_v2086_v596_rp10_mt80,2025-12-22,002736,0.1983238606776943,0.08889509941369,0.5345186,0.0083523158694002,0.802142857142857,0.55,0.0144052848417878,0.009698807555416,0.2168,-0.3828285128672284,-0.2988929889298893
lstm_sl10_base__risk_adjusted_sort__pred_weight__cs40_v2086_v596_rp10_mt80,2025-12-23,601360,0.20515068087246546,0.08206027234898619,0.551001,0.0210124164278891,0.907,0.93,0.0192513614132663,0.0160138312710912,3.0225,0.4205880694102386,0.722972972972973
lstm_sl10_base__risk_adjusted_sort__pred_weight__cs40_v2086_v596_rp10_mt80,2025-12-23,300274,0.19955629525335167,0.07982251810134067,0.5359754,0.0541207633495876,0.8805000000000001,0.8616666666666667,0.024708785448054,0.03196122872017,3.1815,-0.1758049599365823,-0.1393206678180774
lstm_sl10_base__risk_adjusted_sort__pred_weight__cs40_v2086_v596_rp10_mt80,2025-12-23,300628,0.19949677560121987,0.07979871024048796,0.53581554,0.0038599393438102,0.8788333333333334,0.545,0.0109713172733428,0.0068230412624616,1.1183,-0.1508603015991131,0.1962833914053425
lstm_sl10_base__risk_adjusted_sort__pred_weight__cs40_v2086_v596_rp10_mt80,2025-12-23,600039,0.19808909822361837,0.07923563928944735,0.53203475,-0.0121827411167513,0.8366666666666667,0.6333333333333333,0.0196117247141159,0.009834676590452,0.2396,-0.4297817653918464,-0.3018867924528301
lstm_sl10_base__risk_adjusted_sort__pred_weight__cs40_v2086_v596_rp10_mt80,2025-12-23,600482,0.1977071500493446,0.07908286001973786,0.5310089,0.0344827586206895,0.8063333333333333,0.6033333333333334,0.0161794451983839,0.0108661668124049,0.4745,-0.367240528610863,-0.3560209424083769
lstm_sl10_base__risk_adjusted_sort__pred_weight__cs40_v2086_v596_rp10_mt80,2025-12-24,002352,0.20691560230284645,0.08994362629373073,0.58480674,0.0036591740721378,0.962027027027027,0.37972972972972974,0.0092925558109811,0.0082111431385503,0.2474,-0.461131319291673,-0.3228200371057513
lstm_sl10_base__risk_adjusted_sort__pred_weight__cs40_v2086_v596_rp10_mt80,2025-12-24,300628,0.19978819205355094,0.1319566383583333,0.5646625,-0.0125204137180185,0.9075675675675676,0.654054054054054,0.0110445792243111,0.0094704727981786,0.9667,-0.2295799230137793,0.2656072644721907
lstm_sl10_base__risk_adjusted_sort__pred_weight__cs40_v2086_v596_rp10_mt80,2025-12-24,601318,0.19885793173956304,0.086441057604487,0.5620333,-0.0031884057971014,0.8795945945945945,0.6635135135135135,0.0189281334689119,0.0080709304551298,0.4797,-0.3742091187789446,-0.1750278706800445
lstm_sl10_base__risk_adjusted_sort__pred_weight__cs40_v2086_v596_rp10_mt80,2025-12-24,601117,0.19739872297676847,0.08580675779246395,0.55790913,-0.0195312499999998,0.8705405405405406,0.48378378378378384,0.009945093566527,0.0054070558312299,0.501,-0.2265295725070631,-0.0179910044977511
lstm_sl10_base__risk_adjusted_sort__pred_weight__cs40_v2086_v596_rp10_mt80,2025-12-24,601668,0.19703955092727107,0.08565063019147298,0.556894,-0.0095969289827254,0.8568918918918919,0.35,0.0087645241393125,0.0051994343051605,0.2408,-0.2850780832492132,-0.2315369261477046
lstm_sl10_base__risk_adjusted_sort__pred_weight__cs40_v2086_v596_rp10_mt80,2025-12-25,603501,0.20219533299756,0.0931729182814844,0.57741654,-0.0064475546469569,0.9323611111111111,0.6763888888888889,0.0151565088092814,0.0064916101898389,0.7772,-0.3152181574681045,0.0116731517509727
lstm_sl10_base__risk_adjusted_sort__pred_weight__cs40_v2086_v596_rp10_mt80,2025-12-25,000301,0.20141692077276716,0.09281422088953811,0.5751936,0.0528338136407301,0.8968055555555555,0.7541666666666667,0.0184974006470561,0.0097453168540518,0.2065,-0.3778246459777041,-0.0936426116838488
lstm_sl10_base__risk_adjusted_sort__pred_weight__cs40_v2086_v596_rp10_mt80,2025-12-25,300628,0.20053996303244026,0.16356027831677977,0.57268924,-0.0276797829036634,0.8952777777777777,0.4916666666666667,0.0110787785698551,0.0093715825930922,0.723,-0.3983222928664158,-0.261501210653753
lstm_sl10_base__risk_adjusted_sort__pred_weight__cs40_v2086_v596_rp10_mt80,2025-12-25,600406,0.1983882447070812,0.09141858735346313,0.5665445,-0.0152638464893152,0.8911111111111111,0.2555555555555556,0.0081188241797909,0.0038753471863096,0.2823,-0.3168288078989401,-0.3213728549141964
lstm_sl10_base__risk_adjusted_sort__pred_weight__cs40_v2086_v596_rp10_mt80,2025-12-25,600660,0.1974595384901513,0.0909906335170679,0.56389236,0.0161543287327477,0.84625,0.42638888888888893,0.0103318494238165,0.0066666060333679,0.3123,-0.3829404674873051,-0.1836734693877552
lstm_sl10_base__risk_adjusted_sort__pred_weight__cs40_v2086_v596_rp10_mt80,2025-12-26,300628,0.20294994537545444,0.1861766252588163,0.586011,-0.0030136986301371,0.9621621621621621,0.3783783783783784,0.0112233073299121,0.0089370209126324,0.6246,-0.4003744059904958,-0.1759603469640644
lstm_sl10_base__risk_adjusted_sort__pred_weight__cs40_v2086_v596_rp10_mt80,2025-12-26,688187,0.20000904114645282,0.11483909877618638,0.57751924,0.0180734856007945,0.914054054054054,0.5891891891891893,0.0142886369746734,0.0091861475100517,0.3633,-0.0531912121133146,-0.2648539778449144
lstm_sl10_base__risk_adjusted_sort__pred_weight__cs40_v2086_v596_rp10_mt80,2025-12-26,601318,0.1996855706339878,0.13450067336383525,0.57658523,0.0197183098591549,0.8770270270270271,0.6891891891891893,0.018715534884869,0.0130844389579611,0.6163,-0.1825067317513165,-0.1226645004061737
lstm_sl10_base__risk_adjusted_sort__pred_weight__cs40_v2086_v596_rp10_mt80,2025-12-26,603501,0.1996809887613313,0.15432660791564462,0.576572,0.000310462589258,0.8458108108108109,0.7310810810810812,0.015321741954654,0.0069456134961285,1.1475,0.1310879143625987,0.4164648910411621
lstm_sl10_base__risk_adjusted_sort__pred_weight__cs40_v2086_v596_rp10_mt80,2025-12-26,688009,0.19767445408277357,0.11349865000011752,0.5707782,0.0054744525547445,0.8401351351351352,0.24729729729729732,0.0074861683809778,0.0057854811312207,0.2719,-0.2044590087190592,-0.131326949384405
lstm_sl10_base__risk_adjusted_sort__pred_weight__cs40_v2086_v596_rp10_mt80,2025-12-29,000938,0.19944254802863146,0.09217455953606876,0.5811931,0.0328068043742405,0.9313157894736842,0.4236842105263158,0.0141848183896245,0.0039381664481333,1.3449,0.0933079699541508,0.0259301014656145
lstm_sl10_base__risk_adjusted_sort__pred_weight__cs40_v2086_v596_rp10_mt80,2025-12-29,601318,0.20371797511579454,0.16649020801592013,0.59365207,0.0593548387096774,0.9285526315789474,0.7144736842105261,0.0194154390344433,0.0170511991618483,0.6151,-0.0823648759529173,-0.0171898355754857
lstm_sl10_base__risk_adjusted_sort__pred_weight__cs40_v2086_v596_rp10_mt80,2025-12-29,002415,0.19925399846048564,0.09208741928657665,0.58064365,0.0321924771263978,0.9151315789473684,0.3223684210526316,0.0099952578152636,0.006984246322515,0.3382,-0.0188569770815202,-0.1154970760233918
lstm_sl10_base__risk_adjusted_sort__pred_weight__cs40_v2086_v596_rp10_mt80,2025-12-29,601601,0.19888498075531574,0.09191687370956084,0.5795683,0.1141034727143869,0.8426315789473684,0.7842105263157895,0.0216061375019903,0.0144751705990945,0.4503,-0.0645643774149321,0.1177347242921011
lstm_sl10_base__risk_adjusted_sort__pred_weight__cs40_v2086_v596_rp10_mt80,2025-12-29,601688,0.19870049763977257,0.09183161281570888,0.5790307,0.0894759267149551,0.8318421052631579,0.6289473684210527,0.0217025368380465,0.0108610142081328,1.0078,-0.245607862805129,-0.1899671052631578
lstm_sl10_base__risk_adjusted_sort__pred_weight__cs40_v2086_v596_rp10_mt80,2025-12-30,000938,0.20059854622146642,0.1525311461099465,0.5894025,0.0295188030731904,0.9393589743589743,0.35000000000000003,0.0138798522873205,0.0028462971239277,1.241,0.0120367954070981,-0.2099192618223759
lstm_sl10_base__risk_adjusted_sort__pred_weight__cs40_v2086_v596_rp10_mt80,2025-12-30,600115,0.20315543510164252,0.11309092186625415,0.5969152,0.0758377425044092,0.921923076923077,0.7807692307692308,0.020013493260706,0.0143952012654029,0.6298,-0.1476980539691991,0.2208201892744479
lstm_sl10_base__risk_adjusted_sort__pred_weight__cs40_v2086_v596_rp10_mt80,2025-12-30,601688,0.2001358169601506,0.15212151981503616,0.5880429,0.0560271646859084,0.8898717948717948,0.5884615384615385,0.021510805424419,0.0111942644493479,0.7089,-0.4628121092713977,-0.2438130155820348
lstm_sl10_base__risk_adjusted_sort__pred_weight__cs40_v2086_v596_rp10_mt80,2025-12-30,601601,0.1983078049452539,0.15114171544531857,0.5826718,0.1252983293556084,0.8357692307692308,0.8730769230769231,0.0219684434680782,0.0152012979748332,0.4549,-0.0400725906856022,0.1263940520446096
lstm_sl10_base__risk_adjusted_sort__pred_weight__cs40_v2086_v596_rp10_mt80,2025-12-30,600482,0.19780239677148664,0.11255857661119303,0.5811868,0.0838122605363984,0.8328205128205128,0.6461538461538462,0.0150901750101519,0.010317258112895,0.8744,0.076847290640394,0.0678642714570858
lstm_sl10_base__risk_adjusted_sort__pred_weight__cs40_v2086_v596_rp10_mt80,2025-12-31,000938,0.2012538080228637,0.17905011770104834,0.5952516,0.0364372469635627,0.9666216216216216,0.3337837837837838,0.0136728253194834,0.0037404297275422,1.2163,0.0016635372401752,-0.1655886157826649
lstm_sl10_base__risk_adjusted_sort__pred_weight__cs40_v2086_v596_rp10_mt80,2025-12-31,688008,0.2003647977069441,0.10905537935805244,0.59262216,0.096234309623431,0.9082432432432432,0.6472972972972973,0.018264895538652,0.0096880780390627,1.7228,-0.0857324806962612,-0.0132960111966409
lstm_sl10_base__risk_adjusted_sort__pred_weight__cs40_v2086_v596_rp10_mt80,2025-12-31,600482,0.2000108556739167,0.16015746413065007,0.5915753,0.1333333333333334,0.9010810810810811,0.4486486486486487,0.0146314411409072,0.0080494152031605,0.732,-0.0664694179462326,-0.2985409652076318
lstm_sl10_base__risk_adjusted_sort__pred_weight__cs40_v2086_v596_rp10_mt80,2025-12-31,300033,0.19925415691370174,0.10845087520151529,0.5893372,0.0719504643962848,0.8491891891891892,0.6972972972972974,0.0172794525208419,0.0115153310428826,1.9658,0.0118698333281859,-0.065074135090609
lstm_sl10_base__risk_adjusted_sort__pred_weight__cs40_v2086_v596_rp10_mt80,2025-12-31,000977,0.19911638168257373,0.10837588632987336,0.5889297,-0.0068564614696676,0.8331081081081081,0.5878378378378379,0.02159911377608,0.0099538674692439,2.0913,-0.3481249201248079,-0.2316258351893095
lstm_sl10_base__risk_adjusted_sort__pred_weight__cs40_v2086_v596_rp10_mt80,2026-01-05,600111,0.20605957011887888,0.0824858792780529,0.60315657,0.0659434162944054,0.9654166666666667,0.3458333333333334,0.0140109862126115,0.008278270878602,2.2795,0.2715598991454133,-0.2456556082148496
lstm_sl10_base__risk_adjusted_sort__pred_weight__cs40_v2086_v596_rp10_mt80,2026-01-05,600309,0.20106507739933702,0.08048657818622994,0.5885372,0.0298584966896014,0.92375,0.4847222222222222,0.0179032906906864,0.0090670468815965,0.8355,0.0316980106936022,0.2043010752688172
lstm_sl10_base__risk_adjusted_sort__pred_weight__cs40_v2086_v596_rp10_mt80,2026-01-05,600460,0.19837037779878688,0.07940788688442162,0.58064955,0.0274305555555556,0.9084722222222222,0.3597222222222223,0.0121081054659154,0.008216002480914,2.1252,0.6413979532728324,-0.4337194337194338
lstm_sl10_base__risk_adjusted_sort__pred_weight__cs40_v2086_v596_rp10_mt80,2026-01-05,601618,0.19769086520561988,0.07913587722383875,0.57866055,0.037037037037037,0.8534722222222222,0.6319444444444444,0.0265834206672215,0.0124676246959041,1.1877,0.2181663401675915,-0.2508324084350721
lstm_sl10_base__risk_adjusted_sort__pred_weight__cs40_v2086_v596_rp10_mt80,2026-01-05,002736,0.19681410947737737,0.07923604331260369,0.5760942,0.0007451564828613,0.8213888888888888,0.6750000000000002,0.0149233255325199,0.0117029580083772,0.4593,0.6626846220677671,0.3125
lstm_sl10_base__risk_adjusted_sort__pred_weight__cs40_v2086_v596_rp10_mt80,2026-01-06,600111,0.2028542756166874,0.1471006239362978,0.6083804,0.0647058823529411,0.93203125,0.6796875,0.0150030160820309,0.0134191725895031,3.9386,1.0074720816322364,0.4388020833333337
lstm_sl10_base__risk_adjusted_sort__pred_weight__cs40_v2086_v596_rp10_mt80,2026-01-06,688041,0.20129764232324712,0.10805822919191414,0.6037119,0.0894920958242926,0.91734375,0.5140625,0.0236135278382938,0.0114918489345847,0.9646,0.0947057822164216,0.027434104357181
lstm_sl10_base__risk_adjusted_sort__pred_weight__cs40_v2086_v596_rp10_mt80,2026-01-06,000977,0.20107497557517826,0.13804287513393687,0.6030441,0.0435803374908291,0.88453125,0.5296875,0.0216565615885664,0.0123797234111915,4.0684,0.168110391083267,0.0944881889763777
lstm_sl10_base__risk_adjusted_sort__pred_weight__cs40_v2086_v596_rp10_mt80,2026-01-06,002475,0.1984401190663588,0.1065242872169842,0.5951419,-0.0567796610169491,0.8409375,0.6531250000000001,0.0218552693328141,0.020642438130066,1.9471,0.416907414549662,-0.1656976744186046
lstm_sl10_base__risk_adjusted_sort__pred_weight__cs40_v2086_v596_rp10_mt80,2026-01-06,000938,0.1963329874185285,0.15512891291049513,0.5888224,0.0666666666666667,0.82640625,0.4859375,0.0150024181326387,0.0126825666410185,2.1319,0.4614867829329823,-0.0677966101694916
lstm_sl10_base__risk_adjusted_sort__pred_weight__cs40_v2086_v596_rp10_mt80,2026-01-07,000977,0.20681691483631226,0.1790913966110378,0.6404486,0.0115641215715344,0.9425,0.5750000000000001,0.0215323536760443,0.0130105356372361,3.2022,-0.0084809526905893,0.0592160133444537
lstm_sl10_base__risk_adjusted_sort__pred_weight__cs40_v2086_v596_rp10_mt80,2026-01-07,601618,0.20342214556641047,0.136191790625171,0.62993604,0.0131147540983607,0.88421875,0.8453124999999999,0.0264580438547583,0.0169389851020342,1.5023,0.3636074829129261,0.0944444444444443
lstm_sl10_base__risk_adjusted_sort__pred_weight__cs40_v2086_v596_rp10_mt80,2026-01-07,300408,0.19742089297877952,0.1178327723736719,0.611352,0.0530629853321828,0.8753124999999999,0.6218750000000001,0.0224757766935034,0.0144894439883937,0.9683,-0.0981400244022838,0.1111111111111107
lstm_sl10_base__risk_adjusted_sort__pred_weight__cs40_v2086_v596_rp10_mt80,2026-01-07,000938,0.19653014935749924,0.17983968387622457,0.60859364,0.0322073841319717,0.8525,0.5375000000000001,0.0145148355647352,0.0131394845047403,2.0816,0.3569221542834047,0.0197775030902349
lstm_sl10_base__risk_adjusted_sort__pred_weight__cs40_v2086_v596_rp10_mt80,2026-01-07,688169,0.19580989726099854,0.11687123234189498,0.60636324,0.0001892744479495,0.79546875,0.7953125000000001,0.0181435247542925,0.0207712098695178,2.0396,0.3127373366801826,0.5146094215861661
lstm_sl10_base__risk_adjusted_sort__pred_weight__cs40_v2086_v596_rp10_mt80,2026-01-08,601618,0.20991530650543064,0.17925982371913404,0.64893746,-0.006514657980456,0.9545833333333333,0.4541666666666667,0.0138801418913622,0.0122285865006771,0.906,-0.1842541237484691,-0.0934371523915462
lstm_sl10_base__risk_adjusted_sort__pred_weight__cs40_v2086_v596_rp10_mt80,2026-01-08,300316,0.20076238882651778,0.11728199751144444,0.6206419,0.0,0.88375,0.8847222222222223,0.0263703284673411,0.0174263517701059,2.4029,0.2858465374880266,0.1274845784784102
lstm_sl10_base__risk_adjusted_sort__pred_weight__cs40_v2086_v596_rp10_mt80,2026-01-08,600926,0.1951791710202682,0.11402037594634017,0.6033818,-0.0095177664974618,0.8837499999999999,0.32916666666666666,0.0112686416075716,0.009127531796876,0.5689,-0.0908364496436219,-0.1697877652933831
lstm_sl10_base__risk_adjusted_sort__pred_weight__cs40_v2086_v596_rp10_mt80,2026-01-08,000977,0.199874966405462,0.19123280713696508,0.6178985,0.0477262494371904,0.8616666666666666,0.8277777777777777,0.0208952153547207,0.0131323237002288,4.4833,0.3389899858733016,0.4274750575594781
lstm_sl10_base__risk_adjusted_sort__pred_weight__cs40_v2086_v596_rp10_mt80,2026-01-08,000338,0.19426816724232132,0.11348818292232507,0.6005655,0.0725761772853186,0.83375,0.5513888888888889,0.0142524959621391,0.0129748340937706,1.1171,0.0281354403467921,-0.2139917695473252
lstm_sl10_base__risk_adjusted_sort__pred_weight__cs40_v2086_v596_rp10_mt80,2026-01-09,300408,0.20412545998522041,0.14380985654749107,0.62417525,0.0440593025683859,0.9079166666666667,0.9208333333333334,0.0228355252905148,0.0145742470997322,1.7203,0.5336952936246846,0.1957168352171323
lstm_sl10_base__risk_adjusted_sort__pred_weight__cs40_v2086_v596_rp10_mt80,2026-01-09,601618,0.2002112922908139,0.1920651448939182,0.6122065,-0.0097402597402597,0.9068055555555555,0.3763888888888889,0.0119633169262438,0.0112809092958824,0.9836,-0.1218092372525736,-0.2995689655172414
lstm_sl10_base__risk_adjusted_sort__pred_weight__cs40_v2086_v596_rp10_mt80,2026-01-09,300316,0.2006701938080001,0.16824800173735857,0.61360973,0.0215619247962135,0.8852777777777777,0.8694444444444445,0.0263901795281205,0.0123275857734255,2.399,0.3115166358696244,0.0744089012517388
lstm_sl10_base__risk_adjusted_sort__pred_weight__cs40_v2086_v596_rp10_mt80,2026-01-09,600161,0.1979267755412748,0.12097080074479118,0.6052209,0.0017574692442882,0.8706944444444444,0.45972222222222225,0.0125960074100447,0.0086176704321202,0.5194,0.1545814253323256,-0.1223733003708281
lstm_sl10_base__risk_adjusted_sort__pred_weight__cs40_v2086_v596_rp10_mt80,2026-01-09,002049,0.19706627837469073,0.12044487376499964,0.60258967,0.1672376601954067,0.8490277777777777,0.3986111111111111,0.0137932412889008,0.0,2.7733,-0.0294561272734272,0.0
lstm_sl10_base__risk_adjusted_sort__pred_weight__cs40_v2086_v596_rp10_mt80,2026-01-12,002049,0.20446704182647696,0.17126022728331566,0.61192554,0.07867021951529,0.9644285714285714,0.3557142857142857,0.0131585631744578,0.0,2.7733,-0.0252226666572936,0.0
lstm_sl10_base__risk_adjusted_sort__pred_weight__cs40_v2086_v596_rp10_mt80,2026-01-12,000977,0.19997712764538791,0.15032871281999938,0.5984882,-0.0510404949381327,0.8894285714285715,0.8200000000000001,0.0197206589788754,0.0173598881037242,5.6549,0.5292854554403501,-0.0711346266901821
lstm_sl10_base__risk_adjusted_sort__pred_weight__cs40_v2086_v596_rp10_mt80,2026-01-12,300408,0.19995014607238884,0.17776266596251314,0.59840745,0.0996426319108681,0.8591428571428571,0.8371428571428572,0.022421125971677,0.0136629295735836,1.6841,0.407627819894518,0.0545977011494249
lstm_sl10_base__risk_adjusted_sort__pred_weight__cs40_v2086_v596_rp10_mt80,2026-01-12,000617,0.19886290395783626,0.12026931700813219,0.59515357,-0.0451354062186559,0.8441428571428571,0.7014285714285715,0.0153145991170479,0.0110782282287156,1.7892,0.4345274365799683,0.173089925625423
lstm_sl10_base__risk_adjusted_sort__pred_weight__cs40_v2086_v596_rp10_mt80,2026-01-12,601077,0.1967427804979102,0.11898709797470054,0.5888085,-0.0276497695852535,0.8427142857142856,0.43000000000000005,0.0129844960375898,0.0111437072047258,0.7808,-0.0295075446839185,-0.2221084953940634
lstm_sl10_base__risk_adjusted_sort__pred_weight__cs40_v2086_v596_rp10_mt80,2026-01-13,002049,0.20843567765660695,0.19224940717630817,0.6173268,0.0642050501205432,0.9752777777777778,0.24722222222222223,0.0128469748334935,0.0,2.7733,0.0,0.0
lstm_sl10_base__risk_adjusted_sort__pred_weight__cs40_v2086_v596_rp10_mt80,2026-01-13,000708,0.19764126153598593,0.11158853316368128,0.58535683,0.0063291139240506,0.9193055555555555,0.2513888888888889,0.0092129169528146,0.0027979506966094,0.3264,0.0354015987818805,0.2167487684729065
lstm_sl10_base__risk_adjusted_sort__pred_weight__cs40_v2086_v596_rp10_mt80,2026-01-13,000617,0.2001562683123499,0.16537331911678255,0.59280556,-0.0031380753138075,0.9016666666666666,0.7055555555555555,0.0177891567224839,0.021754813581824,1.2774,0.0144616777452171,0.2538133007931669
lstm_sl10_base__risk_adjusted_sort__pred_weight__cs40_v2086_v596_rp10_mt80,2026-01-13,605117,0.1974938029880937,0.11150457942122101,0.5849201,0.0166903409090909,0.8531944444444444,0.6347222222222223,0.0153768520695469,0.014214037658141,1.2925,0.2814792782074162,0.0159480212640286
lstm_sl10_base__risk_adjusted_sort__pred_weight__cs40_v2086_v596_rp10_mt80,2026-01-13,002311,0.19627298950696345,0.11081531073680871,0.5813044,0.0055018023145513,0.8183333333333334,0.4277777777777778,0.0158975569759459,0.0114302118343943,0.4066,-0.1913285600636436,-0.2343883661248931
lstm_sl10_base__risk_adjusted_sort__pred_weight__cs40_v2086_v596_rp10_mt80,2026-01-14,002049,0.20454474261756597,0.20019665110706478,0.61347437,-0.0643672857307648,0.9786111111111111,0.2138888888888889,0.0113723192910554,0.0,2.7733,0.0,0.0
lstm_sl10_base__risk_adjusted_sort__pred_weight__cs40_v2086_v596_rp10_mt80,2026-01-14,300408,0.2040935017314694,0.15928930947622516,0.612121,0.0188177541419513,0.8990277777777778,0.7319444444444444,0.0214430937637,0.0118684896874419,1.6733,0.257222284834141,0.0675430643698999
lstm_sl10_base__risk_adjusted_sort__pred_weight__cs40_v2086_v596_rp10_mt80,2026-01-14,605117,0.20012026666400196,0.16878243783953284,0.6002044,0.0136144578313252,0.8902777777777777,0.5416666666666667,0.0149444612580874,0.0101116280502735,1.2985,0.2268634435321574,0.017857142857143
lstm_sl10_base__risk_adjusted_sort__pred_weight__cs40_v2086_v596_rp10_mt80,2026-01-14,000625,0.19672674928545633,0.12715679631074628,0.5900265,-0.0085106382978724,0.8643055555555555,0.5236111111111111,0.0146680277333154,0.0072813424203534,1.2452,0.3119383013918011,0.1153119092627599
lstm_sl10_base__risk_adjusted_sort__pred_weight__cs40_v2086_v596_rp10_mt80,2026-01-14,601229,0.1945147397015063,0.1257270362342677,0.5833922,-0.0170854271356785,0.8518055555555555,0.37083333333333335,0.013327188277717,0.0105803286087363,0.3902,-0.0783693136189712,-0.0699126092384517
lstm_sl10_base__risk_adjusted_sort__pred_weight__cs40_v2086_v596_rp10_mt80,2026-01-15,300408,0.202782875397982,0.1836706862857375,0.6043585,0.063,0.9235526315789473,0.7644736842105264,0.0207083262511918,0.0117342609132148,1.2454,-0.0968359525139056,0.0211902614968437
lstm_sl10_base__risk_adjusted_sort__pred_weight__cs40_v2086_v596_rp10_mt80,2026-01-15,000625,0.20002845597455277,0.1680067784941809,0.59614944,-0.0110544217687075,0.9185526315789473,0.2881578947368421,0.0105760696910692,0.0071450829787302,0.7001,-0.2559093614488564,-0.1280148423005565
lstm_sl10_base__risk_adjusted_sort__pred_weight__cs40_v2086_v596_rp10_mt80,2026-01-15,002493,0.2020387178415914,0.1132577199732995,0.60214067,0.1044142614601018,0.8865789473684211,0.8710526315789474,0.0248012726274486,0.0138623860181614,0.6431,-0.0919231855408075,0.131710016602103
lstm_sl10_base__risk_adjusted_sort__pred_weight__cs40_v2086_v596_rp10_mt80,2026-01-15,601225,0.19822741302993463,0.11112120031160796,0.59078175,-0.0367383512544802,0.8810526315789473,0.4,0.013014636190244,0.0048110268105289,0.2872,-0.2579578338156262,0.1251086012163336
lstm_sl10_base__risk_adjusted_sort__pred_weight__cs40_v2086_v596_rp10_mt80,2026-01-15,600196,0.19692253775593918,0.11038972072214566,0.5868928,-0.0165111270638908,0.8368421052631579,0.3157894736842105,0.0100532082690627,0.0087120749946989,0.83,-0.2066223139863883,-0.1131351869606903
lstm_sl10_base__risk_adjusted_sort__pred_weight__cs40_v2086_v596_rp10_mt80,2026-01-16,002493,0.20929858962140696,0.16509918485251635,0.62391055,0.2180712423979148,0.9352777777777778,0.6472222222222221,0.0255582600509557,0.0162491607505997,0.4526,-0.3433061040901901,0.0260869565217389
lstm_sl10_base__risk_adjusted_sort__pred_weight__cs40_v2086_v596_rp10_mt80,2026-01-16,002311,0.2006413794657912,0.11622838202581591,0.59810376,-0.0306967984934087,0.9248611111111111,0.4736111111111111,0.0159005376661941,0.0099049206023557,0.4815,-0.0650485436893202,0.0953253895508707
lstm_sl10_base__risk_adjusted_sort__pred_weight__cs40_v2086_v596_rp10_mt80,2026-01-16,600115,0.19923422835744506,0.10755522191362342,0.5939091,0.0499999999999998,0.8802777777777777,0.6416666666666666,0.0192498705297107,0.014035896176308,0.7814,0.052830137835325,0.0372608257804631
lstm_sl10_base__risk_adjusted_sort__pred_weight__cs40_v2086_v596_rp10_mt80,2026-01-16,601225,0.19581824731936867,0.15683943468322611,0.5837262,-0.0004576659038901,0.8519444444444444,0.36944444444444446,0.0130461961025267,0.0044520943973087,0.3624,-0.0707454037283007,0.398963730569948
lstm_sl10_base__risk_adjusted_sort__pred_weight__cs40_v2086_v596_rp10_mt80,2026-01-16,000708,0.195007555235988,0.11324262351076766,0.58130956,0.0363520408163265,0.8508333333333333,0.10277777777777777,0.0084489520095479,0.0016430621207668,0.265,-0.2064442714260046,-0.1635338345864658
lstm_sl10_base__risk_adjusted_sort__pred_weight__cs40_v2086_v596_rp10_mt80,2026-01-19,600930,0.20296407095339175,0.10701573277986551,0.5828449,0.0016556291390728,0.9552857142857143,0.4471428571428572,0.0096664669195377,0.0153387190498291,5.3291,0.1385068300582381,-0.4329896907216495
lstm_sl10_base__risk_adjusted_sort__pred_weight__cs40_v2086_v596_rp10_mt80,2026-01-19,601225,0.19961474272037408,0.17939333258730913,0.57322675,-0.0214808043875685,0.9139999999999999,0.2885714285714286,0.0099211888069159,0.0039077127146776,0.3673,-0.0525935670252004,-0.2851681957186543
lstm_sl10_base__risk_adjusted_sort__pred_weight__cs40_v2086_v596_rp10_mt80,2026-01-19,688981,0.20204462191173114,0.10653094001588094,0.58020455,-0.0079199999999999,0.8982857142857142,0.7314285714285714,0.0235132767123313,0.0198751217913362,2.3882,-0.2188557915291548,-0.1603535353535353
lstm_sl10_base__risk_adjusted_sort__pred_weight__cs40_v2086_v596_rp10_mt80,2026-01-19,300014,0.1992969306242991,0.10508218016791299,0.5723141,-0.0032234432234433,0.8511428571428571,0.6314285714285715,0.0200744967721697,0.0154608959327778,2.2379,-0.2159741028668323,-0.3190770962296004
lstm_sl10_base__risk_adjusted_sort__pred_weight__cs40_v2086_v596_rp10_mt80,2026-01-19,300408,0.19607963379020416,0.1433451697671705,0.5630751,0.0210567362058879,0.815,0.7071428571428571,0.018811607832997,0.0130173769675369,1.7414,0.1516738753753159,-0.0278330019880718
lstm_sl10_base__risk_adjusted_sort__pred_weight__cs40_v2086_v596_rp10_mt80,2026-01-20,600150,0.1980438493938033,0.0805167442330813,0.58038336,-0.0050689946493944,0.9345714285714286,0.36857142857142855,0.0154231412758992,0.0119368931623463,0.7454,-0.3701359607243352,-0.2367601246105919
lstm_sl10_base__risk_adjusted_sort__pred_weight__cs40_v2086_v596_rp10_mt80,2026-01-20,300394,0.2090699053683597,0.0849994996002408,0.6126961,0.0747892303508294,0.9152857142857143,0.8471428571428572,0.0263052203718603,0.0279054117613498,3.844,-0.1598420223240728,0.2055674518201284
lstm_sl10_base__risk_adjusted_sort__pred_weight__cs40_v2086_v596_rp10_mt80,2026-01-20,000807,0.19794630556555207,0.08047708679613055,0.5800975,0.0030303030303029,0.8664285714285714,0.7642857142857142,0.0252000248342819,0.0176890827974992,2.1743,-0.0723659510563499,-0.1347656250000001
lstm_sl10_base__risk_adjusted_sort__pred_weight__cs40_v2086_v596_rp10_mt80,2026-01-20,600011,0.19751573210720794,0.08030203277084694,0.57883567,-0.0172872340425531,0.8645714285714285,0.49714285714285716,0.015814386732258,0.0080166653924289,0.7496,0.1564153592200059,-0.036544850498339
lstm_sl10_base__risk_adjusted_sort__pred_weight__cs40_v2086_v596_rp10_mt80,2026-01-20,605117,0.197424207565077,0.08984046633219708,0.57856745,0.1142279805063593,0.8427142857142856,0.43,0.0139710581833644,0.0131926954323475,0.8056,-0.3225299168299513,0.0043532338308458
lstm_sl10_base__risk_adjusted_sort__pred_weight__cs40_v2086_v596_rp10_mt80,2026-01-21,300394,0.2092388611753831,0.14453686168985155,0.6100581,0.1446740858505563,0.9254166666666667,0.7458333333333333,0.0247060831425082,0.0302840107650679,3.2277,-0.2842094525068303,-0.0163607342378291
lstm_sl10_base__risk_adjusted_sort__pred_weight__cs40_v2086_v596_rp10_mt80,2026-01-21,600011,0.20161049875701662,0.13843486581495093,0.5878168,-0.0375335120643431,0.9202777777777778,0.5194444444444445,0.0159849632965266,0.0091044367983268,0.754,0.1268531802965087,-0.1301969365426696
lstm_sl10_base__risk_adjusted_sort__pred_weight__cs40_v2086_v596_rp10_mt80,2026-01-21,002422,0.19822381013676713,0.09499181748255409,0.57794255,-0.0297029702970296,0.8908333333333334,0.5361111111111111,0.0226170836047038,0.0150107454718252,0.8692,-0.3413005751873718,-0.3816982687551524
lstm_sl10_base__risk_adjusted_sort__pred_weight__cs40_v2086_v596_rp10_mt80,2026-01-21,600795,0.1959580376786837,0.09390602778542985,0.57133645,-0.0469387755102041,0.8543055555555555,0.6236111111111111,0.0217628446462588,0.0200221000722303,1.0208,-0.2112258144278916,-0.270152505446623
lstm_sl10_base__risk_adjusted_sort__pred_weight__cs40_v2086_v596_rp10_mt80,2026-01-21,600031,0.19496879225214955,0.09343196418044722,0.5684522,0.0075187969924813,0.8362499999999999,0.5263888888888889,0.0158079808762589,0.0101113936342539,0.9423,-0.0260263778062593,-0.0835850956696878
lstm_sl10_base__risk_adjusted_sort__pred_weight__cs40_v2086_v596_rp10_mt80,2026-01-22,600011,0.2042343424507649,0.17753481199373441,0.5883503,-0.0484522207267832,0.9554545454545454,0.4454545454545455,0.0156435513578824,0.00877453714077,0.6236,-0.0834533642964227,-0.3366228070175437
lstm_sl10_base__risk_adjusted_sort__pred_weight__cs40_v2086_v596_rp10_mt80,2026-01-22,002422,0.20098044514531485,0.15797331595425243,0.5789766,-0.0232704402515723,0.8946969696969698,0.7500000000000001,0.0225806662012899,0.0148915568523364,1.0615,-0.1033189447630953,0.5957446808510642
lstm_sl10_base__risk_adjusted_sort__pred_weight__cs40_v2086_v596_rp10_mt80,2026-01-22,600031,0.1986803444698287,0.15597358631971953,0.57235056,-0.0114487010127696,0.8683333333333333,0.4075757575757576,0.0154762917789319,0.0100617596870072,0.7583,-0.2279655063581108,-0.2208462332301342
lstm_sl10_base__risk_adjusted_sort__pred_weight__cs40_v2086_v596_rp10_mt80,2026-01-22,300502,0.19944276110443962,0.11851463907673518,0.5745469,-0.0144138372837925,0.8562121212121212,0.8318181818181818,0.0237655252506441,0.036050114390069,4.9379,-0.0013045192998069,-0.0456349206349209
lstm_sl10_base__risk_adjusted_sort__pred_weight__cs40_v2086_v596_rp10_mt80,2026-01-22,002384,0.19666210682965196,0.11686229413351074,0.5665365,-0.0022448171134293,0.8004545454545454,0.7833333333333333,0.0258177543017441,0.0297844666292541,3.0079,-0.1115974646606059,-0.1163793103448276
lstm_sl10_base__risk_adjusted_sort__pred_weight__cs40_v2086_v596_rp10_mt80,2026-01-23,601872,0.2102286526705105,0.1261703236100982,0.63833785,0.0027149321266967,0.931081081081081,0.6891891891891894,0.0291896315369142,0.0179407359291001,1.1707,-0.1285803608646458,-0.041343669250646
lstm_sl10_base__risk_adjusted_sort__pred_weight__cs40_v2086_v596_rp10_mt80,2026-01-23,600031,0.20020514768164696,0.18251949402508308,0.6079025,-0.0412505427702996,0.9033783783783784,0.6959459459459459,0.015698665010966,0.0097850328880282,1.1728,0.2100701609574906,0.3486513486513485
lstm_sl10_base__risk_adjusted_sort__pred_weight__cs40_v2086_v596_rp10_mt80,2026-01-23,601899,0.19871973632441695,0.11926315999875162,0.6033922,0.0635002581311307,0.8744594594594595,0.7148648648648649,0.0241247278255807,0.0129782215832265,1.8751,0.1282054367576803,-0.0323604060913707
lstm_sl10_base__risk_adjusted_sort__pred_weight__cs40_v2086_v596_rp10_mt80,2026-01-23,600011,0.19831666004121762,0.19000719603872168,0.6021683,-0.0408163265306122,0.8652702702702704,0.5364864864864864,0.0155357776730738,0.0085104624447616,0.7364,0.04458345745209,-0.1153342070773263
lstm_sl10_base__risk_adjusted_sort__pred_weight__cs40_v2086_v596_rp10_mt80,2026-01-23,600741,0.19252980328220815,0.11554822464079945,0.5845971,-0.0725413826679649,0.8191891891891893,0.45675675675675675,0.0100410718935459,0.0076558822620627,0.4735,0.0191782001334508,0.0663198959687902
lstm_sl10_base__risk_adjusted_sort__pred_weight__cs40_v2086_v596_rp10_mt80,2026-01-26,601872,0.21591445309314544,0.1977790172428816,0.6633572,0.0071301247771835,0.9197222222222222,0.8027777777777778,0.0306062118775643,0.0312638060661569,1.7485,0.3673509286412511,-0.0329325666492421
lstm_sl10_base__risk_adjusted_sort__pred_weight__cs40_v2086_v596_rp10_mt80,2026-01-26,600031,0.2020691928152392,0.19811860228254222,0.6208202,-0.0438368055555555,0.9172222222222222,0.55,0.0154806581468462,0.0091533106681792,1.1706,0.1994098239718027,0.2283894449499544
lstm_sl10_base__risk_adjusted_sort__pred_weight__cs40_v2086_v596_rp10_mt80,2026-01-26,600011,0.1953589432468795,0.1942774656199924,0.6002042,-0.0500676589986468,0.8954166666666666,0.4902777777777778,0.0156380323266386,0.0088190184424123,0.7565,0.0418818603754354,0.0148849797023002
lstm_sl10_base__risk_adjusted_sort__pred_weight__cs40_v2086_v596_rp10_mt80,2026-01-26,000725,0.1933433946716413,0.15427268656152468,0.5940118,-0.0335570469798659,0.8601388888888889,0.5652777777777778,0.0201137557377804,0.0111510443704931,2.4722,-0.0410358457558021,-0.1825613079019075
lstm_sl10_base__risk_adjusted_sort__pred_weight__cs40_v2086_v596_rp10_mt80,2026-01-26,000157,0.19331401617309454,0.1542492443661957,0.59392154,-0.0045454545454545,0.8323611111111111,0.5652777777777778,0.015598973818274,0.0095669301356203,1.901,0.3031883899008041,-0.0720390720390722
lstm_sl10_base__risk_adjusted_sort__pred_weight__cs40_v2086_v596_rp10_mt80,2026-01-27,600031,0.20210936599695165,0.20210936599695165,0.6183119,-0.0583845478489903,0.9157142857142857,0.5571428571428572,0.0151808101394276,0.0092240207650338,0.9043,-0.0541784332182825,0.2076455256298868
lstm_sl10_base__risk_adjusted_sort__pred_weight__cs40_v2086_v596_rp10_mt80,2026-01-27,601872,0.21379008517211154,0.21379008517211154,0.65404665,-0.030647985989492,0.9108571428571428,0.8914285714285715,0.0309968778451352,0.0306566331033209,1.4978,0.2034872042103572,0.2223365928975811
lstm_sl10_base__risk_adjusted_sort__pred_weight__cs40_v2086_v596_rp10_mt80,2026-01-27,600989,0.19692457440298353,0.19692457440298353,0.6024501,-0.0298638559508124,0.8585714285714285,0.8428571428571429,0.0228472420564238,0.0151971388175701,1.2715,0.1411672844436866,0.3408674404398291
lstm_sl10_base__risk_adjusted_sort__pred_weight__cs40_v2086_v596_rp10_mt80,2026-01-27,000157,0.1930558055451787,0.1930558055451787,0.5906144,-0.0079635949943118,0.8505714285714285,0.3514285714285715,0.0153264329714774,0.0053903213079381,1.1527,-0.2082234311462796,-0.3387096774193548
lstm_sl10_base__risk_adjusted_sort__pred_weight__cs40_v2086_v596_rp10_mt80,2026-01-27,600011,0.19412016888277464,0.19412016888277464,0.5938706,-0.043175487465181,0.8405714285714285,0.7371428571428572,0.0158761669162099,0.0116825357496367,0.7917,0.0645564684209818,0.6725559481743226
lstm_sl10_base__risk_adjusted_sort__pred_weight__cs40_v2086_v596_rp10_mt80,2026-01-28,601872,0.21398062455312536,0.21398062455312536,0.64695823,0.0263157894736841,0.9273529411764706,0.7264705882352942,0.0311336870757973,0.0293725343796535,1.3184,0.0686032939955907,0.0759187620889749
lstm_sl10_base__risk_adjusted_sort__pred_weight__cs40_v2086_v596_rp10_mt80,2026-01-28,600031,0.1995198493966005,0.1995198493966005,0.6032369,0.0204899777282851,0.9052941176470588,0.6529411764705884,0.0155659618588514,0.015612263158852,1.2893,0.3223318496030849,0.0673701298701296
lstm_sl10_base__risk_adjusted_sort__pred_weight__cs40_v2086_v596_rp10_mt80,2026-01-28,000157,0.19850404391941182,0.19850404391941182,0.60016567,0.0607101947308132,0.8951470588235294,0.46029411764705885,0.0151182896168753,0.0049848933257158,1.7104,0.1701363471550443,0.11328125
lstm_sl10_base__risk_adjusted_sort__pred_weight__cs40_v2086_v596_rp10_mt80,2026-01-28,600027,0.1942412316787023,0.1942412316787023,0.5872773,-0.0223577235772357,0.8730882352941176,0.38676470588235295,0.0077867379447424,0.0062183901657972,1.3581,0.3713749091202842,0.3601532567049808
lstm_sl10_base__risk_adjusted_sort__pred_weight__cs40_v2086_v596_rp10_mt80,2026-01-28,600011,0.19375425045216002,0.19375425045216002,0.58580494,-0.0325318246110325,0.8197058823529412,0.6264705882352941,0.0122785048886724,0.01228732617244,1.0412,0.3514355433258915,0.3297872340425531
lstm_sl10_base__risk_adjusted_sort__pred_weight__cs40_v2086_v596_rp10_mt80,2026-01-29,601872,0.20358890632904178,0.20705358874319046,0.6200224,0.0830324909747292,0.9259722222222222,0.7402777777777777,0.0310160729025795,0.0301592767445053,1.4175,0.1252679209335556,0.174573929064947
lstm_sl10_base__risk_adjusted_sort__pred_weight__cs40_v2086_v596_rp10_mt80,2026-01-29,600989,0.20103062503542157,0.13400539819167065,0.61223125,-0.0487288135593221,0.9018055555555555,0.7041666666666667,0.0251378378653285,0.0256569074265517,1.5352,0.3192743647253946,0.1389148737137513
lstm_sl10_base__risk_adjusted_sort__pred_weight__cs40_v2086_v596_rp10_mt80,2026-01-29,600346,0.19995412191238207,0.1332878098658518,0.6089528,-0.0438630242400922,0.8925,0.5194444444444444,0.0325557860746943,0.0091493709271862,0.5928,-0.1069733809373164,-0.3812855268911237
lstm_sl10_base__risk_adjusted_sort__pred_weight__cs40_v2086_v596_rp10_mt80,2026-01-29,000157,0.19634384937119245,0.1970640756033674,0.59795785,0.0684931506849314,0.8555555555555555,0.33333333333333337,0.0150803765783334,0.005468370282076,1.8297,0.1672429411689655,-0.0377697841726618
lstm_sl10_base__risk_adjusted_sort__pred_weight__cs40_v2086_v596_rp10_mt80,2026-01-29,688187,0.19908249735196223,0.1327067919424776,0.6062983,-0.0100017244352474,0.8401388888888889,0.7652777777777778,0.0196347224523024,0.0269340405629943,1.7328,0.4804941815758445,0.3636363636363637
lstm_sl10_base__risk_adjusted_sort__pred_weight__cs40_v2086_v596_rp10_mt80,2026-01-30,600346,0.2090601668959126,0.16825783008367423,0.62357724,-0.0770132916340891,0.9398529411764706,0.6014705882352941,0.0325594790630413,0.0083352749396524,0.5684,-0.1665933550335766,0.2081239530988272
lstm_sl10_base__risk_adjusted_sort__pred_weight__cs40_v2086_v596_rp10_mt80,2026-01-30,000792,0.2085919636537981,0.09626815730906592,0.6221807,-0.0288551039404281,0.8794117647058823,0.9117647058823529,0.0324562789044519,0.0199687271532292,3.1019,0.3380524712926298,0.3998340937370386
lstm_sl10_base__risk_adjusted_sort__pred_weight__cs40_v2086_v596_rp10_mt80,2026-01-30,000725,0.19551121247092226,0.09023120463583713,0.5831639,0.013888888888889,0.8685294117647059,0.7264705882352942,0.0211263154190237,0.0161405616938467,2.6482,0.1084091261055002,0.5732305536089699
lstm_sl10_base__risk_adjusted_sort__pred_weight__cs40_v2086_v596_rp10_mt80,2026-01-30,601456,0.1948895877960837,0.08994431600917903,0.58130974,0.0041109969167522,0.865735294117647,0.46029411764705885,0.0166634291938688,0.0111764052206748,0.9056,-0.1086175500762832,0.0718492343934038
lstm_sl10_base__risk_adjusted_sort__pred_weight__cs40_v2086_v596_rp10_mt80,2026-01-30,002001,0.19194706918328328,0.08858630182809546,0.5725329,0.0098181818181818,0.8073529411764706,0.45588235294117646,0.0167131822023292,0.012048796833485,0.9715,-0.3247282230933912,0.1726954492415402
lstm_sl10_base__risk_adjusted_sort__pred_weight__cs40_v2086_v596_rp10_mt80,2026-02-02,601456,0.20144184013995453,0.1447485593651372,0.59972364,0.005122950819672,0.9374193548387096,0.6258064516129032,0.0151003706999913,0.0116451824233767,1.2715,0.2593597717998497,0.4457831325301202
lstm_sl10_base__risk_adjusted_sort__pred_weight__cs40_v2086_v596_rp10_mt80,2026-02-02,000792,0.20138195747256435,0.14793461653441353,0.59954536,0.0117031105635973,0.9146774193548387,0.5306451612903226,0.0257617041132024,0.0154957300377674,1.9781,-0.1616266502786666,-0.0142617449664428
lstm_sl10_base__risk_adjusted_sort__pred_weight__cs40_v2086_v596_rp10_mt80,2026-02-02,601059,0.20021657318385966,0.09841221037154464,0.59607583,0.0062429057888763,0.9125806451612902,0.2290322580645161,0.0079097255409757,0.0075457619035744,1.015,-0.6303391410756949,0.500777604976671
lstm_sl10_base__risk_adjusted_sort__pred_weight__cs40_v2086_v596_rp10_mt80,2026-02-02,601211,0.19965423436141955,0.09813580464941073,0.59440166,0.0212658227848101,0.8548387096774194,0.4838709677419355,0.0197427114341393,0.0081195270015523,0.9377,-0.0049872665534805,0.2736593059936909
lstm_sl10_base__risk_adjusted_sort__pred_weight__cs40_v2086_v596_rp10_mt80,2026-02-02,600023,0.19730539484220183,0.09698128239773887,0.5874088,0.002016129032258,0.8353225806451613,0.35645161290322586,0.0083674320062032,0.0055636294879549,0.8989,0.3132980743944129,0.3304093567251465
lstm_sl10_base__risk_adjusted_sort__pred_weight__cs40_v2086_v596_rp10_mt80,2026-02-03,600023,0.1990247744118384,0.15751561543600567,0.58247423,0.0142566191446028,0.9223333333333333,0.44333333333333336,0.0083489821589441,0.0047969936872658,0.9085,0.2873195131282502,0.2889518413597736
lstm_sl10_base__risk_adjusted_sort__pred_weight__cs40_v2086_v596_rp10_mt80,2026-02-03,600346,0.21199536398343624,0.16056176743184003,0.6204345,-0.0087370929308975,0.9111666666666667,0.8883333333333334,0.0334209341193889,0.0425077134283422,0.9239,0.3011210004506535,-0.1063432835820897
lstm_sl10_base__risk_adjusted_sort__pred_weight__cs40_v2086_v596_rp10_mt80,2026-02-03,601211,0.19720722026309587,0.15690703982531704,0.5771549,0.0379681888147767,0.8825000000000001,0.5083333333333333,0.0116021007349639,0.0077411890590491,0.8919,-0.0765551230017393,0.0484454085321763
lstm_sl10_base__risk_adjusted_sort__pred_weight__cs40_v2086_v596_rp10_mt80,2026-02-03,002001,0.19619182440237312,0.13470788044596996,0.5741832,0.0863073561544063,0.808,0.92,0.0236142323506937,0.0377715631026736,1.5208,0.1165030724390834,0.362763915547025
lstm_sl10_base__risk_adjusted_sort__pred_weight__cs40_v2086_v596_rp10_mt80,2026-02-03,601988,0.19558081693925625,0.11602262990824895,0.572395,0.0170132325141776,0.7936666666666667,0.7300000000000001,0.010058278324148,0.0138986317208924,0.2129,0.3051741049534087,0.2875536480686693
lstm_sl10_base__risk_adjusted_sort__pred_weight__cs40_v2086_v596_rp10_mt80,2026-02-04,688256,0.2140847178446938,0.13744482202842223,0.62396073,0.0370186950600471,0.9156666666666666,0.8433333333333334,0.032982008633378,0.0380197986870914,2.8051,0.3501246594726761,-0.3212204319506343
lstm_sl10_base__risk_adjusted_sort__pred_weight__cs40_v2086_v596_rp10_mt80,2026-02-04,600023,0.19555919246471531,0.181940024271338,0.56996715,0.0020120724346076,0.9061666666666667,0.27166666666666667,0.0086350152452937,0.0071449133365472,0.5638,-0.2108835920332555,-0.0233837689133422
lstm_sl10_base__risk_adjusted_sort__pred_weight__cs40_v2086_v596_rp10_mt80,2026-02-04,600346,0.2046483503422109,0.18886585472476397,0.59645796,-0.0080482897384305,0.8851666666666667,0.8150000000000001,0.0333351543306134,0.0427397371111279,0.7488,0.0386007739573075,-0.2307692307692307
lstm_sl10_base__risk_adjusted_sort__pred_weight__cs40_v2086_v596_rp10_mt80,2026-02-04,601658,0.19414267216652897,0.12464180205244048,0.56583863,0.0175781249999999,0.8386666666666667,0.6133333333333333,0.0103258127778195,0.0122185221104993,0.2813,0.0722317514770345,0.1436781609195401
lstm_sl10_base__risk_adjusted_sort__pred_weight__cs40_v2086_v596_rp10_mt80,2026-02-04,601456,0.19156506718185096,0.14406556726657083,0.55832607,0.0102459016393441,0.8220000000000001,0.44666666666666666,0.0114667662888704,0.0108007953674282,0.677,-0.3146108366404795,-0.2925531914893617
lstm_sl10_base__risk_adjusted_sort__pred_weight__cs40_v2086_v596_rp10_mt80,2026-02-05,002466,0.20651574498320255,0.15045382194528992,0.604184,0.0641666666666667,0.9119354838709677,0.8806451612903227,0.0338072625633374,0.0399278143526829,3.906,-0.0062611146870332,0.0640584694754946
lstm_sl10_base__risk_adjusted_sort__pred_weight__cs40_v2086_v596_rp10_mt80,2026-02-05,688256,0.20354090978111541,0.18559809488823642,0.5954808,0.035902354803127,0.8970967741935484,0.7064516129032259,0.0310223533588707,0.0396881235474924,1.8984,-0.1069000719786604,-0.4241285030758716
lstm_sl10_base__risk_adjusted_sort__pred_weight__cs40_v2086_v596_rp10_mt80,2026-02-05,601298,0.19807463984299958,0.14430418657541114,0.57948864,-0.0268041237113402,0.8759677419354839,0.5951612903225806,0.0137840600979084,0.0107887316981818,0.6482,-0.1269445753922823,0.1347285807717462
lstm_sl10_base__risk_adjusted_sort__pred_weight__cs40_v2086_v596_rp10_mt80,2026-02-05,600346,0.19733847135690905,0.19503844730014916,0.5773349,0.0855569673867005,0.8211290322580644,0.8209677419354839,0.0342369189597011,0.0429887418542279,0.601,-0.1704623878536921,0.0351704133430021
lstm_sl10_base__risk_adjusted_sort__pred_weight__cs40_v2086_v596_rp10_mt80,2026-02-05,601658,0.19453023403577344,0.17555792809654014,0.5691191,0.0038610038610039,0.8037096774193548,0.6725806451612902,0.0110281560488481,0.013274968322913,0.2877,0.0583042118815524,0.104847801578354
lstm_sl10_base__risk_adjusted_sort__pred_weight__cs40_v2086_v596_rp10_mt80,2026-02-06,688256,0.20875570184207282,0.2050968045069966,0.5993298,0.0377358490566037,0.9236666666666666,0.7633333333333334,0.0289448106223604,0.0349394375810164,1.9078,-0.1186362376420586,-0.2750081459758879
lstm_sl10_base__risk_adjusted_sort__pred_weight__cs40_v2086_v596_rp10_mt80,2026-02-06,600346,0.20330401106522278,0.20199805361922163,0.5836782,-0.0003998400639743,0.8713333333333333,0.9533333333333334,0.0342014659257924,0.0467558740660635,0.7838,0.0562061205514157,0.2240304709141274
lstm_sl10_base__risk_adjusted_sort__pred_weight__cs40_v2086_v596_rp10_mt80,2026-02-06,601298,0.1979767837723163,0.18949652399237207,0.56838393,-0.0135699373695197,0.8678333333333333,0.6549999999999999,0.0153602101500928,0.0163857200153056,0.5754,-0.2125898049948682,-0.1094619666048238
lstm_sl10_base__risk_adjusted_sort__pred_weight__cs40_v2086_v596_rp10_mt80,2026-02-06,300274,0.19505393825166387,0.16423545444684645,0.55999255,0.0551116574472443,0.8346666666666667,0.6533333333333333,0.0260914348303669,0.0217862398489435,2.627,-0.3441959972739324,-0.0487804878048782
lstm_sl10_base__risk_adjusted_sort__pred_weight__cs40_v2086_v596_rp10_mt80,2026-02-06,688009,0.1949095650687243,0.16411389219835998,0.55957806,-0.0159574468085106,0.8051666666666667,0.615,0.0173874253593352,0.0115816274714104,0.3402,-0.2783505154639175,-0.0836466165413534
lstm_sl10_base__risk_adjusted_sort__pred_weight__cs40_v2086_v596_rp10_mt80,2026-02-09,002466,0.20504949874809691,0.11312614337456924,0.5693799,0.0486443381180223,0.9319117647058823,0.6808823529411765,0.0319670502325628,0.034000613294769,1.8207,-0.4712247766638399,-0.5466321243523315
lstm_sl10_base__risk_adjusted_sort__pred_weight__cs40_v2086_v596_rp10_mt80,2026-02-09,688009,0.20249972229649352,0.18303482464252538,0.5622997,-0.0143112701252235,0.8920588235294118,0.7852941176470589,0.0167129339552884,0.0098871058577257,0.3524,-0.2223668821854932,-0.0815273477812178
lstm_sl10_base__risk_adjusted_sort__pred_weight__cs40_v2086_v596_rp10_mt80,2026-02-09,601059,0.19727160378875275,0.09754972963340369,0.5477823,0.0005621135469365,0.8914705882352941,0.2029411764705882,0.0048708779586216,0.0057961232042059,0.5561,-0.6954095074299047,-0.0919540229885065
lstm_sl10_base__risk_adjusted_sort__pred_weight__cs40_v2086_v596_rp10_mt80,2026-02-09,600016,0.19882220581520235,0.09800234917447595,0.552088,0.005089058524173,0.8729411764705882,0.6823529411764706,0.0106406146711366,0.0085048877123346,1.1358,0.013736043055667,0.1195652173913046
lstm_sl10_base__risk_adjusted_sort__pred_weight__cs40_v2086_v596_rp10_mt80,2026-02-09,000538,0.19635696935145439,0.09678719836309005,0.54524255,-0.0146520146520145,0.8391176470588235,0.43235294117647055,0.0088860071946065,0.0058501694346901,0.5052,-0.1982479527709008,-0.2582781456953643
lstm_sl10_base__risk_adjusted_sort__pred_weight__cs40_v2086_v596_rp10_mt80,2026-02-10,002466,0.20505937948959158,0.17382450563870594,0.5758485,0.0652866242038216,0.9324324324324325,0.6756756756756757,0.0313935436027057,0.0301209484443551,1.3262,-0.5864619452690398,-0.5663122551762731
lstm_sl10_base__risk_adjusted_sort__pred_weight__cs40_v2086_v596_rp10_mt80,2026-02-10,601939,0.200607173911311,0.13244967140739786,0.5633458,-0.0311804008908685,0.9217567567567568,0.5121621621621621,0.0099236517415161,0.0054418651690339,1.1356,-0.0645567847640388,0.0292326431181486
lstm_sl10_base__risk_adjusted_sort__pred_weight__cs40_v2086_v596_rp10_mt80,2026-02-10,600016,0.19991098508859576,0.16528690873050017,0.56139076,-0.0176322418136019,0.9008108108108108,0.45135135135135135,0.0107306070727891,0.002408577713651,1.1047,-0.0397837405582065,-0.1861702127659572
lstm_sl10_base__risk_adjusted_sort__pred_weight__cs40_v2086_v596_rp10_mt80,2026-02-10,601288,0.19859749061077717,0.1311227901817727,0.5577022,-0.0356612184249628,0.8583783783783784,0.6054054054054054,0.0124150602196402,0.0040414883506502,0.1122,-0.1117092866756394,0.128625472887768
lstm_sl10_base__risk_adjusted_sort__pred_weight__cs40_v2086_v596_rp10_mt80,2026-02-10,688009,0.19582497089972456,0.19147944123319394,0.5499164,0.021505376344086,0.8308108108108108,0.6108108108108108,0.0161298673917175,0.0070100400050592,0.3083,-0.2919805254455263,-0.480140186915888
lstm_sl10_base__risk_adjusted_sort__pred_weight__cs40_v2086_v596_rp10_mt80,2026-02-11,002466,0.21477143188885295,0.20000735480032533,0.6072466,0.1262725137039936,0.91625,0.8375000000000001,0.0311942615012639,0.0331543449844711,2.4839,-0.1846950196777379,-0.2885714285714285
lstm_sl10_base__risk_adjusted_sort__pred_weight__cs40_v2086_v596_rp10_mt80,2026-02-11,002460,0.1971265929113331,0.1260494088472112,0.55735743,0.1172765446910617,0.8852777777777777,0.8694444444444445,0.0338530820098542,0.037099041131413,2.8409,-0.2634698247924627,-0.1995841995841996
lstm_sl10_base__risk_adjusted_sort__pred_weight__cs40_v2086_v596_rp10_mt80,2026-02-11,688256,0.19706086841787704,0.13874805299979798,0.5571716,0.0140465564177115,0.8736111111111111,0.7083333333333334,0.0289387876769885,0.028877104087487,1.3212,-0.4199564484405731,-0.3360894941634241
lstm_sl10_base__risk_adjusted_sort__pred_weight__cs40_v2086_v596_rp10_mt80,2026-02-11,688082,0.1957251223357835,0.12515326117400383,0.5533949,0.0152709631181432,0.8423611111111111,0.7430555555555556,0.0313522627500874,0.0176598658420066,0.3644,-0.4447153480433987,-0.1957364341085268
lstm_sl10_base__risk_adjusted_sort__pred_weight__cs40_v2086_v596_rp10_mt80,2026-02-11,600016,0.19531598444615342,0.18448851510072128,0.5522381,-0.0249999999999999,0.8258333333333334,0.35277777777777775,0.0100434102207993,0.002297862140541,0.9658,-0.1551562759694533,-0.0517241379310341
lstm_sl10_base__risk_adjusted_sort__pred_weight__cs40_v2086_v596_rp10_mt80,2026-02-12,000408,0.20745591830665996,0.17405623401294443,0.59454674,0.0189663347558084,0.9275,0.7250000000000001,0.0301097434850795,0.0094513683015666,0.8985,-0.1495584518840333,0.0219922380336352
lstm_sl10_base__risk_adjusted_sort__pred_weight__cs40_v2086_v596_rp10_mt80,2026-02-12,002466,0.20021184800627317,0.20017892530840745,0.573786,0.0825108566916699,0.9102941176470588,0.6029411764705883,0.0303618813737347,0.0094098662872296,1.9336,-0.3196316665435135,-0.321625344352617
lstm_sl10_base__risk_adjusted_sort__pred_weight__cs40_v2086_v596_rp10_mt80,2026-02-12,688256,0.199651932037564,0.18984661846190054,0.57218134,0.0409272727272727,0.8538235294117646,0.8735294117647059,0.0306222932500428,0.0304567972896614,2.0762,-0.1028743280847606,0.2019443216968621
lstm_sl10_base__risk_adjusted_sort__pred_weight__cs40_v2086_v596_rp10_mt80,2026-02-12,603260,0.1965471281001488,0.16490372124550476,0.5632833,0.0426929392446635,0.8501470588235294,0.6161764705882352,0.0301416928637814,0.0130036780333076,0.457,-0.3666851441241685,-0.2043222003929272
lstm_sl10_base__risk_adjusted_sort__pred_weight__cs40_v2086_v596_rp10_mt80,2026-02-12,600016,0.19613317354935417,0.19425842387208742,0.56209695,-0.0127226463104325,0.8233823529411765,0.5897058823529411,0.0106565103482147,0.0114528672830271,0.9875,-0.0865446876214086,0.1621900826446283
lstm_sl10_base__risk_adjusted_sort__pred_weight__cs40_v2086_v596_rp10_mt80,2026-02-13,000408,0.20677467703570399,0.1953037731025542,0.58953816,0.0224639394655947,0.9058928571428572,0.9410714285714286,0.0306437873139671,0.0188104782264762,0.978,0.0058106648840436,0.35702746365105
lstm_sl10_base__risk_adjusted_sort__pred_weight__cs40_v2086_v596_rp10_mt80,2026-02-13,688256,0.20084528926855366,0.19698921652916032,0.5726328,0.012092302818017,0.8871428571428571,0.7714285714285715,0.0306524576582457,0.0256619495275903,1.6869,-0.2763781587944355,-0.0114739629302736
lstm_sl10_base__risk_adjusted_sort__pred_weight__cs40_v2086_v596_rp10_mt80,2026-02-13,688082,0.19855769214581223,0.13600868282775994,0.5661106,-0.0851299060254284,0.8416071428571429,0.8696428571428572,0.0275784487511681,0.0178691061871575,0.6223,0.0432173271642188,0.2226640159045732
lstm_sl10_base__risk_adjusted_sort__pred_weight__cs40_v2086_v596_rp10_mt80,2026-02-13,600519,0.19812603629671868,0.1286641512236886,0.5648799,-0.046679815910585,0.8285714285714286,0.6428571428571428,0.0255277234715522,0.0083762211266206,0.3328,-0.369852119743245,0.3199577613516366
lstm_sl10_base__risk_adjusted_sort__pred_weight__cs40_v2086_v596_rp10_mt80,2026-02-13,600104,0.19569630525321133,0.12708627035422762,0.55795246,-0.0145833333333333,0.7894642857142857,0.3196428571428571,0.0103818654910751,0.0047529369329228,0.3404,-0.1724003792759719,0.1249999999999995
lstm_sl10_base__risk_adjusted_sort__pred_weight__cs40_v2086_v596_rp10_mt80,2026-02-24,688256,0.22185364120375198,0.21766076189424852,0.6602355,0.1083435957740349,0.9219354838709677,0.7806451612903227,0.0314123653303355,0.0295084001919385,1.9571,-0.1733439211992448,0.3216494845360824
lstm_sl10_base__risk_adjusted_sort__pred_weight__cs40_v2086_v596_rp10_mt80,2026-02-24,600519,0.19935922086556188,0.18743793579001308,0.5932922,-0.0203401360544217,0.91,0.5774193548387097,0.0257294495345988,0.006537212242914,0.3347,-0.3212880723526787,0.7598967297762476
lstm_sl10_base__risk_adjusted_sort__pred_weight__cs40_v2086_v596_rp10_mt80,2026-02-24,600011,0.19533531394994116,0.16239605302539903,0.58131707,0.0523338048090523,0.8970967741935483,0.38387096774193546,0.0115065524867455,0.0055960121374592,0.5296,0.1417237959729227,0.2124060150375939
lstm_sl10_base__risk_adjusted_sort__pred_weight__cs40_v2086_v596_rp10_mt80,2026-02-24,000408,0.19321289494570454,0.19356547900414472,0.57500076,0.0134555846630149,0.8335483870967741,0.6967741935483871,0.0307166851452334,0.0154466429014746,0.794,-0.0998038615466593,-0.2603550295857988
lstm_sl10_base__risk_adjusted_sort__pred_weight__cs40_v2086_v596_rp10_mt80,2026-02-24,600919,0.1902389290350405,0.15815900440970962,0.56615025,0.0057971014492754,0.8070967741935484,0.3161290322580645,0.0117307781986059,0.0048597883554855,0.4167,-0.1574669416474584,0.2379421221864954
lstm_sl10_base__risk_adjusted_sort__pred_weight__cs40_v2086_v596_rp10_mt80,2026-02-25,688256,0.2052523288636533,0.20588785046100477,0.60677207,0.0245171894261059,0.9341891891891891,0.6581081081081082,0.0303234614432264,0.0291876557246746,1.377,-0.2991046660185379,-0.2678011643528885
lstm_sl10_base__risk_adjusted_sort__pred_weight__cs40_v2086_v596_rp10_mt80,2026-02-25,002236,0.20129754872313477,0.19098771029373524,0.59508085,-0.0614173228346456,0.913918918918919,0.5905405405405406,0.0174235863817974,0.0067552937134045,2.0642,0.2201566425299246,0.163366336633663
lstm_sl10_base__risk_adjusted_sort__pred_weight__cs40_v2086_v596_rp10_mt80,2026-02-25,600104,0.1974513090346553,0.18843606780750416,0.5837105,-0.0298196948682385,0.8686486486486487,0.5027027027027027,0.0095305214094478,0.0058590616333938,0.6453,0.6087054072245903,0.5773195876288655
lstm_sl10_base__risk_adjusted_sort__pred_weight__cs40_v2086_v596_rp10_mt80,2026-02-25,000408,0.19878770933343906,0.19852024283284006,0.5876612,-0.0812578905084356,0.8664864864864865,0.7945945945945946,0.0306609178836198,0.0173053185507799,1.0419,0.1972421717897154,0.1906528189910978
lstm_sl10_base__risk_adjusted_sort__pred_weight__cs40_v2086_v596_rp10_mt80,2026-02-25,600919,0.19721110404511766,0.19521097617409408,0.5830004,0.0175609756097561,0.8645945945945945,0.272972972972973,0.0117647387467817,0.0030840869307684,0.4652,-0.0431921020156315,0.0413476263399696
lstm_sl10_base__risk_adjusted_sort__pred_weight__cs40_v2086_v596_rp10_mt80,2026-02-26,002236,0.20352512275740997,0.20306378440186812,0.60276026,-0.0543933054393305,0.9392424242424242,0.6075757575757575,0.0144000004591163,0.0080487264217659,2.1161,0.2292187046180656,0.3504155124653736
lstm_sl10_base__risk_adjusted_sort__pred_weight__cs40_v2086_v596_rp10_mt80,2026-02-26,600919,0.20183101894007163,0.2015874216545774,0.597743,0.0028735632183907,0.8796969696969698,0.5969696969696969,0.0120249744798072,0.0108048289521608,0.5842,0.208297999958634,0.4961636828644504
lstm_sl10_base__risk_adjusted_sort__pred_weight__cs40_v2086_v596_rp10_mt80,2026-02-26,000408,0.20264838082895736,0.2024964780021104,0.6001637,-0.048278268962308,0.8787878787878788,0.9090909090909092,0.031349358305556,0.0207991591664796,1.4362,0.5593411723830928,0.1835106382978724
lstm_sl10_base__risk_adjusted_sort__pred_weight__cs40_v2086_v596_rp10_mt80,2026-02-26,601127,0.1961159011662495,0.18889943703525092,0.5808171,-0.0282102085102368,0.831060606060606,0.7803030303030303,0.0211882334980913,0.0150187006974655,1.1857,0.2268738876702121,0.2864077669902913
lstm_sl10_base__risk_adjusted_sort__pred_weight__cs40_v2086_v596_rp10_mt80,2026-02-26,002179,0.19587957630731154,0.18867180820686247,0.5801172,-0.0156512017887087,0.8048484848484848,0.7393939393939395,0.0160749153497422,0.0099584558054363,1.947,0.6552885064995795,0.6502192982456141
lstm_sl10_base__risk_adjusted_sort__pred_weight__cs40_v2086_v596_rp10_mt80,2026-02-27,000408,0.20148055570303663,0.20148055570303663,0.59415925,-0.0726179463459759,0.9127272727272727,0.8727272727272728,0.0313487887524513,0.0218151980871736,0.9942,0.1028163858415325,0.1403508771929824
lstm_sl10_base__risk_adjusted_sort__pred_weight__cs40_v2086_v596_rp10_mt80,2026-02-27,600919,0.2009254492145315,0.2009254492145315,0.59252226,0.0271844660194174,0.9104545454545455,0.5924242424242425,0.012229165972076,0.0113726289808673,0.4466,0.0001791633073546,0.1248527679623088
lstm_sl10_base__risk_adjusted_sort__pred_weight__cs40_v2086_v596_rp10_mt80,2026-02-27,002236,0.19966685200961523,0.19966685200961523,0.5888107,-0.0506329113924049,0.8893939393939394,0.5,0.0143779640835712,0.0078881556574494,1.4079,-0.1687969725057709,0.0805369127516777
lstm_sl10_base__risk_adjusted_sort__pred_weight__cs40_v2086_v596_rp10_mt80,2026-02-27,601229,0.19905887613728812,0.19905887613728812,0.5870178,0.0103305785123966,0.8589393939393939,0.5015151515151515,0.0156903872101593,0.00575960986213,0.261,-0.1310138172132512,0.1372064276885045
lstm_sl10_base__risk_adjusted_sort__pred_weight__cs40_v2086_v596_rp10_mt80,2026-02-27,600741,0.19886826693552836,0.19886826693552836,0.5864557,-0.0380604796663191,0.8018181818181818,0.7696969696969698,0.0163198961137925,0.0135491136858779,0.3505,0.1203452133610354,0.1562499999999995
