profile_name,date,stock_id,target_weight,executed_weight,pred_return,target_return,selection_score,selection_score_final,rerank_signal_score,risk_penalty,secondary_candidate_size,volatility_20d,volatility_5d,turnover_rate,turnover_ratio_10d,amplitude_ratio_5d
lstm_sl10_base_alpha_v3_rs_crowding_mini4__risk_adjusted_sort__pred_weight__cs40_v2086_v596_rp10_mt80,2025-11-26,600941,0.20276645391980866,0.16221316313584694,0.54859453,-0.0113280530484434,0.9735135135135136,0.9735135135135136,0.0,0.2648648648648649,20,0.0057043386453258,0.003607903873591,1.0859,-0.1360558830783428,-0.0929878048780491
lstm_sl10_base_alpha_v3_rs_crowding_mini4__risk_adjusted_sort__pred_weight__cs40_v2086_v596_rp10_mt80,2025-11-26,600803,0.20073857326918562,0.1605908586153485,0.543108,0.0396559961777352,0.909864864864865,0.909864864864865,0.0,0.6310810810810811,20,0.0103952789422884,0.0180648438284963,0.3657,-0.1834684171746264,-0.1445511010728403
lstm_sl10_base_alpha_v3_rs_crowding_mini4__risk_adjusted_sort__pred_weight__cs40_v2086_v596_rp10_mt80,2025-11-26,601728,0.20003124911328063,0.16002499929062453,0.5411943,0.0190336749633966,0.8966216216216216,0.8966216216216216,0.0,0.4932432432432432,20,0.0079260273370132,0.0065309942732948,0.1667,0.2561223720895185,2.220446049250313e-16
lstm_sl10_base_alpha_v3_rs_crowding_mini4__risk_adjusted_sort__pred_weight__cs40_v2086_v596_rp10_mt80,2025-11-26,600050,0.1994426217643085,0.1595540974114468,0.53960174,0.0,0.8882432432432433,0.8882432432432433,0.0,0.3067567567567568,20,0.0072964178870625,0.0132413755214649,0.5092,-0.2572495478149251,-0.3245227606461086
lstm_sl10_base_alpha_v3_rs_crowding_mini4__risk_adjusted_sort__pred_weight__cs40_v2086_v596_rp10_mt80,2025-11-26,601186,0.19702110193341665,0.15761688154673334,0.5330502,0.0077619663648124,0.8477027027027028,0.8477027027027028,0.0,0.17162162162162165,20,0.0059976078515267,0.0088082456514625,0.1496,-0.5016489556614144,-0.2524271844660195
lstm_sl10_base_alpha_v3_rs_crowding_mini4__risk_adjusted_sort__pred_weight__cs40_v2086_v596_rp10_mt80,2025-11-27,600941,0.20238182301847282,0.20238182301847282,0.54842174,-0.0125879303961495,0.9540277777777778,0.9540277777777778,0.0,0.18194444444444444,20,0.0059264285834298,0.0037909930464205,0.9458,-0.2068696592843546,-0.2457627118644069
lstm_sl10_base_alpha_v3_rs_crowding_mini4__risk_adjusted_sort__pred_weight__cs40_v2086_v596_rp10_mt80,2025-11-27,600803,0.2037080725602626,0.2037080725602626,0.55201566,0.0341280972417017,0.9301388888888888,0.9301388888888888,0.0,0.6986111111111112,20,0.0105566098420881,0.0185959511606198,0.4765,0.0416438955077058,-0.2438356164383561
lstm_sl10_base_alpha_v3_rs_crowding_mini4__risk_adjusted_sort__pred_weight__cs40_v2086_v596_rp10_mt80,2025-11-27,600050,0.19830126752940344,0.19830126752940344,0.5373641,-0.0055248618784529,0.9105555555555556,0.9105555555555556,0.0,0.3388888888888889,20,0.0072979057007891,0.0111053349342166,0.4232,-0.3353853885294302,-0.337568058076225
lstm_sl10_base_alpha_v3_rs_crowding_mini4__risk_adjusted_sort__pred_weight__cs40_v2086_v596_rp10_mt80,2025-11-27,601728,0.19815395239242695,0.19815395239242695,0.5369649,0.0236336779911373,0.8670833333333333,0.8670833333333333,0.0,0.49583333333333335,20,0.0081572438301347,0.0070088946460592,0.1327,0.0069049245011001,0.0232558139534884
lstm_sl10_base_alpha_v3_rs_crowding_mini4__risk_adjusted_sort__pred_weight__cs40_v2086_v596_rp10_mt80,2025-11-27,600036,0.1974548844994341,0.1974548844994341,0.53507054,-0.0011600928074246,0.8241666666666666,0.8241666666666666,0.0,0.6472222222222224,20,0.0105937945887987,0.0088836014083122,0.3012,0.0438760657101269,0.0350678733031675
lstm_sl10_base_alpha_v3_rs_crowding_mini4__risk_adjusted_sort__pred_weight__cs40_v2086_v596_rp10_mt80,2025-11-28,600803,0.20578318084800704,0.20508964844788616,0.5590403,-0.0110142267094996,0.945735294117647,0.945735294117647,0.0,0.5426470588235295,20,0.0103594350237514,0.0087001950453138,0.3791,-0.1866901227151806,-0.2653061224489795
lstm_sl10_base_alpha_v3_rs_crowding_mini4__risk_adjusted_sort__pred_weight__cs40_v2086_v596_rp10_mt80,2025-11-28,300347,0.20435360618174347,0.13605555744587167,0.55515665,-0.0415686274509803,0.9061764705882352,0.9061764705882352,0.0,0.6441176470588236,20,0.0195245099241311,0.0098297474405359,1.2893,-0.3384439347526028,-0.4264448336252188
lstm_sl10_base_alpha_v3_rs_crowding_mini4__risk_adjusted_sort__pred_weight__cs40_v2086_v596_rp10_mt80,2025-11-28,600941,0.1954973402343055,0.19779823792581067,0.5310973,-0.0046860356138706,0.8867647058823529,0.8867647058823529,0.0,0.25,20,0.0058670976811083,0.0042577800199718,0.8819,-0.256464517869639,-0.326568265682657
lstm_sl10_base_alpha_v3_rs_crowding_mini4__risk_adjusted_sort__pred_weight__cs40_v2086_v596_rp10_mt80,2025-11-28,000651,0.1952860871860214,0.13001853967718688,0.5305234,0.0128649183572488,0.8604411764705882,0.8604411764705882,0.0,0.21911764705882353,20,0.0067531827199083,0.0036819990353505,0.3706,-0.3848554260863792,-0.2959183673469389
lstm_sl10_base_alpha_v3_rs_crowding_mini4__risk_adjusted_sort__pred_weight__cs40_v2086_v596_rp10_mt80,2025-11-28,688012,0.1990797855499227,0.132544326989318,0.54082954,0.0186757215619694,0.8494117647058823,0.8494117647058823,0.0,0.9176470588235295,20,0.028777639245925,0.0126898117843831,1.8046,0.0219151707344698,0.0398344542162441
lstm_sl10_base_alpha_v3_rs_crowding_mini4__risk_adjusted_sort__pred_weight__cs40_v2086_v596_rp10_mt80,2025-12-01,300347,0.2024509286580775,0.2023452426413031,0.5516409,-0.0181782256471053,0.949,0.949,0.0,0.51,20,0.0191711189774091,0.0041742182667302,1.8503,-0.0092579206356856,0.0412757973733584
lstm_sl10_base_alpha_v3_rs_crowding_mini4__risk_adjusted_sort__pred_weight__cs40_v2086_v596_rp10_mt80,2025-12-01,600803,0.20074385364493783,0.20075077114135448,0.54698944,-0.026660641662901,0.9048333333333334,0.9048333333333334,0.0,0.6183333333333334,20,0.0116183777032164,0.0113449260343075,0.5644,0.1352025423387908,0.2398373983739838
lstm_sl10_base_alpha_v3_rs_crowding_mini4__risk_adjusted_sort__pred_weight__cs40_v2086_v596_rp10_mt80,2025-12-01,688012,0.20006085628874135,0.19995338564857756,0.5451284,0.0421374045801527,0.855,0.855,0.0,0.7833333333333333,20,0.029153589819269,0.0132361958218027,2.0721,0.1461681002295545,-0.2040481400437633
lstm_sl10_base_alpha_v3_rs_crowding_mini4__risk_adjusted_sort__pred_weight__cs40_v2086_v596_rp10_mt80,2025-12-01,601012,0.19838551189472686,0.19806972821651095,0.5405634,-0.0353887399463806,0.8378333333333333,0.8378333333333333,0.0,0.6216666666666667,20,0.0289528648161917,0.0107411352841284,1.6816,-0.2709647491340106,-0.1972672929120409
lstm_sl10_base_alpha_v3_rs_crowding_mini4__risk_adjusted_sort__pred_weight__cs40_v2086_v596_rp10_mt80,2025-12-01,000651,0.1983588495135165,0.19825006760598496,0.54049075,0.0007343941248469,0.8283333333333334,0.8283333333333334,0.0,0.38333333333333336,20,0.0070197786530141,0.0055568070452145,0.7413,0.2149471441448824,0.2620423892100196
lstm_sl10_base_alpha_v3_rs_crowding_mini4__risk_adjusted_sort__pred_weight__cs40_v2086_v596_rp10_mt80,2025-12-02,601012,0.20499051124433476,0.2049031855857784,0.5557462,-0.0131147540983606,0.92875,0.92875,0.0,0.7125,20,0.0290705790580029,0.0124766863238092,1.6663,-0.2575545594695991,-0.0568475452196383
lstm_sl10_base_alpha_v3_rs_crowding_mini4__risk_adjusted_sort__pred_weight__cs40_v2086_v596_rp10_mt80,2025-12-02,688012,0.20261131405751065,0.20257777661705448,0.549296,0.0455540618398312,0.8870833333333333,0.8870833333333333,0.0,0.7125000000000001,20,0.0259647311905357,0.0132359603576725,1.2755,-0.2432153409832563,-0.1122787610619465
lstm_sl10_base_alpha_v3_rs_crowding_mini4__risk_adjusted_sort__pred_weight__cs40_v2086_v596_rp10_mt80,2025-12-02,002074,0.20009322770310614,0.19756847395608174,0.54246926,0.0074993535040083,0.8652083333333332,0.8652083333333332,0.0,0.5145833333333334,20,0.0225641889762198,0.0116630552587691,1.5126,-0.3878591663294212,-0.3692178301093356
lstm_sl10_base_alpha_v3_rs_crowding_mini4__risk_adjusted_sort__pred_weight__cs40_v2086_v596_rp10_mt80,2025-12-02,600803,0.1968652330528805,0.19691426033361706,0.5337179,-0.0105698529411763,0.8285416666666666,0.8285416666666666,0.0,0.4645833333333334,20,0.0120167995574084,0.0151310763739442,0.2997,-0.3953028529922118,-0.114103472714387
lstm_sl10_base_alpha_v3_rs_crowding_mini4__risk_adjusted_sort__pred_weight__cs40_v2086_v596_rp10_mt80,2025-12-02,600515,0.1954397139421678,0.19297367770617377,0.5298532,-0.0020161290322579,0.7622916666666667,0.7622916666666667,0.0,0.7104166666666667,20,0.0235063420658626,0.0139001402897547,1.3464,-0.2458283620964895,-0.0236991241628027
lstm_sl10_base_alpha_v3_rs_crowding_mini4__risk_adjusted_sort__pred_weight__cs40_v2086_v596_rp10_mt80,2025-12-03,002459,0.2057009771031195,0.20419398206295578,0.5697061,0.0,0.9088461538461539,0.9088461538461539,0.0,0.9115384615384616,20,0.0286647407132039,0.0160063038383395,1.4837,-0.0436133457095709,0.2816326530612245
lstm_sl10_base_alpha_v3_rs_crowding_mini4__risk_adjusted_sort__pred_weight__cs40_v2086_v596_rp10_mt80,2025-12-03,688012,0.20016382750183806,0.20018151244138024,0.5543705,0.0627197897747035,0.8926923076923077,0.8926923076923077,0.0,0.6884615384615386,20,0.0259061414287168,0.0123175605056943,1.5217,-0.0999639204831105,-0.0308839190628326
lstm_sl10_base_alpha_v3_rs_crowding_mini4__risk_adjusted_sort__pred_weight__cs40_v2086_v596_rp10_mt80,2025-12-03,002074,0.19976590851196585,0.1997498097893276,0.55326843,0.0311345646437993,0.8665384615384616,0.8665384615384616,0.0,0.5653846153846154,20,0.0215725594036701,0.0141553182624139,1.4134,-0.3929215703118288,0.161400512382579
lstm_sl10_base_alpha_v3_rs_crowding_mini4__risk_adjusted_sort__pred_weight__cs40_v2086_v596_rp10_mt80,2025-12-03,601012,0.1993156134219631,0.19935654878190165,0.5520213,0.0235030777839954,0.8182692307692307,0.8182692307692307,0.0,0.6634615384615385,20,0.0282039485725376,0.0130969570133174,1.4787,-0.3068290487708837,-0.1004566210045662
lstm_sl10_base_alpha_v3_rs_crowding_mini4__risk_adjusted_sort__pred_weight__cs40_v2086_v596_rp10_mt80,2025-12-03,002493,0.19505367346111346,0.19362468210379843,0.5402175,-0.0286885245901638,0.7951923076923076,0.7951923076923076,0.0,0.5096153846153847,20,0.0229741327327317,0.0068053780270758,0.2797,-0.2665338018566108,-0.0996015936254981
lstm_sl10_base_alpha_v3_rs_crowding_mini4__risk_adjusted_sort__pred_weight__cs40_v2086_v596_rp10_mt80,2025-12-04,002493,0.20651360064867644,0.202101160560872,0.5630261,-0.016649323621228,0.9498148148148148,0.9498148148148148,0.0,0.5018518518518518,20,0.0206799417480099,0.0104805010055879,0.2016,-0.4475501479776389,-0.0506329113924051
lstm_sl10_base_alpha_v3_rs_crowding_mini4__risk_adjusted_sort__pred_weight__cs40_v2086_v596_rp10_mt80,2025-12-04,000630,0.19857113297880757,0.13059155622955174,0.54137224,-0.0124777183600713,0.877037037037037,0.877037037037037,0.0,0.8592592592592592,20,0.0249676693685677,0.0251144794738019,3.3803,0.4310692271218588,-0.1300421432871763
lstm_sl10_base_alpha_v3_rs_crowding_mini4__risk_adjusted_sort__pred_weight__cs40_v2086_v596_rp10_mt80,2025-12-04,600104,0.19853482054770677,0.13056767513053802,0.54127324,-0.0065019505851754,0.8575925925925926,0.8575925925925926,0.0,0.6833333333333333,20,0.0132318388181505,0.0161813895857887,0.5621,0.0111167074399194,0.1857379767827527
lstm_sl10_base_alpha_v3_rs_crowding_mini4__risk_adjusted_sort__pred_weight__cs40_v2086_v596_rp10_mt80,2025-12-04,601111,0.19822556334408703,0.13036429018283663,0.5404301,-0.0131894484412469,0.8283333333333333,0.8283333333333333,0.0,0.6055555555555555,20,0.0215915509120631,0.026291682354233,0.2571,-0.5466408040909891,-0.3985215053763441
lstm_sl10_base_alpha_v3_rs_crowding_mini4__risk_adjusted_sort__pred_weight__cs40_v2086_v596_rp10_mt80,2025-12-04,002074,0.19815488248072208,0.19870089579976985,0.5402374,0.0221990075737791,0.7911111111111111,0.7911111111111111,0.0,0.6074074074074074,20,0.0213345233863057,0.0140811087443916,1.2188,-0.4354140127388535,-0.0500463392029657
lstm_sl10_base_alpha_v3_rs_crowding_mini4__risk_adjusted_sort__pred_weight__cs40_v2086_v596_rp10_mt80,2025-12-05,601877,0.20243379896455288,0.12076224261126876,0.5450324,-0.0148043708142404,0.9113888888888889,0.9113888888888889,0.0,0.8861111111111111,20,0.0208758379993463,0.0145401898289791,1.1263,0.0808917380831277,0.6387959866220738
lstm_sl10_base_alpha_v3_rs_crowding_mini4__risk_adjusted_sort__pred_weight__cs40_v2086_v596_rp10_mt80,2025-12-05,601111,0.20067997222193973,0.17231123529386475,0.5403104,-0.0217129071170083,0.9054166666666666,0.9054166666666666,0.0,0.6680555555555555,20,0.0217391084904286,0.0272495299828957,0.3865,-0.3018677070915067,-0.3603482920294709
lstm_sl10_base_alpha_v3_rs_crowding_mini4__risk_adjusted_sort__pred_weight__cs40_v2086_v596_rp10_mt80,2025-12-05,601298,0.2000640380753186,0.11934855754039522,0.53865206,-0.0034722222222221,0.8884722222222222,0.8884722222222222,0.0,0.5597222222222222,20,0.0121716011392925,0.0107584669881997,0.3267,-0.2742741630939423,0.2468030690537084
lstm_sl10_base_alpha_v3_rs_crowding_mini4__risk_adjusted_sort__pred_weight__cs40_v2086_v596_rp10_mt80,2025-12-05,000651,0.19771292598759782,0.1179485286401724,0.53232193,-0.0039138943248532,0.8618055555555555,0.8618055555555555,0.0,0.2708333333333333,20,0.0069550322221727,0.0058063564985524,0.4975,-0.1502408362655007,-0.0201465201465201
lstm_sl10_base_alpha_v3_rs_crowding_mini4__risk_adjusted_sort__pred_weight__cs40_v2086_v596_rp10_mt80,2025-12-05,002493,0.19910926475059101,0.20031633979696362,0.53608143,-0.0498981670061101,0.8504166666666666,0.8504166666666666,0.0,0.6625000000000001,20,0.0178231577574376,0.0136780022943469,0.2405,-0.2918347516268661,0.1226180613090308
lstm_sl10_base_alpha_v3_rs_crowding_mini4__risk_adjusted_sort__pred_weight__cs40_v2086_v596_rp10_mt80,2025-12-08,600522,0.2013287359314537,0.09726329591284524,0.5425168,0.0416171224732461,0.9359722222222222,0.9359722222222222,0.0,0.6402777777777778,20,0.0203015371162002,0.0101916340598134,2.17,0.0715308571259274,-0.1903073286052011
lstm_sl10_base_alpha_v3_rs_crowding_mini4__risk_adjusted_sort__pred_weight__cs40_v2086_v596_rp10_mt80,2025-12-08,601298,0.20049314178663197,0.15855006383681206,0.54026514,0.0128205128205128,0.9298611111111111,0.9298611111111111,0.0,0.4236111111111111,20,0.0119669742265228,0.0115466825251861,0.2832,-0.3280501115171071,-0.018181818181818
lstm_sl10_base_alpha_v3_rs_crowding_mini4__risk_adjusted_sort__pred_weight__cs40_v2086_v596_rp10_mt80,2025-12-08,600104,0.1994905817066166,0.12360380349157123,0.53756356,0.0256410256410255,0.8918055555555555,0.8918055555555555,0.0,0.5263888888888889,20,0.0133605188432363,0.00835022626651,0.6665,0.1466074869254059,-0.0814393939393942
lstm_sl10_base_alpha_v3_rs_crowding_mini4__risk_adjusted_sort__pred_weight__cs40_v2086_v596_rp10_mt80,2025-12-08,600741,0.19937837549181137,0.09632106338106089,0.5372612,0.0081012658227848,0.8763888888888889,0.8763888888888889,0.0,0.4027777777777778,20,0.0095160320846378,0.0099905756892326,0.2858,-0.0829750368991849,0.2483994878361071
lstm_sl10_base_alpha_v3_rs_crowding_mini4__risk_adjusted_sort__pred_weight__cs40_v2086_v596_rp10_mt80,2025-12-08,601456,0.19930916508348628,0.0962876273571668,0.5370747,0.0170132325141777,0.8204166666666666,0.8204166666666666,0.0,0.6847222222222221,20,0.0138898262861654,0.0114403301569084,1.8571,0.5021556430934488,-0.0526905829596414
lstm_sl10_base_alpha_v3_rs_crowding_mini4__risk_adjusted_sort__pred_weight__cs40_v2086_v596_rp10_mt80,2025-12-09,600741,0.20081158833080287,0.16083477034766813,0.53835946,0.018935516888434,0.959125,0.959125,0.0,0.40875000000000006,20,0.0095570104111752,0.0108024192309413,0.2105,-0.2924369747899159,0.0487804878048776
lstm_sl10_base_alpha_v3_rs_crowding_mini4__risk_adjusted_sort__pred_weight__cs40_v2086_v596_rp10_mt80,2025-12-09,000538,0.2002880251900553,0.12366023591370215,0.53695583,0.0039561229994605,0.947375,0.947375,0.0,0.27625,20,0.0044337045151825,0.0057117494260717,0.3003,-0.1965432363013698,0.4848484848484848
lstm_sl10_base_alpha_v3_rs_crowding_mini4__risk_adjusted_sort__pred_weight__cs40_v2086_v596_rp10_mt80,2025-12-09,601298,0.2002661558178261,0.18430608080724664,0.5368972,0.0198366394399066,0.913875,0.913875,0.0,0.36125,20,0.0118845950051331,0.0118800485374602,0.1643,-0.5682791602070578,-0.4780927835051546
lstm_sl10_base_alpha_v3_rs_crowding_mini4__risk_adjusted_sort__pred_weight__cs40_v2086_v596_rp10_mt80,2025-12-09,600522,0.20012257068826964,0.1607698494003617,0.53651226,0.0478755236385396,0.8662500000000001,0.8662500000000001,0.0,0.5875,20,0.0202567016060468,0.0106417138637469,1.3441,-0.3260967661067936,-0.1829689298043731
lstm_sl10_base_alpha_v3_rs_crowding_mini4__risk_adjusted_sort__pred_weight__cs40_v2086_v596_rp10_mt80,2025-12-09,601816,0.198511659973046,0.12256348666173952,0.53219354,-0.0096899224806201,0.850125,0.850125,0.0,0.24875000000000003,20,0.0059105727462496,0.0080261100344542,0.1637,-0.251999086132054,-0.1468842729970327
lstm_sl10_base_alpha_v3_rs_crowding_mini4__risk_adjusted_sort__pred_weight__cs40_v2086_v596_rp10_mt80,2025-12-10,000538,0.20077566160562704,0.16677128411980022,0.53919566,0.0043126684636117,0.9812790697674418,0.9812790697674418,0.0,0.18720930232558142,20,0.0045038114877063,0.0050783619665092,0.274,-0.2572512876118189,0.0031847133757962
lstm_sl10_base_alpha_v3_rs_crowding_mini4__risk_adjusted_sort__pred_weight__cs40_v2086_v596_rp10_mt80,2025-12-10,600795,0.19993689516543284,0.11177386428610661,0.5369431,0.0034364261168385,0.917906976744186,0.917906976744186,0.0,0.5883720930232559,20,0.0116784367890736,0.0072363340008157,0.7344,0.0332020258863252,0.3163596966413871
lstm_sl10_base_alpha_v3_rs_crowding_mini4__risk_adjusted_sort__pred_weight__cs40_v2086_v596_rp10_mt80,2025-12-10,002594,0.19985233188695495,0.11172658954772301,0.536716,-0.025572282944937,0.9045348837209303,0.9045348837209303,0.0,0.48953488372093024,20,0.0114518428195112,0.005015400062482,0.5689,-0.1116905828896211,0.3935681470137826
lstm_sl10_base_alpha_v3_rs_crowding_mini4__risk_adjusted_sort__pred_weight__cs40_v2086_v596_rp10_mt80,2025-12-10,600741,0.19971928715159545,0.1825729928026922,0.5363587,-0.0095959595959594,0.8982558139534884,0.8982558139534884,0.0,0.31976744186046513,20,0.0098610192660467,0.0085226258652464,0.2243,-0.2349931787175989,-0.0860927152317883
lstm_sl10_base_alpha_v3_rs_crowding_mini4__risk_adjusted_sort__pred_weight__cs40_v2086_v596_rp10_mt80,2025-12-10,600023,0.19971582419038963,0.11165027550504832,0.5363494,-0.0038910505836575,0.8794186046511627,0.8794186046511627,0.0,0.27558139534883724,20,0.0078636248389354,0.0050728829974713,0.2517,-0.1394871794871797,-0.0316205533596833
lstm_sl10_base_alpha_v3_rs_crowding_mini4__risk_adjusted_sort__pred_weight__cs40_v2086_v596_rp10_mt80,2025-12-11,600795,0.20182858545481852,0.16318945672990437,0.5413027,0.0171526586620925,0.9575581395348837,0.9575581395348837,0.0,0.4244186046511628,20,0.0115148256309096,0.0066717419106134,0.7421,0.0945266294007463,-0.0841320553780615
lstm_sl10_base_alpha_v3_rs_crowding_mini4__risk_adjusted_sort__pred_weight__cs40_v2086_v596_rp10_mt80,2025-12-11,600104,0.2000042513172969,0.1231368742888113,0.53640985,0.0110103626943004,0.9225581395348836,0.9225581395348836,0.0,0.541860465116279,20,0.0128622793937678,0.0111014705313538,0.6321,-0.018188596014352,0.1272321428571428
lstm_sl10_base_alpha_v3_rs_crowding_mini4__risk_adjusted_sort__pred_weight__cs40_v2086_v596_rp10_mt80,2025-12-11,601066,0.19962937700371575,0.113975842183812,0.53540444,0.0344958301743746,0.9201162790697675,0.9201162790697675,0.0,0.3337209302325581,20,0.008188160303385,0.0027863547142278,0.5136,0.5439651285134524,-0.1136363636363638
lstm_sl10_base_alpha_v3_rs_crowding_mini4__risk_adjusted_sort__pred_weight__cs40_v2086_v596_rp10_mt80,2025-12-11,000538,0.19899063913771806,0.18516651320834296,0.53369135,0.0053715308863026,0.8836046511627906,0.8836046511627906,0.0,0.23372093023255813,20,0.0045378203915801,0.0051063567121734,0.3021,-0.1941851160309416,0.1891117478510027
lstm_sl10_base_alpha_v3_rs_crowding_mini4__risk_adjusted_sort__pred_weight__cs40_v2086_v596_rp10_mt80,2025-12-11,600406,0.19954714708645097,0.11392889406318152,0.5351839,0.0088028169014084,0.8775581395348837,0.8775581395348837,0.0,0.5267441860465116,20,0.0103586286042128,0.0090194648212817,0.489,0.1423365337444808,0.4285714285714286
lstm_sl10_base_alpha_v3_rs_crowding_mini4__risk_adjusted_sort__pred_weight__cs40_v2086_v596_rp10_mt80,2025-12-12,601995,0.20047077458104298,0.0958261227434547,0.5408566,0.0226425910002866,0.9573780487804878,0.9573780487804878,0.0,0.1823170731707317,20,0.002124063134823,1.0157195133282304e-09,0.5192,0.0,0.0
lstm_sl10_base_alpha_v3_rs_crowding_mini4__risk_adjusted_sort__pred_weight__cs40_v2086_v596_rp10_mt80,2025-12-12,601059,0.20023704003763385,0.09571439635793583,0.540226,0.0061832490163013,0.9326219512195122,0.9326219512195122,0.0,0.18597560975609756,20,0.0028055787376214,0.0,2.6044,0.0,0.0
lstm_sl10_base_alpha_v3_rs_crowding_mini4__risk_adjusted_sort__pred_weight__cs40_v2086_v596_rp10_mt80,2025-12-12,600482,0.20066555336721723,0.09591922806472042,0.5413821,-0.0248054474708171,0.9170731707317074,0.9170731707317074,0.0,0.8292682926829268,20,0.0167174781608384,0.016068104436154,1.0074,0.045704142748892,0.1321483771251932
lstm_sl10_base_alpha_v3_rs_crowding_mini4__risk_adjusted_sort__pred_weight__cs40_v2086_v596_rp10_mt80,2025-12-12,600795,0.2001009209863786,0.18083333779872135,0.53985876,0.0152542372881356,0.8820731707317073,0.8820731707317073,0.0,0.4475609756097561,20,0.0109289288766536,0.0069855164424056,0.7589,0.1297525828445529,-0.0444893832153687
lstm_sl10_base_alpha_v3_rs_crowding_mini4__risk_adjusted_sort__pred_weight__cs40_v2086_v596_rp10_mt80,2025-12-12,600030,0.19852571102772734,0.0948963717650721,0.53560895,0.011323425336164,0.8386585365853658,0.8386585365853658,0.0,0.6378048780487805,20,0.0131039195346736,0.0153856429870816,0.8767,-0.0893320868390982,-0.0184757505773675
lstm_sl10_base_alpha_v3_rs_crowding_mini4__risk_adjusted_sort__pred_weight__cs40_v2086_v596_rp10_mt80,2025-12-15,601066,0.20178100915645217,0.1596731758281712,0.54745954,0.0195562241444151,0.9707317073170731,0.9707317073170731,0.0,0.2926829268292683,20,0.0066876694492728,0.0030320233027292,0.3546,-0.0359677024712502,-0.0466926070038915
lstm_sl10_base_alpha_v3_rs_crowding_mini4__risk_adjusted_sort__pred_weight__cs40_v2086_v596_rp10_mt80,2025-12-15,600795,0.2015563835736734,0.1954236573629416,0.5468501,0.0034129692832763,0.9298780487804877,0.9298780487804877,0.0,0.4573170731707318,20,0.0110743974017029,0.0074573398674463,0.598,-0.062019637983499,-0.2842105263157893
lstm_sl10_base_alpha_v3_rs_crowding_mini4__risk_adjusted_sort__pred_weight__cs40_v2086_v596_rp10_mt80,2025-12-15,601995,0.19952088008940233,0.16883371357937044,0.5413275,0.0246488965319576,0.9266463414634146,0.9266463414634146,0.0,0.24573170731707317,20,0.0009775188010191,1.0157195133282304e-09,0.5192,0.0,0.0
lstm_sl10_base_alpha_v3_rs_crowding_mini4__risk_adjusted_sort__pred_weight__cs40_v2086_v596_rp10_mt80,2025-12-15,601059,0.19943549922130918,0.16874053608490264,0.54109585,0.0067453625632378,0.9018902439024391,0.9018902439024391,0.0,0.24939024390243902,20,0.0016592445185882,0.0,2.6044,0.0,0.0
lstm_sl10_base_alpha_v3_rs_crowding_mini4__risk_adjusted_sort__pred_weight__cs40_v2086_v596_rp10_mt80,2025-12-15,600372,0.19770622795916296,0.139197542537274,0.5364041,0.0338849487785657,0.8223170731707318,0.8223170731707318,0.0,0.8012195121951219,20,0.0152406327158126,0.0102167133524518,1.4739,0.498094221680134,0.2758310871518419
lstm_sl10_base_alpha_v3_rs_crowding_mini4__risk_adjusted_sort__pred_weight__cs40_v2086_v596_rp10_mt80,2025-12-16,600795,0.20034465440861365,0.19991140708312133,0.53911525,0.0017123287671232,0.9497222222222222,0.9497222222222222,0.0,0.5027777777777778,20,0.0109146451590016,0.0093010151378544,0.5994,-0.0692546583850931,-0.2237442922374426
lstm_sl10_base_alpha_v3_rs_crowding_mini4__risk_adjusted_sort__pred_weight__cs40_v2086_v596_rp10_mt80,2025-12-16,601186,0.19999085598011485,0.1823835494379359,0.5381632,0.0064683053040103,0.9401388888888889,0.9401388888888889,0.0,0.3208333333333333,20,0.0061900882060992,0.0070925450440833,0.1931,-0.2019342040006613,-0.0816326530612246
lstm_sl10_base_alpha_v3_rs_crowding_mini4__risk_adjusted_sort__pred_weight__cs40_v2086_v596_rp10_mt80,2025-12-16,601995,0.19988645747949182,0.19715255658114486,0.53788227,0.0318142734307824,0.8771527777777778,0.8771527777777778,0.0,0.25625,20,0.0008936611956892,1.0157195133282304e-09,0.5192,0.0,0.0
lstm_sl10_base_alpha_v3_rs_crowding_mini4__risk_adjusted_sort__pred_weight__cs40_v2086_v596_rp10_mt80,2025-12-16,601059,0.19988645747949182,0.19714435318254503,0.53788227,0.0050590219224282,0.8767361111111112,0.8767361111111112,0.0,0.2604166666666667,20,0.0012640293824197,0.0,2.6044,0.0,0.0
lstm_sl10_base_alpha_v3_rs_crowding_mini4__risk_adjusted_sort__pred_weight__cs40_v2086_v596_rp10_mt80,2025-12-16,600482,0.19989157465228782,0.18479213661147764,0.53789604,0.0434560327198364,0.8527777777777777,0.8527777777777777,0.0,0.9166666666666667,20,0.0181996272980299,0.0181398039823467,1.0731,0.0766961651917401,0.4001692047377327
lstm_sl10_base_alpha_v3_rs_crowding_mini4__risk_adjusted_sort__pred_weight__cs40_v2086_v596_rp10_mt80,2025-12-17,603195,0.20279374801696254,0.09921216623163985,0.55294895,-0.0176678445229682,0.9608139534883721,0.9608139534883721,0.0,0.39186046511627903,20,0.0094696307576004,0.0074054962507113,0.1305,-0.2942130881557598,-0.024745269286754
lstm_sl10_base_alpha_v3_rs_crowding_mini4__risk_adjusted_sort__pred_weight__cs40_v2086_v596_rp10_mt80,2025-12-17,601186,0.19999528433499691,0.19099968473461496,0.5453185,0.0064516129032259,0.9446511627906976,0.9446511627906976,0.0,0.3209302325581395,20,0.0062619429254325,0.0046726851624887,0.1886,-0.2141666666666668,0.3930885529157666
lstm_sl10_base_alpha_v3_rs_crowding_mini4__risk_adjusted_sort__pred_weight__cs40_v2086_v596_rp10_mt80,2025-12-17,601018,0.19955782553769813,0.09762906575608364,0.5441257,-0.0053908355795148,0.9058139534883721,0.9058139534883721,0.0,0.47674418604651164,20,0.0099293433264982,0.0103956887701954,0.2982,-0.2945351312987935,-0.0610599078341014
lstm_sl10_base_alpha_v3_rs_crowding_mini4__risk_adjusted_sort__pred_weight__cs40_v2086_v596_rp10_mt80,2025-12-17,000001,0.19884215057370677,0.09727893827834012,0.5421743,0.0034752389226759,0.8953488372093024,0.8953488372093024,0.0,0.3488372093023256,20,0.008069572080776,0.0066702742714316,0.3615,-0.204410405387561,0.1337683523654156
lstm_sl10_base_alpha_v3_rs_crowding_mini4__risk_adjusted_sort__pred_weight__cs40_v2086_v596_rp10_mt80,2025-12-17,601607,0.19881099153663556,0.09726369443775945,0.54208934,0.0,0.8644186046511628,0.8644186046511628,0.0,0.1930232558139535,20,0.005495681647608,0.0079073530358451,0.2663,-0.3857403178557425,-0.1989881956155145
lstm_sl10_base_alpha_v3_rs_crowding_mini4__risk_adjusted_sort__pred_weight__cs40_v2086_v596_rp10_mt80,2025-12-18,600803,0.20506658149048293,0.09086601256456994,0.55652463,-0.0769230769230769,0.9319767441860465,0.9319767441860465,0.0,0.680232558139535,20,0.0153052443446342,0.0162033631831685,0.2165,-0.339637029129175,-0.2040520984081042
lstm_sl10_base_alpha_v3_rs_crowding_mini4__risk_adjusted_sort__pred_weight__cs40_v2086_v596_rp10_mt80,2025-12-18,000768,0.19993443613272288,0.08859190555338851,0.54259664,0.010655737704918,0.895,0.895,0.0,0.8174418604651162,20,0.0121517607125699,0.0126378572623985,0.9338,0.2913486005089059,0.2640901771336554
lstm_sl10_base_alpha_v3_rs_crowding_mini4__risk_adjusted_sort__pred_weight__cs40_v2086_v596_rp10_mt80,2025-12-18,300628,0.19943080163305807,0.08836874269615008,0.54122984,0.0168834763354553,0.8877906976744186,0.8877906976744186,0.0,0.6569767441860466,20,0.0119208274414115,0.0159380327143178,1.0018,-0.2013584400261482,-0.2851373182552503
lstm_sl10_base_alpha_v3_rs_crowding_mini4__risk_adjusted_sort__pred_weight__cs40_v2086_v596_rp10_mt80,2025-12-18,000001,0.19832848765067054,0.14205447723683762,0.5382383,-0.0077386070507307,0.8838372093023256,0.8838372093023256,0.0,0.463953488372093,20,0.008337738239241,0.0071928631400698,0.4073,-0.0937812882411837,0.0792951541850219
lstm_sl10_base_alpha_v3_rs_crowding_mini4__risk_adjusted_sort__pred_weight__cs40_v2086_v596_rp10_mt80,2025-12-18,600900,0.19723969309306552,0.08739785201525015,0.53528345,-0.0142704245451301,0.8613953488372094,0.8613953488372094,0.0,0.22325581395348837,20,0.0042225617334164,0.004228047670369,0.1934,-0.2590889936022679,-0.0425531914893617
lstm_sl10_base_alpha_v3_rs_crowding_mini4__risk_adjusted_sort__pred_weight__cs40_v2086_v596_rp10_mt80,2025-12-19,600887,0.20062212136345936,0.1047116990087284,0.54586047,0.0072289156626506,0.9338095238095238,0.9338095238095238,0.0,0.42380952380952386,20,0.0067521201089474,0.0039400443415427,0.5682,0.0109600740160844,2.220446049250313e-16
lstm_sl10_base_alpha_v3_rs_crowding_mini4__risk_adjusted_sort__pred_weight__cs40_v2086_v596_rp10_mt80,2025-12-19,600803,0.20287969715105034,0.14932987061554198,0.55200297,-0.0510849909584087,0.9296428571428571,0.9296428571428571,0.0,0.7035714285714285,20,0.0139676578473139,0.0148188762516207,0.1768,-0.4431671443419105,-0.0269461077844309
lstm_sl10_base_alpha_v3_rs_crowding_mini4__risk_adjusted_sort__pred_weight__cs40_v2086_v596_rp10_mt80,2025-12-19,601018,0.1986110247049578,0.12965403171243073,0.5403886,-0.0080862533692721,0.8983333333333333,0.8983333333333333,0.0,0.3023809523809524,20,0.0082519633201999,0.0064861473566396,0.2241,-0.4580804294730733,-0.2960526315789473
lstm_sl10_base_alpha_v3_rs_crowding_mini4__risk_adjusted_sort__pred_weight__cs40_v2086_v596_rp10_mt80,2025-12-19,300628,0.19992299139770087,0.14659280509662453,0.54395825,0.0098657166346944,0.893095238095238,0.893095238095238,0.0,0.592857142857143,20,0.0111265001815751,0.0093149609399006,1.0029,-0.2178043301927996,-0.2437810945273633
lstm_sl10_base_alpha_v3_rs_crowding_mini4__risk_adjusted_sort__pred_weight__cs40_v2086_v596_rp10_mt80,2025-12-19,000651,0.19796416538283163,0.10333258047546608,0.5386286,-0.0063198833252309,0.8751190476190476,0.8751190476190476,0.0,0.2964285714285715,20,0.004686251359509,0.00384016799919,0.5584,-0.0977686578016189,-0.0682414698162729
lstm_sl10_base_alpha_v3_rs_crowding_mini4__risk_adjusted_sort__pred_weight__cs40_v2086_v596_rp10_mt80,2025-12-22,601021,0.20176574927989055,0.11425939269230947,0.5489996,0.0058823529411764,0.9355813953488372,0.9355813953488372,0.0,0.6441860465116279,20,0.0125132589579883,0.0079947615570628,0.5875,0.0130707683818456,-0.11969111969112
lstm_sl10_base_alpha_v3_rs_crowding_mini4__risk_adjusted_sort__pred_weight__cs40_v2086_v596_rp10_mt80,2025-12-22,300628,0.2003547110609461,0.17703802559310783,0.5451602,0.0052327182594326,0.9351162790697674,0.9351162790697674,0.0,0.4162790697674419,20,0.0108681273054589,0.0068990555532431,0.8712,-0.3180056832859727,-0.280701754385965
lstm_sl10_base_alpha_v3_rs_crowding_mini4__risk_adjusted_sort__pred_weight__cs40_v2086_v596_rp10_mt80,2025-12-22,600887,0.199453504758147,0.15836372481656075,0.54270804,-0.0075059706584784,0.8929069767441861,0.8929069767441861,0.0,0.3732558139534884,20,0.0065809139863537,0.005826733972764,0.6385,0.1139412760166782,-0.1779141104294478
lstm_sl10_base_alpha_v3_rs_crowding_mini4__risk_adjusted_sort__pred_weight__cs40_v2086_v596_rp10_mt80,2025-12-22,000975,0.20016713125500005,0.11335409967145296,0.5446498,-0.006743355811186,0.8665116279069768,0.8665116279069768,0.0,0.8697674418604652,20,0.0249058805893102,0.028423720125068,2.6313,0.4324833413178868,-0.4313063063063064
lstm_sl10_base_alpha_v3_rs_crowding_mini4__risk_adjusted_sort__pred_weight__cs40_v2086_v596_rp10_mt80,2025-12-22,000768,0.19825890364601634,0.13064195415124524,0.53945756,0.0198702351987023,0.8469767441860465,0.8469767441860465,0.0,0.6,20,0.0105144597299474,0.0129180213979245,0.8161,0.0263730459170199,-0.3723673125526537
lstm_sl10_base_alpha_v3_rs_crowding_mini4__risk_adjusted_sort__pred_weight__cs40_v2086_v596_rp10_mt80,2025-12-23,300628,0.20365032882613301,0.196380510972411,0.5491043,0.0038599393438102,0.9397560975609756,0.9397560975609756,0.0,0.6024390243902439,20,0.0109713172733428,0.0068230412624616,1.1183,-0.1508603015991131,0.1962833914053425
lstm_sl10_base_alpha_v3_rs_crowding_mini4__risk_adjusted_sort__pred_weight__cs40_v2086_v596_rp10_mt80,2025-12-23,600887,0.20071853251916466,0.18914825487234896,0.54119927,-0.0017355085039916,0.927560975609756,0.927560975609756,0.0,0.48048780487804876,20,0.0065133167829876,0.0077029288811911,0.679,0.1499119360520255,0.2824675324675327
lstm_sl10_base_alpha_v3_rs_crowding_mini4__risk_adjusted_sort__pred_weight__cs40_v2086_v596_rp10_mt80,2025-12-23,601021,0.2003749814440807,0.17685034928016852,0.54027295,0.0245583038869258,0.896341463414634,0.896341463414634,0.0,0.5487804878048781,20,0.0120406541071467,0.005904739976613,0.4724,-0.1603121278373237,-0.2113821138211383
lstm_sl10_base_alpha_v3_rs_crowding_mini4__risk_adjusted_sort__pred_weight__cs40_v2086_v596_rp10_mt80,2025-12-23,601919,0.1977931004669338,0.14376095599124916,0.5333114,-0.0155743024010383,0.8423170731707317,0.8423170731707317,0.0,0.6012195121951219,20,0.0100842292456493,0.0078001477855635,0.4818,-0.0070074196207748,-0.1009681881051175
lstm_sl10_base_alpha_v3_rs_crowding_mini4__risk_adjusted_sort__pred_weight__cs40_v2086_v596_rp10_mt80,2025-12-23,603288,0.19746305674368783,0.1435210719858883,0.5324215,-0.0140397350993378,0.8360975609756097,0.8360975609756097,0.0,0.41951219512195126,20,0.007106406145295,0.0092694054985767,0.1979,-0.0380595926700044,-0.360374414976599
lstm_sl10_base_alpha_v3_rs_crowding_mini4__risk_adjusted_sort__pred_weight__cs40_v2086_v596_rp10_mt80,2025-12-24,601601,0.20236999849554135,0.10072926366702492,0.56659776,0.0096385542168674,0.942,0.942,0.0,0.5800000000000001,20,0.0211436240167965,0.0068861711086376,0.2972,-0.4327269950945772,-0.3755824790307548
lstm_sl10_base_alpha_v3_rs_crowding_mini4__risk_adjusted_sort__pred_weight__cs40_v2086_v596_rp10_mt80,2025-12-24,601318,0.2005009045146068,0.0997989258609091,0.56136465,-0.0031884057971014,0.90975,0.90975,0.0,0.6525,20,0.0189281334689119,0.0080709304551298,0.4797,-0.3742091187789446,-0.1750278706800445
lstm_sl10_base_alpha_v3_rs_crowding_mini4__risk_adjusted_sort__pred_weight__cs40_v2086_v596_rp10_mt80,2025-12-24,002352,0.19903444484571758,0.0990689984816397,0.55725884,0.0036591740721378,0.879,0.879,0.0,0.46,20,0.0092925558109811,0.0082111431385503,0.2474,-0.461131319291673,-0.3228200371057513
lstm_sl10_base_alpha_v3_rs_crowding_mini4__risk_adjusted_sort__pred_weight__cs40_v2086_v596_rp10_mt80,2025-12-24,300628,0.1991785724283838,0.19777324048889333,0.55766237,-0.0125204137180185,0.87425,0.87425,0.0,0.7575000000000001,20,0.0110445792243111,0.0094704727981786,0.9667,-0.2295799230137793,0.2656072644721907
lstm_sl10_base_alpha_v3_rs_crowding_mini4__risk_adjusted_sort__pred_weight__cs40_v2086_v596_rp10_mt80,2025-12-24,601211,0.19891607971575057,0.09901008247396038,0.55692744,-0.0181992337164751,0.852125,0.852125,0.0,0.47875,20,0.013275827157509,0.0026853473893061,0.4758,-0.2947036065282163,-0.2503536067892503
lstm_sl10_base_alpha_v3_rs_crowding_mini4__risk_adjusted_sort__pred_weight__cs40_v2086_v596_rp10_mt80,2025-12-25,300628,0.20450427832211415,0.20114649551116354,0.5715328,-0.0276797829036634,0.945,0.945,0.0,0.55,20,0.0110787785698551,0.0093715825930922,0.723,-0.3983222928664158,-0.261501210653753
lstm_sl10_base_alpha_v3_rs_crowding_mini4__risk_adjusted_sort__pred_weight__cs40_v2086_v596_rp10_mt80,2025-12-25,601117,0.19952272907767118,0.09999067968338249,0.55761075,-0.0208062418725616,0.933875,0.933875,0.0,0.41125,20,0.0098936762861012,0.0039560084607625,0.4369,-0.3167779567454297,-0.3356047700170357
lstm_sl10_base_alpha_v3_rs_crowding_mini4__risk_adjusted_sort__pred_weight__cs40_v2086_v596_rp10_mt80,2025-12-25,000708,0.19919659657140612,0.09982723860015835,0.5566993,0.0438871473354231,0.8933749999999999,0.8933749999999999,0.0,0.56625,20,0.0183632779266322,0.0067021954226101,0.1361,-0.5464240485236286,-0.2020202020202018
lstm_sl10_base_alpha_v3_rs_crowding_mini4__risk_adjusted_sort__pred_weight__cs40_v2086_v596_rp10_mt80,2025-12-25,000538,0.1984183798970127,0.09944740125897229,0.5545244,0.0,0.873375,0.873375,0.0,0.26625000000000004,20,0.0046528410064824,0.0048980024267432,0.2572,-0.2086153846153846,-0.3016759776536314
lstm_sl10_base_alpha_v3_rs_crowding_mini4__risk_adjusted_sort__pred_weight__cs40_v2086_v596_rp10_mt80,2025-12-25,000001,0.19835801613179582,0.10142287710180801,0.5543557,-0.0121107266435985,0.83625,0.83625,0.0,0.38749999999999996,20,0.006465482509912,0.0046283053142426,0.2821,-0.2585486372118694,0.0929648241206027
lstm_sl10_base_alpha_v3_rs_crowding_mini4__risk_adjusted_sort__pred_weight__cs40_v2086_v596_rp10_mt80,2025-12-26,300628,0.20645296465487037,0.20500969360909185,0.5825416,-0.0030136986301371,0.9467948717948718,0.9467948717948718,0.0,0.532051282051282,20,0.0112233073299121,0.0089370209126324,0.6246,-0.4003744059904958,-0.1759603469640644
lstm_sl10_base_alpha_v3_rs_crowding_mini4__risk_adjusted_sort__pred_weight__cs40_v2086_v596_rp10_mt80,2025-12-26,601318,0.1990111768665577,0.15842408255999013,0.56154335,0.0197183098591549,0.8984615384615384,0.8984615384615384,0.0,0.758974358974359,20,0.018715534884869,0.0130844389579611,0.6163,-0.1825067317513165,-0.1226645004061737
lstm_sl10_base_alpha_v3_rs_crowding_mini4__risk_adjusted_sort__pred_weight__cs40_v2086_v596_rp10_mt80,2025-12-26,601601,0.1983126501727312,0.1580417708278979,0.55957234,0.0844233055885851,0.8753846153846153,0.8753846153846153,0.0,0.7333333333333334,20,0.0214652731641884,0.0142152808460006,0.3481,-0.3257665265645275,-0.1197183098591549
lstm_sl10_base_alpha_v3_rs_crowding_mini4__risk_adjusted_sort__pred_weight__cs40_v2086_v596_rp10_mt80,2025-12-26,601211,0.19816539681466355,0.15770131103755994,0.55915684,0.0125422093584177,0.8675641025641027,0.8675641025641027,0.0,0.5551282051282052,20,0.0134805254710258,0.0030787205970153,0.4906,-0.1823605879804006,0.0575296108291032
lstm_sl10_base_alpha_v3_rs_crowding_mini4__risk_adjusted_sort__pred_weight__cs40_v2086_v596_rp10_mt80,2025-12-26,601117,0.19805781149117715,0.17138518831224292,0.55885327,-0.0169270833333332,0.8508974358974359,0.8508974358974359,0.0,0.46538461538461534,20,0.0099271252171117,0.0026987673939547,0.5016,-0.1632329635499205,-0.0808080808080807
lstm_sl10_base_alpha_v3_rs_crowding_mini4__risk_adjusted_sort__pred_weight__cs40_v2086_v596_rp10_mt80,2025-12-29,601318,0.20185917482716917,0.1942972258761678,0.5703094,0.0593548387096774,0.9232051282051282,0.9232051282051282,0.0,0.767948717948718,20,0.0194154390344433,0.0170511991618483,0.6151,-0.0823648759529173,-0.0171898355754857
lstm_sl10_base_alpha_v3_rs_crowding_mini4__risk_adjusted_sort__pred_weight__cs40_v2086_v596_rp10_mt80,2025-12-29,601601,0.20034876712125513,0.19298321706618327,0.56604207,0.1141034727143869,0.8917948717948718,0.8917948717948718,0.0,0.8256410256410256,20,0.0216061375019903,0.0144751705990945,0.4503,-0.0645643774149321,0.1177347242921011
lstm_sl10_base_alpha_v3_rs_crowding_mini4__risk_adjusted_sort__pred_weight__cs40_v2086_v596_rp10_mt80,2025-12-29,600309,0.19936038136094744,0.16465220076286435,0.5632496,0.0894039735099338,0.8857692307692308,0.8857692307692308,0.0,0.6294871794871795,20,0.0187788709422654,0.0175807717380683,0.683,-0.3581912834294949,-0.2441860465116279
lstm_sl10_base_alpha_v3_rs_crowding_mini4__risk_adjusted_sort__pred_weight__cs40_v2086_v596_rp10_mt80,2025-12-29,300628,0.19921536936583267,0.20022414779465586,0.5628399,0.0024718483932986,0.8443589743589743,0.8443589743589743,0.0,0.5307692307692308,20,0.0107878665476325,0.0085636602002471,0.8763,-0.0883745123537061,0.0046728971962617
lstm_sl10_base_alpha_v3_rs_crowding_mini4__risk_adjusted_sort__pred_weight__cs40_v2086_v596_rp10_mt80,2025-12-29,600115,0.1992163073247955,0.16453320968267449,0.56284255,0.0795053003533568,0.831025641025641,0.831025641025641,0.0,0.9205128205128206,20,0.0199473043751001,0.0170092911232454,0.8422,0.0948468618376578,0.6912257200267917
lstm_sl10_base_alpha_v3_rs_crowding_mini4__risk_adjusted_sort__pred_weight__cs40_v2086_v596_rp10_mt80,2025-12-30,601688,0.2012502833031004,0.18206910533939344,0.5652155,0.0560271646859084,0.915875,0.915875,0.0,0.59125,20,0.021510805424419,0.0111942644493479,0.7089,-0.4628121092713977,-0.2438130155820348
lstm_sl10_base_alpha_v3_rs_crowding_mini4__risk_adjusted_sort__pred_weight__cs40_v2086_v596_rp10_mt80,2025-12-30,601601,0.20141025010298397,0.20060706902054312,0.56566477,0.1252983293556084,0.911875,0.911875,0.0,0.8812500000000001,20,0.0219684434680782,0.0152012979748332,0.4549,-0.0400725906856022,0.1263940520446096
lstm_sl10_base_alpha_v3_rs_crowding_mini4__risk_adjusted_sort__pred_weight__cs40_v2086_v596_rp10_mt80,2025-12-30,300628,0.2010471264998205,0.20096868834438036,0.56464493,-0.0079933847850054,0.8897499999999999,0.8897499999999999,0.0,0.6025,20,0.0113638313327413,0.0112983754050591,0.7239,-0.1998806286889051,-0.032258064516129
lstm_sl10_base_alpha_v3_rs_crowding_mini4__risk_adjusted_sort__pred_weight__cs40_v2086_v596_rp10_mt80,2025-12-30,600309,0.19841088773769114,0.19519334502392516,0.557241,0.0666666666666666,0.84575,0.84575,0.0,0.7925,20,0.0182042421461779,0.0159771502675374,0.8506,-0.1973351451326765,0.3374485596707819
lstm_sl10_base_alpha_v3_rs_crowding_mini4__risk_adjusted_sort__pred_weight__cs40_v2086_v596_rp10_mt80,2025-12-30,601336,0.19788145235640406,0.1790213578955755,0.55575407,0.1712857142857143,0.844,0.844,0.0,0.56,20,0.0179513017107406,0.0109419436522886,0.6651,-0.2705717199855233,-0.2720306513409961
lstm_sl10_base_alpha_v3_rs_crowding_mini4__risk_adjusted_sort__pred_weight__cs40_v2086_v596_rp10_mt80,2025-12-31,600309,0.20451031159443706,0.20136834981068766,0.57793224,0.0362694300518134,0.9486585365853658,0.9486585365853658,0.0,0.5134146341463416,20,0.0181854080241752,0.0084774672031152,0.524,-0.4100095704554412,-0.3287037037037037
lstm_sl10_base_alpha_v3_rs_crowding_mini4__risk_adjusted_sort__pred_weight__cs40_v2086_v596_rp10_mt80,2025-12-31,002352,0.1980096103019152,0.13131002077832837,0.5595617,0.0122651356993735,0.8995121951219512,0.8995121951219512,0.0,0.27317073170731704,20,0.008379884758675,0.004765281003371,0.2485,-0.351310431241516,-0.1176470588235293
lstm_sl10_base_alpha_v3_rs_crowding_mini4__risk_adjusted_sort__pred_weight__cs40_v2086_v596_rp10_mt80,2025-12-31,601601,0.20078389854266948,0.20072426630115023,0.56740165,0.1132075471698113,0.8868292682926828,0.8868292682926828,0.0,0.8878048780487806,20,0.021242547913598,0.0146998676102262,0.4281,0.0003037596093182,-0.0312916111850865
lstm_sl10_base_alpha_v3_rs_crowding_mini4__risk_adjusted_sort__pred_weight__cs40_v2086_v596_rp10_mt80,2025-12-31,002920,0.1992438013450734,0.1320527896850648,0.56304944,0.0901883052527255,0.8786585365853659,0.8786585365853659,0.0,0.725609756097561,20,0.0258712450617154,0.0105052841160539,1.3699,-0.4446493941371776,-0.0270506108202442
lstm_sl10_base_alpha_v3_rs_crowding_mini4__risk_adjusted_sort__pred_weight__cs40_v2086_v596_rp10_mt80,2025-12-31,000538,0.19745237821590494,0.13101684237037753,0.557987,0.0073995771670188,0.853780487804878,0.853780487804878,0.0,0.2426829268292683,20,0.0040400458995178,0.0034460979948095,0.2559,-0.2076418132276442,0.1564625850340135
lstm_sl10_base_alpha_v3_rs_crowding_mini4__risk_adjusted_sort__pred_weight__cs40_v2086_v596_rp10_mt80,2026-01-05,600309,0.20585166064087468,0.20436318259118924,0.56891686,0.0298584966896014,0.9377380952380953,0.9377380952380953,0.0,0.6226190476190476,20,0.0179032906906864,0.0090670468815965,0.8355,0.0316980106936022,0.2043010752688172
lstm_sl10_base_alpha_v3_rs_crowding_mini4__risk_adjusted_sort__pred_weight__cs40_v2086_v596_rp10_mt80,2026-01-05,600009,0.20131010115498318,0.13447430098436464,0.55636525,-0.0039743197798839,0.9313095238095238,0.9313095238095238,0.0,0.44880952380952377,20,0.020087117694403,0.0080512221173368,0.5739,-0.3295169110345231,-0.5476190476190476
lstm_sl10_base_alpha_v3_rs_crowding_mini4__risk_adjusted_sort__pred_weight__cs40_v2086_v596_rp10_mt80,2026-01-05,601166,0.1996192114036689,0.13334479374133484,0.5516921,-0.0114014251781472,0.9048809523809523,0.9048809523809523,0.0,0.475,20,0.0095966755552564,0.0104585228881317,0.3222,0.1432423801582512,-0.1050903119868634
lstm_sl10_base_alpha_v3_rs_crowding_mini4__risk_adjusted_sort__pred_weight__cs40_v2086_v596_rp10_mt80,2026-01-05,002920,0.19705480774992576,0.1754738643936592,0.5446048,0.0610717100078801,0.8464285714285714,0.8464285714285714,0.0,0.8214285714285714,20,0.0268562112802843,0.0229299559404044,2.214,-0.1127994902804658,0.4301389904901245
lstm_sl10_base_alpha_v3_rs_crowding_mini4__risk_adjusted_sort__pred_weight__cs40_v2086_v596_rp10_mt80,2026-01-05,300628,0.19616421905054743,0.15353769330057715,0.54214346,0.0079692223138225,0.8432142857142857,0.8432142857142857,0.0,0.6154761904761905,20,0.0116872050091784,0.0103307001349209,1.2063,0.3470235502998224,0.1060433295324971
lstm_sl10_base_alpha_v3_rs_crowding_mini4__risk_adjusted_sort__pred_weight__cs40_v2086_v596_rp10_mt80,2026-01-06,300316,0.2027211840696043,0.09368696240917339,0.55846184,0.0556875164951175,0.9199999999999999,0.9199999999999999,0.0,0.8,20,0.0270784408474047,0.0174792253258175,2.2303,0.1977466059460388,0.0426731078904996
lstm_sl10_base_alpha_v3_rs_crowding_mini4__risk_adjusted_sort__pred_weight__cs40_v2086_v596_rp10_mt80,2026-01-06,600009,0.20061512096852943,0.1650410744767727,0.55266,-0.0078764010905786,0.9195945945945947,0.9195945945945947,0.0,0.5337837837837838,20,0.0201199066397305,0.0095627959702141,0.5914,-0.2007244026381229,-0.0733590733590733
lstm_sl10_base_alpha_v3_rs_crowding_mini4__risk_adjusted_sort__pred_weight__cs40_v2086_v596_rp10_mt80,2026-01-06,002049,0.20002874663022424,0.09244266085119886,0.55104464,0.0,0.9078378378378378,0.9078378378378378,0.0,0.38108108108108113,20,0.0139655327670706,0.0078605231819363,2.7733,0.0532332243375754,-1.0
lstm_sl10_base_alpha_v3_rs_crowding_mini4__risk_adjusted_sort__pred_weight__cs40_v2086_v596_rp10_mt80,2026-01-06,000977,0.19962692832963275,0.0922569617778849,0.5499377,0.0435803374908291,0.8486486486486488,0.8486486486486488,0.0,0.7027027027027026,20,0.0216565615885664,0.0123797234111915,4.0684,0.168110391083267,0.0944881889763777
lstm_sl10_base_alpha_v3_rs_crowding_mini4__risk_adjusted_sort__pred_weight__cs40_v2086_v596_rp10_mt80,2026-01-06,601939,0.1970080200020093,0.09104664146938232,0.54272306,-0.0010940919037199,0.8462162162162162,0.8462162162162162,0.0,0.45675675675675675,20,0.0100312443303668,0.011790111165883,0.8807,0.1499340619165132,-0.2334905660377356
lstm_sl10_base_alpha_v3_rs_crowding_mini4__risk_adjusted_sort__pred_weight__cs40_v2086_v596_rp10_mt80,2026-01-07,000977,0.20533989901087968,0.1549403514645906,0.5740267,0.0115641215715344,0.9344594594594594,0.9344594594594594,0.0,0.6554054054054055,20,0.0215323536760443,0.0130105356372361,3.2022,-0.0084809526905893,0.0592160133444537
lstm_sl10_base_alpha_v3_rs_crowding_mini4__risk_adjusted_sort__pred_weight__cs40_v2086_v596_rp10_mt80,2026-01-07,300316,0.20155663369250867,0.15348056881770303,0.5634506,0.0062047569803516,0.8789189189189189,0.8789189189189189,0.0,0.9405405405405406,20,0.0264606072048327,0.0192931680336443,2.7787,0.48250308110098,0.1026033690658503
lstm_sl10_base_alpha_v3_rs_crowding_mini4__risk_adjusted_sort__pred_weight__cs40_v2086_v596_rp10_mt80,2026-01-07,300408,0.19912347980108666,0.11037681710041862,0.55664873,0.0530629853321828,0.8777027027027027,0.8777027027027027,0.0,0.6824324324324325,20,0.0224757766935034,0.0144894439883937,0.9683,-0.0981400244022838,0.1111111111111107
lstm_sl10_base_alpha_v3_rs_crowding_mini4__risk_adjusted_sort__pred_weight__cs40_v2086_v596_rp10_mt80,2026-01-07,002049,0.1985477571149031,0.15125813964566537,0.5550393,0.0,0.8752702702702704,0.8752702702702704,0.0,0.43648648648648647,20,0.013857514664178,0.0,2.7733,0.0215673634772999,0.0
lstm_sl10_base_alpha_v3_rs_crowding_mini4__risk_adjusted_sort__pred_weight__cs40_v2086_v596_rp10_mt80,2026-01-07,600085,0.1954322303806217,0.10833070800991014,0.54632986,0.005907960199005,0.8378378378378379,0.8378378378378379,0.0,0.2702702702702703,20,0.00887503470797,0.0036314437005397,0.4057,-0.1489763383117972,0.1563876651982372
lstm_sl10_base_alpha_v3_rs_crowding_mini4__risk_adjusted_sort__pred_weight__cs40_v2086_v596_rp10_mt80,2026-01-08,002049,0.19975410563623014,0.17964431629161454,0.5585607,0.099987311254917,0.9282051282051282,0.9282051282051282,0.0,0.4615384615384615,20,0.0137938802473622,0.0,2.7733,-0.0162149123273773,0.0
lstm_sl10_base_alpha_v3_rs_crowding_mini4__risk_adjusted_sort__pred_weight__cs40_v2086_v596_rp10_mt80,2026-01-08,000977,0.20576565027611707,0.18468995806955718,0.57537043,0.0477262494371904,0.9155128205128205,0.9155128205128205,0.0,0.844871794871795,20,0.0208952153547207,0.0131323237002288,4.4833,0.3389899858733016,0.4274750575594781
lstm_sl10_base_alpha_v3_rs_crowding_mini4__risk_adjusted_sort__pred_weight__cs40_v2086_v596_rp10_mt80,2026-01-08,002415,0.19868230976052353,0.1162948510477074,0.5555637,0.0423615743829219,0.8996153846153846,0.8996153846153846,0.0,0.491025641025641,20,0.0098829135150882,0.0087559440654069,0.4457,0.0240797757455999,-0.072
lstm_sl10_base_alpha_v3_rs_crowding_mini4__risk_adjusted_sort__pred_weight__cs40_v2086_v596_rp10_mt80,2026-01-08,000538,0.19836755510450566,0.12043441821460654,0.55468357,-0.0117173837005944,0.8980769230769231,0.8980769230769231,0.0,0.24999999999999997,20,0.0039264495913953,0.0052372459617373,0.4318,0.1274740195310462,-0.3252212389380532
lstm_sl10_base_alpha_v3_rs_crowding_mini4__risk_adjusted_sort__pred_weight__cs40_v2086_v596_rp10_mt80,2026-01-08,000876,0.1974303792226236,0.11556205769734502,0.552063,-0.0334412081984897,0.8483333333333334,0.8483333333333334,0.0,0.2346153846153846,20,0.0066850496298123,0.0069008412957363,0.416,-0.1320857065364794,-0.2369477911646587
lstm_sl10_base_alpha_v3_rs_crowding_mini4__risk_adjusted_sort__pred_weight__cs40_v2086_v596_rp10_mt80,2026-01-09,002049,0.20296278623561403,0.19562609461256839,0.5677774,0.1672376601954067,0.9521794871794872,0.9521794871794872,0.0,0.47820512820512817,20,0.0137932412889008,0.0,2.7733,-0.0294561272734272,0.0
lstm_sl10_base_alpha_v3_rs_crowding_mini4__risk_adjusted_sort__pred_weight__cs40_v2086_v596_rp10_mt80,2026-01-09,000538,0.19922720004912478,0.1744366222869449,0.5573273,-0.0125610607117934,0.9305128205128205,0.9305128205128205,0.0,0.18205128205128207,20,0.0039244961623748,0.0047040811751062,0.3995,0.0255686193972377,-0.2013129102844639
lstm_sl10_base_alpha_v3_rs_crowding_mini4__risk_adjusted_sort__pred_weight__cs40_v2086_v596_rp10_mt80,2026-01-09,002493,0.20113211629195335,0.13784990626201438,0.5626562,0.0172711571675301,0.8955128205128204,0.8955128205128204,0.0,0.7884615384615384,20,0.0258036394132896,0.02211209671468,0.6474,-0.108853650479022,0.0148975791433894
lstm_sl10_base_alpha_v3_rs_crowding_mini4__risk_adjusted_sort__pred_weight__cs40_v2086_v596_rp10_mt80,2026-01-09,002415,0.19899750123132853,0.1729767613516099,0.55668473,0.0301639344262294,0.8657692307692308,0.8657692307692308,0.0,0.5730769230769232,20,0.0100540076551102,0.0092447726865984,0.5152,0.1399995574535881,0.0060514372163391
lstm_sl10_base_alpha_v3_rs_crowding_mini4__risk_adjusted_sort__pred_weight__cs40_v2086_v596_rp10_mt80,2026-01-09,600176,0.19768039619197916,0.13548420106146428,0.5530002,0.0280112044817928,0.806923076923077,0.806923076923077,0.0,0.6487179487179486,20,0.0195215656466997,0.0098197399871683,1.3286,-0.1326147558642841,0.2025316455696202
lstm_sl10_base_alpha_v3_rs_crowding_mini4__risk_adjusted_sort__pred_weight__cs40_v2086_v596_rp10_mt80,2026-01-12,300347,0.2032710126675025,0.15311169777414077,0.57288957,-0.0031173092698933,0.92484375,0.92484375,0.0,0.7515625,20,0.0188012137305384,0.0123460904674268,2.0413,0.0743910398113645,0.1778523489932886
lstm_sl10_base_alpha_v3_rs_crowding_mini4__risk_adjusted_sort__pred_weight__cs40_v2086_v596_rp10_mt80,2026-01-12,002493,0.20213646017080542,0.18627305958749318,0.569692,0.0078809106830121,0.8996875,0.8996875,0.0,0.690625,20,0.0260853127334612,0.0227121349254539,0.6748,-0.1004345855440317,-0.227976766698935
lstm_sl10_base_alpha_v3_rs_crowding_mini4__risk_adjusted_sort__pred_weight__cs40_v2086_v596_rp10_mt80,2026-01-12,002049,0.2017690115877941,0.20025318056555122,0.5686564,0.07867021951529,0.89546875,0.89546875,0.0,0.42031250000000003,20,0.0131585631744578,0.0,2.7733,-0.0252226666572936,0.0
lstm_sl10_base_alpha_v3_rs_crowding_mini4__risk_adjusted_sort__pred_weight__cs40_v2086_v596_rp10_mt80,2026-01-12,600176,0.19830228181099355,0.18280124281894444,0.55888593,0.0594837261503927,0.85921875,0.85921875,0.0,0.4703125,20,0.018461349784359,0.003908635018644,1.4215,-0.0911125319693094,-0.0192926045016078
lstm_sl10_base_alpha_v3_rs_crowding_mini4__risk_adjusted_sort__pred_weight__cs40_v2086_v596_rp10_mt80,2026-01-12,688981,0.19452123376290448,0.14652102119093927,0.5482296,-0.0034512510785159,0.81375,0.81375,0.0,0.6124999999999999,20,0.0246489290725989,0.0115757392941255,2.8203,-0.0373318496622485,-0.2706333973128599
lstm_sl10_base_alpha_v3_rs_crowding_mini4__risk_adjusted_sort__pred_weight__cs40_v2086_v596_rp10_mt80,2026-01-13,002493,0.20431933172060415,0.2030069230830108,0.57490647,0.0585701981050818,0.9389062499999999,0.9389062499999999,0.0,0.6109375000000001,20,0.0259957835352436,0.0139060802992319,0.5596,-0.2560983715520105,-0.0483383685800604
lstm_sl10_base_alpha_v3_rs_crowding_mini4__risk_adjusted_sort__pred_weight__cs40_v2086_v596_rp10_mt80,2026-01-13,600176,0.20149469228490213,0.20013521790899907,0.5669586,0.0890527509926262,0.93046875,0.93046875,0.0,0.3828125,20,0.0186425506011302,0.0069394141423875,0.9456,-0.3906431241139322,-0.1122112211221123
lstm_sl10_base_alpha_v3_rs_crowding_mini4__risk_adjusted_sort__pred_weight__cs40_v2086_v596_rp10_mt80,2026-01-13,002049,0.19955437349972338,0.19960519399175847,0.561499,0.0642050501205432,0.9040625,0.9040625,0.0,0.33437500000000003,20,0.0128469748334935,0.0,2.7733,0.0,0.0
lstm_sl10_base_alpha_v3_rs_crowding_mini4__risk_adjusted_sort__pred_weight__cs40_v2086_v596_rp10_mt80,2026-01-13,000807,0.19822821415711686,0.1838121387175153,0.5577675,-0.0146137787056366,0.818125,0.818125,0.0,0.88125,20,0.0287688400605182,0.0167797807194826,2.7509,0.3417126357734761,0.1431767337807605
lstm_sl10_base_alpha_v3_rs_crowding_mini4__risk_adjusted_sort__pred_weight__cs40_v2086_v596_rp10_mt80,2026-01-13,603799,0.19640338833765347,0.18212002269816477,0.55263287,0.0283460355662521,0.79953125,0.79953125,0.0,0.7546875,20,0.0301799407764699,0.0277032391851791,3.5555,-0.141032114358329,0.0623409669211196
lstm_sl10_base_alpha_v3_rs_crowding_mini4__risk_adjusted_sort__pred_weight__cs40_v2086_v596_rp10_mt80,2026-01-14,603799,0.20570327633759689,0.20570327633759689,0.5799949,-0.0175392324937359,0.94375,0.94375,0.0,0.5625,20,0.0289426003451663,0.0115436112071314,3.4814,-0.1615347377598378,-0.0269461077844311
lstm_sl10_base_alpha_v3_rs_crowding_mini4__risk_adjusted_sort__pred_weight__cs40_v2086_v596_rp10_mt80,2026-01-14,600176,0.19961671113354482,0.19961671113354482,0.5628334,0.0865603644646924,0.905625,0.905625,0.0,0.31875000000000003,20,0.0187771746375737,0.0076531253620379,1.2123,-0.2099964158873937,-0.1335504885993486
lstm_sl10_base_alpha_v3_rs_crowding_mini4__risk_adjusted_sort__pred_weight__cs40_v2086_v596_rp10_mt80,2026-01-14,002493,0.2023382958089132,0.2023382958089132,0.5705071,0.0866952789699569,0.90109375,0.90109375,0.0,0.6765625000000001,20,0.026008091585725,0.0169824467998491,0.7861,0.0365242616033756,-0.020310633213859
lstm_sl10_base_alpha_v3_rs_crowding_mini4__risk_adjusted_sort__pred_weight__cs40_v2086_v596_rp10_mt80,2026-01-14,002049,0.19860354265652264,0.19860354265652264,0.5599767,-0.0643672857307648,0.8809375,0.8809375,0.0,0.253125,20,0.0113723192910554,0.0,2.7733,0.0,0.0
lstm_sl10_base_alpha_v3_rs_crowding_mini4__risk_adjusted_sort__pred_weight__cs40_v2086_v596_rp10_mt80,2026-01-14,002001,0.19373817406342253,0.19373817406342253,0.54625845,0.0917394757744241,0.80375,0.80375,0.0,0.4,20,0.0095028799150504,0.0071055347304388,0.9844,0.1568655102712359,0.3225172074729598
lstm_sl10_base_alpha_v3_rs_crowding_mini4__risk_adjusted_sort__pred_weight__cs40_v2086_v596_rp10_mt80,2026-01-15,002049,0.20241209437601682,0.20113387645615463,0.5670071,-0.0477225785411457,0.9309848484848484,0.9309848484848484,0.0,0.6901515151515153,20,0.0238450773606774,0.0447156849706848,1.417,-0.462783441446428,0.0
lstm_sl10_base_alpha_v3_rs_crowding_mini4__risk_adjusted_sort__pred_weight__cs40_v2086_v596_rp10_mt80,2026-01-15,000807,0.20094886602971387,0.1335068407001274,0.56290823,-0.0189132392674872,0.8809090909090909,0.8809090909090909,0.0,0.8878787878787879,20,0.0280772315968374,0.0129017320946186,3.1431,0.3532562364915486,0.3007344414379591
lstm_sl10_base_alpha_v3_rs_crowding_mini4__risk_adjusted_sort__pred_weight__cs40_v2086_v596_rp10_mt80,2026-01-15,002493,0.1993333271670409,0.20034184826628312,0.5583827,0.1044142614601018,0.8540909090909091,0.8540909090909091,0.0,0.8530303030303031,20,0.0248012726274486,0.0138623860181614,0.6431,-0.0919231855408075,0.131710016602103
lstm_sl10_base_alpha_v3_rs_crowding_mini4__risk_adjusted_sort__pred_weight__cs40_v2086_v596_rp10_mt80,2026-01-15,002422,0.19932117545378628,0.13242543212727517,0.55834866,-0.0119229593396514,0.8506060606060606,0.8506060606060606,0.0,0.5848484848484848,20,0.0224089911804166,0.0136146580219653,1.1786,-0.2359058140137958,-0.1785714285714285
lstm_sl10_base_alpha_v3_rs_crowding_mini4__risk_adjusted_sort__pred_weight__cs40_v2086_v596_rp10_mt80,2026-01-15,601618,0.1979845369734421,0.1315373933729655,0.5546044,0.0065573770491803,0.8203030303030303,0.8203030303030303,0.0,0.2818181818181818,20,0.0115053027037916,0.0054247547490298,0.863,-0.2559446829789803,-0.3440428380187417
lstm_sl10_base_alpha_v3_rs_crowding_mini4__risk_adjusted_sort__pred_weight__cs40_v2086_v596_rp10_mt80,2026-01-16,002422,0.2036348003787935,0.1857121518853567,0.5731956,-0.0078003120124805,0.9427272727272727,0.9427272727272727,0.0,0.5727272727272728,20,0.0227477050287946,0.0116017724596407,1.0632,-0.3012480529978905,0.0592686002522069
lstm_sl10_base_alpha_v3_rs_crowding_mini4__risk_adjusted_sort__pred_weight__cs40_v2086_v596_rp10_mt80,2026-01-16,000807,0.20280060891820054,0.18536009679103774,0.5708475,0.0119963088280528,0.8881818181818182,0.8881818181818182,0.0,0.8151515151515153,20,0.0284088556588931,0.013866055750424,2.3702,-0.0086744125741338,0.0702464141228393
lstm_sl10_base_alpha_v3_rs_crowding_mini4__risk_adjusted_sort__pred_weight__cs40_v2086_v596_rp10_mt80,2026-01-16,002493,0.19953027713022636,0.19973454104319338,0.5616421,0.2180712423979148,0.8746969696969698,0.8746969696969698,0.0,0.646969696969697,20,0.0255582600509557,0.0162491607505997,0.4526,-0.3433061040901901,0.0260869565217389
lstm_sl10_base_alpha_v3_rs_crowding_mini4__risk_adjusted_sort__pred_weight__cs40_v2086_v596_rp10_mt80,2026-01-16,601601,0.19758700288138706,0.14785643390615566,0.55617213,-0.0149727767695099,0.8348484848484848,0.8348484848484848,0.0,0.7424242424242424,20,0.0238846197443495,0.0134451600369087,0.6827,-0.0501829514309166,0.1893084845512505
lstm_sl10_base_alpha_v3_rs_crowding_mini4__risk_adjusted_sort__pred_weight__cs40_v2086_v596_rp10_mt80,2026-01-16,601336,0.1964473106913926,0.14700359024485252,0.5529641,-0.0461670340435953,0.796969696969697,0.796969696969697,0.0,0.8181818181818182,20,0.027884494285386,0.0227448739958714,1.3274,-0.1884423032244653,0.2283236994219653
lstm_sl10_base_alpha_v3_rs_crowding_mini4__risk_adjusted_sort__pred_weight__cs40_v2086_v596_rp10_mt80,2026-01-19,002422,0.20956565752062015,0.2040812145614704,0.58153945,-0.0095384615384616,0.9367241379310345,0.9367241379310345,0.0,0.6327586206896552,20,0.0229121726400061,0.0159033698378072,0.9771,-0.3103083178045063,-0.119047619047619
lstm_sl10_base_alpha_v3_rs_crowding_mini4__risk_adjusted_sort__pred_weight__cs40_v2086_v596_rp10_mt80,2026-01-19,601336,0.20016636186211337,0.18794307724544318,0.55545664,-0.0483271375464684,0.8817241379310345,0.8817241379310345,0.0,0.8379310344827586,20,0.0283548652944063,0.0245795688451043,1.1467,-0.2656231988011219,-0.196096654275093
lstm_sl10_base_alpha_v3_rs_crowding_mini4__risk_adjusted_sort__pred_weight__cs40_v2086_v596_rp10_mt80,2026-01-19,600150,0.1974114216778786,0.1520222156537377,0.54781175,-0.0039215686274508,0.8677586206896551,0.8677586206896551,0.0,0.6327586206896552,20,0.0155564474542476,0.0122288923994707,0.9607,-0.2241093854739578,0.3122171945701357
lstm_sl10_base_alpha_v3_rs_crowding_mini4__risk_adjusted_sort__pred_weight__cs40_v2086_v596_rp10_mt80,2026-01-19,601601,0.19691488386228495,0.18563527261508384,0.54643387,-0.0476298480381038,0.8332758620689655,0.8332758620689655,0.0,0.6327586206896553,20,0.0239179896165293,0.0110926338873655,0.4995,-0.2566079295154184,-0.3228051391862955
lstm_sl10_base_alpha_v3_rs_crowding_mini4__risk_adjusted_sort__pred_weight__cs40_v2086_v596_rp10_mt80,2026-01-19,000786,0.19594167507710297,0.15089039596062975,0.54373324,0.080550098231827,0.8286206896551723,0.8286206896551723,0.0,0.33448275862068966,20,0.0100810064839321,0.0073900238662484,0.63,-0.3486891076006947,-0.1251384274640086
lstm_sl10_base_alpha_v3_rs_crowding_mini4__risk_adjusted_sort__pred_weight__cs40_v2086_v596_rp10_mt80,2026-01-20,002422,0.205244669677645,0.20518312668559113,0.5850081,-0.0147239263803681,0.9603333333333334,0.9603333333333334,0.0,0.3966666666666666,20,0.0224783603859998,0.0165889847311233,0.804,-0.4141180071267735,-0.2315939957112222
lstm_sl10_base_alpha_v3_rs_crowding_mini4__risk_adjusted_sort__pred_weight__cs40_v2086_v596_rp10_mt80,2026-01-20,601872,0.20509248900199387,0.19424376330086449,0.58457434,0.0044762757385854,0.8998333333333334,0.8998333333333334,0.0,0.6683333333333334,20,0.0294520250692359,0.0166754913052058,1.0966,-0.2682552498648748,-0.1209008297115763
lstm_sl10_base_alpha_v3_rs_crowding_mini4__risk_adjusted_sort__pred_weight__cs40_v2086_v596_rp10_mt80,2026-01-20,601336,0.19827153472074774,0.1977251929087652,0.5651326,-0.0191713048855906,0.8771666666666667,0.8771666666666667,0.0,0.5616666666666668,20,0.0283687463532234,0.0103110102083328,1.0426,-0.2665029794359123,-0.2278412180532898
lstm_sl10_base_alpha_v3_rs_crowding_mini4__risk_adjusted_sort__pred_weight__cs40_v2086_v596_rp10_mt80,2026-01-20,002920,0.1960399245385091,0.18567005005828027,0.55877185,-0.0280941533788914,0.8360000000000001,0.8360000000000001,0.0,0.64,20,0.0295448142828121,0.0146063849625638,1.8854,-0.4029992527199726,0.011808910359635
lstm_sl10_base_alpha_v3_rs_crowding_mini4__risk_adjusted_sort__pred_weight__cs40_v2086_v596_rp10_mt80,2026-01-20,601601,0.1953513820611043,0.1948374314684963,0.5568093,-0.0250507786052809,0.8218333333333334,0.8218333333333334,0.0,0.44833333333333336,20,0.0238917097463331,0.0081269541677695,0.457,-0.2744304199412558,-0.0314430095451991
lstm_sl10_base_alpha_v3_rs_crowding_mini4__risk_adjusted_sort__pred_weight__cs40_v2086_v596_rp10_mt80,2026-01-21,601872,0.21059326822106778,0.2101872147680392,0.60489666,0.0334841628959276,0.93078125,0.93078125,0.0,0.6921875,20,0.0290883357577377,0.0184366871870516,1.0279,-0.3210789817835959,-0.2636907501150484
lstm_sl10_base_alpha_v3_rs_crowding_mini4__risk_adjusted_sort__pred_weight__cs40_v2086_v596_rp10_mt80,2026-01-21,002422,0.1998621572586079,0.1999943079273793,0.5740732,-0.0297029702970296,0.915625,0.915625,0.0,0.53125,20,0.0226170836047038,0.0150107454718252,0.8692,-0.3413005751873718,-0.3816982687551524
lstm_sl10_base_alpha_v3_rs_crowding_mini4__risk_adjusted_sort__pred_weight__cs40_v2086_v596_rp10_mt80,2026-01-21,600026,0.19887985904871908,0.19394051355179331,0.5712517,0.0755894590846048,0.88078125,0.88078125,0.0,0.5671875000000002,20,0.0227208975550922,0.0230511367850557,1.0151,-0.4485489846695423,-0.2794759825327512
lstm_sl10_base_alpha_v3_rs_crowding_mini4__risk_adjusted_sort__pred_weight__cs40_v2086_v596_rp10_mt80,2026-01-21,601336,0.1957067381646539,0.19575686815468285,0.5621374,0.0254120015096238,0.85359375,0.85359375,0.0,0.5265625,20,0.0287159202610647,0.0107654280561159,0.8024,-0.3961423550749178,-0.3746364165212333
lstm_sl10_base_alpha_v3_rs_crowding_mini4__risk_adjusted_sort__pred_weight__cs40_v2086_v596_rp10_mt80,2026-01-21,002230,0.19495797730695125,0.190116034981032,0.5599867,-0.0017064846416383,0.8125,0.8125,0.0,0.6249999999999999,20,0.029265617748649,0.0248547743490395,3.2747,-0.522311901285281,-0.6354328265591065
lstm_sl10_base_alpha_v3_rs_crowding_mini4__risk_adjusted_sort__pred_weight__cs40_v2086_v596_rp10_mt80,2026-01-22,601872,0.21693972738740036,0.21693972738740036,0.6330701,0.0382513661202185,0.9229310344827586,0.9229310344827586,0.0,0.7706896551724138,20,0.0290470731942818,0.0165790018728292,0.8755,-0.3760245171406171,-0.0058622374206153
lstm_sl10_base_alpha_v3_rs_crowding_mini4__risk_adjusted_sort__pred_weight__cs40_v2086_v596_rp10_mt80,2026-01-22,600026,0.20525066773799036,0.20525066773799036,0.59895927,0.093815149409312,0.8948275862068966,0.8948275862068966,0.0,0.706896551724138,20,0.022514510670924,0.0215920397807504,1.0217,-0.4064680287442125,-0.0504997369805364
lstm_sl10_base_alpha_v3_rs_crowding_mini4__risk_adjusted_sort__pred_weight__cs40_v2086_v596_rp10_mt80,2026-01-22,002230,0.19705445125985824,0.19705445125985824,0.5750412,-0.0083050847457627,0.8655172413793103,0.8655172413793103,0.0,0.6551724137931035,20,0.028981371275763,0.0233550179113632,2.9132,-0.5710072024020769,-0.4798108403055657
lstm_sl10_base_alpha_v3_rs_crowding_mini4__risk_adjusted_sort__pred_weight__cs40_v2086_v596_rp10_mt80,2026-01-22,002422,0.1929171525552771,0.1929171525552771,0.5629678,-0.0232704402515723,0.81,0.81,0.0,0.8655172413793104,20,0.0225806662012899,0.0148915568523364,1.0615,-0.1033189447630953,0.5957446808510642
lstm_sl10_base_alpha_v3_rs_crowding_mini4__risk_adjusted_sort__pred_weight__cs40_v2086_v596_rp10_mt80,2026-01-22,600039,0.18783800105947385,0.18783800105947385,0.5481459,-0.0576171874999999,0.8055172413793102,0.8055172413793102,0.0,0.5655172413793104,20,0.014722104619526,0.0150986678881389,0.1866,-0.3015421470279981,-0.3376865671641792
lstm_sl10_base_alpha_v3_rs_crowding_mini4__risk_adjusted_sort__pred_weight__cs40_v2086_v596_rp10_mt80,2026-01-23,300476,0.20343588475815577,0.10191810239079609,0.5584333,-0.0412703168301999,0.9268918918918919,0.9268918918918919,0.0,0.731081081081081,20,0.0307434736550089,0.0355792378010743,3.1277,-0.1711122948451914,-0.1545454545454545
lstm_sl10_base_alpha_v3_rs_crowding_mini4__risk_adjusted_sort__pred_weight__cs40_v2086_v596_rp10_mt80,2026-01-23,600905,0.1987213279747446,0.09955618535954007,0.5454918,-0.0072289156626506,0.9244594594594595,0.9244594594594595,0.0,0.2148648648648649,20,0.0046985406275851,0.0049754922611738,0.519,0.0515438852419158,-0.2122538293216628
lstm_sl10_base_alpha_v3_rs_crowding_mini4__risk_adjusted_sort__pred_weight__cs40_v2086_v596_rp10_mt80,2026-01-23,601872,0.20157114394418904,0.20924031455849476,0.55331457,0.0027149321266967,0.9037837837837839,0.9037837837837839,0.0,0.6918918918918919,20,0.0291896315369142,0.0179407359291001,1.1707,-0.1285803608646458,-0.041343669250646
lstm_sl10_base_alpha_v3_rs_crowding_mini4__risk_adjusted_sort__pred_weight__cs40_v2086_v596_rp10_mt80,2026-01-23,600674,0.19824132951878337,0.09931571386238884,0.5441742,-0.0142653352353779,0.8556756756756757,0.8556756756756757,0.0,0.36216216216216224,20,0.0087256847047925,0.0141854563473572,0.416,-0.1425862566470176,-0.2239010989010991
lstm_sl10_base_alpha_v3_rs_crowding_mini4__risk_adjusted_sort__pred_weight__cs40_v2086_v596_rp10_mt80,2026-01-23,601018,0.19803031380412714,0.09920999838727505,0.54359496,0.048780487804878,0.8495945945945946,0.8495945945945946,0.0,0.15270270270270273,20,0.0054292594205231,0.0069780429109633,0.2751,-0.0395894428152491,-0.3249999999999999
lstm_sl10_base_alpha_v3_rs_crowding_mini4__risk_adjusted_sort__pred_weight__cs40_v2086_v596_rp10_mt80,2026-01-26,601872,0.20330565014704594,0.2052740053032381,0.5583241,0.0071301247771835,0.9146969696969697,0.9146969696969697,0.0,0.8530303030303031,20,0.0306062118775643,0.0312638060661569,1.7485,0.3673509286412511,-0.0329325666492421
lstm_sl10_base_alpha_v3_rs_crowding_mini4__risk_adjusted_sort__pred_weight__cs40_v2086_v596_rp10_mt80,2026-01-26,002422,0.2017301813003202,0.166751704516105,0.5539975,-0.0392278953922789,0.8971212121212121,0.8971212121212121,0.0,0.7257575757575758,20,0.0224511739193826,0.0110288442238424,1.8543,0.6131080798942166,0.6193511008111241
lstm_sl10_base_alpha_v3_rs_crowding_mini4__risk_adjusted_sort__pred_weight__cs40_v2086_v596_rp10_mt80,2026-01-26,688506,0.19988090437228181,0.13358623605261372,0.54891896,-0.0381347004705385,0.883030303030303,0.883030303030303,0.0,0.5636363636363637,20,0.0221417363333005,0.0154485812549743,0.4051,-0.0152896278470551,-0.1525423728813558
lstm_sl10_base_alpha_v3_rs_crowding_mini4__risk_adjusted_sort__pred_weight__cs40_v2086_v596_rp10_mt80,2026-01-26,601601,0.19754792435238455,0.13202703748573327,0.54251206,0.0543981481481482,0.821060606060606,0.821060606060606,0.0,0.8803030303030304,20,0.0254277413584212,0.0226542182303989,0.994,0.5511860174781522,0.5500273373428104
lstm_sl10_base_alpha_v3_rs_crowding_mini4__risk_adjusted_sort__pred_weight__cs40_v2086_v596_rp10_mt80,2026-01-26,300476,0.1975353398279675,0.1658218899541672,0.5424775,0.0098342125094198,0.8163636363636364,0.8163636363636364,0.0,0.6242424242424243,20,0.0303038457795898,0.0358244117705752,2.2137,-0.375234601001905,-0.466704288939052
lstm_sl10_base_alpha_v3_rs_crowding_mini4__risk_adjusted_sort__pred_weight__cs40_v2086_v596_rp10_mt80,2026-01-27,688506,0.20470357488133284,0.17865806786393493,0.5586479,-0.0498245614035087,0.9331428571428572,0.9331428571428572,0.0,0.6685714285714286,20,0.0214857644206182,0.0202115946975662,0.3888,-0.0835592221567471,-0.0387722132471729
lstm_sl10_base_alpha_v3_rs_crowding_mini4__risk_adjusted_sort__pred_weight__cs40_v2086_v596_rp10_mt80,2026-01-27,600905,0.1981724418257662,0.13768814681203853,0.54082406,-0.0096852300242131,0.9174285714285714,0.9174285714285714,0.0,0.2542857142857143,20,0.005194469296502,0.0056240282665126,0.5405,0.0154429999248515,0.0526315789473688
lstm_sl10_base_alpha_v3_rs_crowding_mini4__risk_adjusted_sort__pred_weight__cs40_v2086_v596_rp10_mt80,2026-01-27,601872,0.20224723267684766,0.20335573629887696,0.5519444,-0.030647985989492,0.8777142857142857,0.8777142857142857,0.0,0.937142857142857,20,0.0309968778451352,0.0306566331033209,1.4978,0.2034872042103572,0.2223365928975811
lstm_sl10_base_alpha_v3_rs_crowding_mini4__risk_adjusted_sort__pred_weight__cs40_v2086_v596_rp10_mt80,2026-01-27,300014,0.1976966146111684,0.1252936162991499,0.5395255,-0.0029780564263322,0.8361428571428571,0.8361428571428571,0.0,0.7814285714285714,20,0.0225770357219005,0.0252270378707028,3.0661,0.0267942359406447,0.1599817684594349
lstm_sl10_base_alpha_v3_rs_crowding_mini4__risk_adjusted_sort__pred_weight__cs40_v2086_v596_rp10_mt80,2026-01-27,002384,0.19718013600488485,0.12496628913449569,0.538116,0.0244187556825561,0.7887142857142857,0.7887142857142857,0.0,0.9700000000000001,20,0.0274044437719314,0.0304904708689403,4.5034,0.4116312092307406,0.7584541062801935
lstm_sl10_base_alpha_v3_rs_crowding_mini4__risk_adjusted_sort__pred_weight__cs40_v2086_v596_rp10_mt80,2026-01-28,688506,0.20358146118102785,0.19651277505812415,0.555645,-0.0520149622415131,0.9433333333333334,0.9433333333333334,0.0,0.5666666666666667,20,0.0208950707319865,0.01978825670211,0.2818,-0.3050040693516167,-0.1308956014838368
lstm_sl10_base_alpha_v3_rs_crowding_mini4__risk_adjusted_sort__pred_weight__cs40_v2086_v596_rp10_mt80,2026-01-28,300014,0.2002743730493751,0.17900859162138466,0.5466188,0.0111290322580644,0.9026388888888889,0.9026388888888889,0.0,0.6958333333333333,20,0.0215120618188381,0.0249869203250603,3.3338,0.1272244068530159,-0.0786516853932585
lstm_sl10_base_alpha_v3_rs_crowding_mini4__risk_adjusted_sort__pred_weight__cs40_v2086_v596_rp10_mt80,2026-01-28,600905,0.19915550946073346,0.18172234986491165,0.54356503,-0.0097087378640777,0.8915277777777777,0.8915277777777777,0.0,0.2513888888888889,20,0.0050675437126569,0.0049756931669716,0.6859,0.2547563295770525,0.1200923787528871
lstm_sl10_base_alpha_v3_rs_crowding_mini4__risk_adjusted_sort__pred_weight__cs40_v2086_v596_rp10_mt80,2026-01-28,601689,0.19992172494422392,0.14322062069245975,0.5456563,-0.0410229088971763,0.8776388888888889,0.8776388888888889,0.0,0.6680555555555555,20,0.0330550037269235,0.0319879638637277,1.8212,-0.3292846857264916,-0.3327974276527331
lstm_sl10_base_alpha_v3_rs_crowding_mini4__risk_adjusted_sort__pred_weight__cs40_v2086_v596_rp10_mt80,2026-01-28,001391,0.19706693136463974,0.14117549373824323,0.53786457,-0.0033726812816188,0.8672222222222221,0.8672222222222221,0.0,0.2166666666666667,20,0.0093158878122758,0.0068988419272509,1.345,-0.1595378395435883,-0.536784741144414
lstm_sl10_base_alpha_v3_rs_crowding_mini4__risk_adjusted_sort__pred_weight__cs40_v2086_v596_rp10_mt80,2026-01-29,600741,0.20169912622344177,0.1297590998195096,0.54905,-0.0047244094488189,0.9398484848484848,0.9398484848484848,0.0,0.6015151515151516,20,0.0127709661347773,0.0071380158083401,1.1613,0.8421052631578945,0.4029304029304028
lstm_sl10_base_alpha_v3_rs_crowding_mini4__risk_adjusted_sort__pred_weight__cs40_v2086_v596_rp10_mt80,2026-01-29,600905,0.19959635635092926,0.1932212345414094,0.543326,-0.0048543689320388,0.9254545454545455,0.9254545454545455,0.0,0.1393939393939394,20,0.0050672154410026,0.0046147677082194,0.6835,0.2025193968929786,-0.158986175115207
lstm_sl10_base_alpha_v3_rs_crowding_mini4__risk_adjusted_sort__pred_weight__cs40_v2086_v596_rp10_mt80,2026-01-29,300347,0.2002212875076249,0.1288083618315305,0.54502714,0.0802263648468707,0.8903030303030304,0.8903030303030304,0.0,0.7939393939393941,20,0.0217367570076613,0.0252898766894326,2.3625,0.3558106169296984,0.7791732077446363
lstm_sl10_base_alpha_v3_rs_crowding_mini4__risk_adjusted_sort__pred_weight__cs40_v2086_v596_rp10_mt80,2026-01-29,688506,0.19941785602230352,0.1983817008084376,0.5428401,-0.0234788126630473,0.8531818181818182,0.8531818181818182,0.0,0.5590909090909091,20,0.0208685897128703,0.0151663033302183,0.3464,-0.1278733100027695,-0.1231343283582089
lstm_sl10_base_alpha_v3_rs_crowding_mini4__risk_adjusted_sort__pred_weight__cs40_v2086_v596_rp10_mt80,2026-01-29,000999,0.1990653738957005,0.1280647279221487,0.5418806,0.0,0.8403030303030303,0.8403030303030303,0.0,0.3848484848484849,20,0.00804235640212,0.0133811783966789,0.6625,0.139334112953154,0.1824729891956784
lstm_sl10_base_alpha_v3_rs_crowding_mini4__risk_adjusted_sort__pred_weight__cs40_v2086_v596_rp10_mt80,2026-01-30,300014,0.2070300699072755,0.12502634151840042,0.57803917,-0.0664523043944265,0.9144594594594595,0.9144594594594595,0.0,0.8554054054054054,20,0.0244641253209321,0.0336514832307421,4.4144,0.4460357184973595,0.5898420827998294
lstm_sl10_base_alpha_v3_rs_crowding_mini4__risk_adjusted_sort__pred_weight__cs40_v2086_v596_rp10_mt80,2026-01-30,601059,0.19611725513190884,0.08379709461051743,0.54757,0.0119521912350597,0.8955405405405406,0.8955405405405406,0.0,0.23378378378378378,20,0.0079899116844929,0.0075228695726554,2.584,-0.0965540389348847,-0.0527343750000006
lstm_sl10_base_alpha_v3_rs_crowding_mini4__risk_adjusted_sort__pred_weight__cs40_v2086_v596_rp10_mt80,2026-01-30,300274,0.20261684249485748,0.08657424207169315,0.5657172,-0.0598067380517106,0.8951351351351352,0.8951351351351352,0.0,0.7783783783783784,20,0.0246095334630216,0.0293249895842002,5.0212,0.1800871457646877,0.3201453371013321
lstm_sl10_base_alpha_v3_rs_crowding_mini4__risk_adjusted_sort__pred_weight__cs40_v2086_v596_rp10_mt80,2026-01-30,000408,0.1988026113404526,0.08494449517003948,0.55506766,-0.0356661355558279,0.8555405405405405,0.8555405405405405,0.0,0.904054054054054,20,0.0295205318287859,0.0357929848993886,1.8196,0.4472972543030769,0.2882249560632688
lstm_sl10_base_alpha_v3_rs_crowding_mini4__risk_adjusted_sort__pred_weight__cs40_v2086_v596_rp10_mt80,2026-01-30,600875,0.19543322112550557,0.08350482016320869,0.54566014,0.0611423974255834,0.8416216216216216,0.8416216216216216,0.0,0.5027027027027027,20,0.0243527822924675,0.0103705097693803,2.768,-0.2247562659466907,0.2730727470141152
lstm_sl10_base_alpha_v3_rs_crowding_mini4__risk_adjusted_sort__pred_weight__cs40_v2086_v596_rp10_mt80,2026-02-02,300274,0.20387396021780096,0.1546582312679311,0.55936253,-0.0302649006622515,0.9342857142857143,0.9342857142857143,0.0,0.6571428571428573,20,0.0245309013954299,0.0291460687309844,3.8331,-0.0936540889723304,-0.1749109616145627
lstm_sl10_base_alpha_v3_rs_crowding_mini4__risk_adjusted_sort__pred_weight__cs40_v2086_v596_rp10_mt80,2026-02-02,600905,0.1978033722545342,0.1612410666484451,0.54270685,0.0048899755501222,0.9185714285714286,0.9185714285714286,0.0,0.24285714285714288,20,0.0046600366082939,0.0036364250269635,0.5462,-0.0387356787103359,0.0543478260869569
lstm_sl10_base_alpha_v3_rs_crowding_mini4__risk_adjusted_sort__pred_weight__cs40_v2086_v596_rp10_mt80,2026-02-02,688082,0.20370195327617477,0.11823422771427898,0.5588906,0.0009445493943771,0.8794285714285714,0.8794285714285714,0.0,0.92,20,0.0358927496860298,0.0420964466351836,0.9861,-0.0630433749821843,0.3962873284907187
lstm_sl10_base_alpha_v3_rs_crowding_mini4__risk_adjusted_sort__pred_weight__cs40_v2086_v596_rp10_mt80,2026-02-02,688506,0.19759290585391964,0.16235895217861768,0.5421294,0.0474150664697192,0.8554285714285714,0.8554285714285714,0.0,0.5885714285714285,20,0.0212113957276314,0.0153827176367748,0.2998,-0.2337576036395235,0.0904392764857882
lstm_sl10_base_alpha_v3_rs_crowding_mini4__risk_adjusted_sort__pred_weight__cs40_v2086_v596_rp10_mt80,2026-02-02,000792,0.1970278083975704,0.11436037008707628,0.54057896,0.0117031105635973,0.8217142857142856,0.8217142857142856,0.0,0.6400000000000001,20,0.0257617041132024,0.0154957300377674,1.9781,-0.1616266502786666,-0.0142617449664428
lstm_sl10_base_alpha_v3_rs_crowding_mini4__risk_adjusted_sort__pred_weight__cs40_v2086_v596_rp10_mt80,2026-02-03,688506,0.20075851944066325,0.18654508645050294,0.5580298,0.0050625372245384,0.9132857142857143,0.9132857142857143,0.0,0.5814285714285714,20,0.0205087345547271,0.012592732146887,0.3208,-0.1870454372671752,-0.0754132231404958
lstm_sl10_base_alpha_v3_rs_crowding_mini4__risk_adjusted_sort__pred_weight__cs40_v2086_v596_rp10_mt80,2026-02-03,600346,0.20391666365994673,0.12843779654853354,0.5668082,-0.0087370929308975,0.9095714285714286,0.9095714285714286,0.0,0.9042857142857144,20,0.0334209341193889,0.0425077134283422,0.9239,0.3011210004506535,-0.1063432835820897
lstm_sl10_base_alpha_v3_rs_crowding_mini4__risk_adjusted_sort__pred_weight__cs40_v2086_v596_rp10_mt80,2026-02-03,300274,0.1992504645629643,0.18274484314553205,0.553838,0.0221333333333332,0.8825714285714286,0.8825714285714286,0.0,0.6028571428571428,20,0.0246258026143197,0.0304445402685305,3.0786,-0.2534935657285022,-0.2154203796977917
lstm_sl10_base_alpha_v3_rs_crowding_mini4__risk_adjusted_sort__pred_weight__cs40_v2086_v596_rp10_mt80,2026-02-03,601689,0.19830533097615122,0.1294470068569025,0.5512109,0.0098611111111111,0.8395714285714285,0.8395714285714285,0.0,0.7471428571428571,20,0.0295982269970604,0.0263300638810382,1.7957,-0.2311282380646542,0.0464037122969835
lstm_sl10_base_alpha_v3_rs_crowding_mini4__risk_adjusted_sort__pred_weight__cs40_v2086_v596_rp10_mt80,2026-02-03,000408,0.19776902136027447,0.13775780511509012,0.54972017,-0.0245075584058636,0.7978571428571428,0.7978571428571428,0.0,0.8785714285714287,20,0.0315768554330215,0.0516083962486546,1.1597,-0.1440191316927711,-0.0194690265486726
lstm_sl10_base_alpha_v3_rs_crowding_mini4__risk_adjusted_sort__pred_weight__cs40_v2086_v596_rp10_mt80,2026-02-04,601689,0.20163946150980955,0.18586871585973153,0.5662292,0.0203361107188249,0.9152941176470588,0.9152941176470588,0.0,0.5529411764705883,20,0.0294059294829065,0.0262780979841503,1.1887,-0.4390119588095934,-0.4290573372206026
lstm_sl10_base_alpha_v3_rs_crowding_mini4__risk_adjusted_sort__pred_weight__cs40_v2086_v596_rp10_mt80,2026-02-04,600346,0.2016641398815407,0.18566753689661036,0.5662985,-0.0080482897384305,0.9127941176470589,0.9127941176470589,0.0,0.8720588235294118,20,0.0333351543306134,0.0427397371111279,0.7488,0.0386007739573075,-0.2307692307692307
lstm_sl10_base_alpha_v3_rs_crowding_mini4__risk_adjusted_sort__pred_weight__cs40_v2086_v596_rp10_mt80,2026-02-04,688506,0.19979329495548584,0.19689916803244636,0.56104493,0.0361371841155234,0.8688235294117647,0.8688235294117647,0.0,0.723529411764706,20,0.0196120360968448,0.0175787530495952,0.472,0.1513037539332145,0.2500000000000002
lstm_sl10_base_alpha_v3_rs_crowding_mini4__risk_adjusted_sort__pred_weight__cs40_v2086_v596_rp10_mt80,2026-02-04,688082,0.19937030837623254,0.1653774302385884,0.55985713,0.0179775280898876,0.8494117647058823,0.8494117647058823,0.0,0.6235294117647058,20,0.0328253236220593,0.0411478511896369,0.5081,-0.4922249760153503,-0.4308190652475705
lstm_sl10_base_alpha_v3_rs_crowding_mini4__risk_adjusted_sort__pred_weight__cs40_v2086_v596_rp10_mt80,2026-02-04,002050,0.19753279527693143,0.15438092453311025,0.55469716,0.0413779449613938,0.8286764705882352,0.8286764705882352,0.0,0.5367647058823529,20,0.0273432204561321,0.0231062411152028,3.0045,-0.3718101777414437,-0.5421810699588476
lstm_sl10_base_alpha_v3_rs_crowding_mini4__risk_adjusted_sort__pred_weight__cs40_v2086_v596_rp10_mt80,2026-02-05,600346,0.20383760436617357,0.20240791565570937,0.56815004,0.0855569673867005,0.9062903225806451,0.9062903225806451,0.0,0.9370967741935485,20,0.0342369189597011,0.0429887418542279,0.601,-0.1704623878536921,0.0351704133430021
lstm_sl10_base_alpha_v3_rs_crowding_mini4__risk_adjusted_sort__pred_weight__cs40_v2086_v596_rp10_mt80,2026-02-05,601689,0.20247810110146425,0.20117121269240174,0.56436074,0.0282608695652175,0.9030645161290323,0.9030645161290323,0.0,0.646774193548387,20,0.0299868605230034,0.0260532484834762,1.2688,-0.3756427857905589,-0.3067451820128481
lstm_sl10_base_alpha_v3_rs_crowding_mini4__risk_adjusted_sort__pred_weight__cs40_v2086_v596_rp10_mt80,2026-02-05,002050,0.1997759784882404,0.19620412625052697,0.5568292,0.0534846029173419,0.8809677419354838,0.8809677419354838,0.0,0.5451612903225808,20,0.0276034072624147,0.0244249951821045,2.497,-0.4423849933005805,-0.448753462603878
lstm_sl10_base_alpha_v3_rs_crowding_mini4__risk_adjusted_sort__pred_weight__cs40_v2086_v596_rp10_mt80,2026-02-05,600023,0.19453316014774094,0.17922656520305869,0.54221606,0.008080808080808,0.8266129032258065,0.8266129032258065,0.0,0.12096774193548387,20,0.0085426308969336,0.0069204822048411,0.3103,-0.5274355420861063,-0.4334277620396599
lstm_sl10_base_alpha_v3_rs_crowding_mini4__risk_adjusted_sort__pred_weight__cs40_v2086_v596_rp10_mt80,2026-02-05,300274,0.19937515589638088,0.1868287378310062,0.555712,0.05625,0.8237096774193549,0.8237096774193549,0.0,0.7951612903225806,20,0.0260968322287125,0.0282898263480929,3.476,-0.1641518281172976,0.0220397579948139
lstm_sl10_base_alpha_v3_rs_crowding_mini4__risk_adjusted_sort__pred_weight__cs40_v2086_v596_rp10_mt80,2026-02-06,600346,0.20792853368012096,0.207765251070902,0.5844271,-0.0003998400639743,0.9046153846153846,0.9046153846153846,0.0,0.9538461538461539,20,0.0342014659257924,0.0467558740660635,0.7838,0.0562061205514157,0.2240304709141274
lstm_sl10_base_alpha_v3_rs_crowding_mini4__risk_adjusted_sort__pred_weight__cs40_v2086_v596_rp10_mt80,2026-02-06,300274,0.20217749855072276,0.20172353022914885,0.5682626,0.0551116574472443,0.9028846153846154,0.9028846153846154,0.0,0.5865384615384615,20,0.0260914348303669,0.0217862398489435,2.627,-0.3441959972739324,-0.0487804878048782
lstm_sl10_base_alpha_v3_rs_crowding_mini4__risk_adjusted_sort__pred_weight__cs40_v2086_v596_rp10_mt80,2026-02-06,601127,0.19661118533905683,0.19079604159938185,0.5526173,-0.02007200720072,0.8507692307692307,0.8507692307692307,0.0,0.3384615384615385,20,0.0195129018948306,0.0170644905698406,0.877,-0.4588323861357424,-0.4720708446866484
lstm_sl10_base_alpha_v3_rs_crowding_mini4__risk_adjusted_sort__pred_weight__cs40_v2086_v596_rp10_mt80,2026-02-06,000408,0.19701008790870525,0.19125318066631272,0.5537385,-0.0127559976594498,0.8353846153846154,0.8353846153846154,0.0,0.8769230769230769,20,0.0324567249895634,0.0487736161291463,0.9752,-0.3079810674065611,0.3047001620745544
lstm_sl10_base_alpha_v3_rs_crowding_mini4__risk_adjusted_sort__pred_weight__cs40_v2086_v596_rp10_mt80,2026-02-06,002050,0.19627269452139412,0.19627066648646627,0.5516659,0.0087040618955511,0.7763461538461538,0.7763461538461538,0.0,0.698076923076923,20,0.025170940548533,0.0250159114933616,3.5505,-0.1266456107208218,0.634870164281929
lstm_sl10_base_alpha_v3_rs_crowding_mini4__risk_adjusted_sort__pred_weight__cs40_v2086_v596_rp10_mt80,2026-02-09,300274,0.2038019921532879,0.20375125614341402,0.5706608,-0.0101747978085049,0.9131818181818182,0.9131818181818182,0.0,0.8681818181818183,20,0.0294877317523086,0.0374520741983324,4.8633,0.172778177012747,0.5106837606837602
lstm_sl10_base_alpha_v3_rs_crowding_mini4__risk_adjusted_sort__pred_weight__cs40_v2086_v596_rp10_mt80,2026-02-09,002466,0.20254250432155438,0.19759836828529098,0.56713414,0.0486443381180223,0.9060606060606061,0.9060606060606061,0.0,0.6363636363636364,20,0.0319670502325628,0.034000613294769,1.8207,-0.4712247766638399,-0.5466321243523315
lstm_sl10_base_alpha_v3_rs_crowding_mini4__risk_adjusted_sort__pred_weight__cs40_v2086_v596_rp10_mt80,2026-02-09,000408,0.20065564751060266,0.20042612988263445,0.5618508,-0.0070439070204272,0.8713636363636365,0.8713636363636365,0.0,0.6803030303030304,20,0.0325849435362907,0.0423263443684025,0.6905,-0.4914492774970909,-0.4734432234432234
lstm_sl10_base_alpha_v3_rs_crowding_mini4__risk_adjusted_sort__pred_weight__cs40_v2086_v596_rp10_mt80,2026-02-09,600346,0.19701483391501962,0.1972772554992856,0.55165625,0.001602564102564,0.8290909090909091,0.8290909090909091,0.0,0.8,20,0.0335938312404407,0.0251096964742192,0.5532,-0.2419113918846696,-0.2722910835665734
lstm_sl10_base_alpha_v3_rs_crowding_mini4__risk_adjusted_sort__pred_weight__cs40_v2086_v596_rp10_mt80,2026-02-09,603799,0.1959850220995355,0.19120095658412223,0.5487727,0.0416372618207481,0.8143939393939393,0.8143939393939393,0.0,0.643939393939394,20,0.0338665705989147,0.0208468239321557,1.5211,-0.4944596956987032,-0.4387755102040817
lstm_sl10_base_alpha_v3_rs_crowding_mini4__risk_adjusted_sort__pred_weight__cs40_v2086_v596_rp10_mt80,2026-02-10,688256,0.20640579535819026,0.13508217759353122,0.5790385,-0.0081643523620601,0.9101470588235294,0.9101470588235294,0.0,0.8985294117647059,20,0.0299799007058225,0.0377551200877377,2.3091,-0.0014789061283795,0.1909132629646623
lstm_sl10_base_alpha_v3_rs_crowding_mini4__risk_adjusted_sort__pred_weight__cs40_v2086_v596_rp10_mt80,2026-02-10,002466,0.20558265102039386,0.2028236784395358,0.5767293,0.0652866242038216,0.9051470588235294,0.9051470588235294,0.0,0.6544117647058824,20,0.0313935436027057,0.0301209484443551,1.3262,-0.5864619452690398,-0.5663122551762731
lstm_sl10_base_alpha_v3_rs_crowding_mini4__risk_adjusted_sort__pred_weight__cs40_v2086_v596_rp10_mt80,2026-02-10,600183,0.19737976032797333,0.12917509313012585,0.5537174,0.0286320254506892,0.8539705882352941,0.8539705882352941,0.0,0.8720588235294118,20,0.0311173417572382,0.0207087202524844,1.4619,-0.117977121343759,-0.0181915462814338
lstm_sl10_base_alpha_v3_rs_crowding_mini4__risk_adjusted_sort__pred_weight__cs40_v2086_v596_rp10_mt80,2026-02-10,002460,0.19574493550215682,0.12810518277672694,0.54913116,0.0906437240743585,0.8429411764705882,0.8429411764705882,0.0,0.6882352941176472,20,0.0336501758805042,0.0342103524273216,1.6479,-0.6138606205317705,-0.4850236468733578
lstm_sl10_base_alpha_v3_rs_crowding_mini4__risk_adjusted_sort__pred_weight__cs40_v2086_v596_rp10_mt80,2026-02-10,603799,0.19488685779128573,0.1936131929294934,0.54672396,0.0584878744650498,0.7960294117647059,0.7960294117647059,0.0,0.8632352941176471,20,0.0340487593121918,0.021431807568184,1.5909,-0.4491534226654202,-0.192399049881235
lstm_sl10_base_alpha_v3_rs_crowding_mini4__risk_adjusted_sort__pred_weight__cs40_v2086_v596_rp10_mt80,2026-02-11,688256,0.2168648480443665,0.2168648480443665,0.6104958,0.0140465564177115,0.9241666666666667,0.9241666666666667,0.0,0.7583333333333334,20,0.0289387876769885,0.028877104087487,1.3212,-0.4199564484405731,-0.3360894941634241
lstm_sl10_base_alpha_v3_rs_crowding_mini4__risk_adjusted_sort__pred_weight__cs40_v2086_v596_rp10_mt80,2026-02-11,002466,0.20154971514313177,0.20154971514313177,0.5673822,0.1262725137039936,0.8806666666666667,0.8806666666666667,0.0,0.86,20,0.0311942615012639,0.0331543449844711,2.4839,-0.1846950196777379,-0.2885714285714285
lstm_sl10_base_alpha_v3_rs_crowding_mini4__risk_adjusted_sort__pred_weight__cs40_v2086_v596_rp10_mt80,2026-02-11,601138,0.1962678031102292,0.1962678031102292,0.5525131,0.037037037037037,0.8768333333333334,0.8768333333333334,0.0,0.565,20,0.0270721520716995,0.0133214652091507,0.3781,-0.5363296339444479,-0.3956043956043955
lstm_sl10_base_alpha_v3_rs_crowding_mini4__risk_adjusted_sort__pred_weight__cs40_v2086_v596_rp10_mt80,2026-02-11,603799,0.19393884333689274,0.19393884333689274,0.54595685,0.0679999999999999,0.8038333333333334,0.8038333333333334,0.0,0.9616666666666668,20,0.0362551275951982,0.031750132868149,3.0695,0.1105000958731146,0.5004911591355601
lstm_sl10_base_alpha_v3_rs_crowding_mini4__risk_adjusted_sort__pred_weight__cs40_v2086_v596_rp10_mt80,2026-02-11,002460,0.19137879036537983,0.19137879036537983,0.53875005,0.1172765446910617,0.7763333333333333,0.7763333333333333,0.0,0.9033333333333333,20,0.0338530820098542,0.037099041131413,2.8409,-0.2634698247924627,-0.1995841995841996
lstm_sl10_base_alpha_v3_rs_crowding_mini4__risk_adjusted_sort__pred_weight__cs40_v2086_v596_rp10_mt80,2026-02-12,688256,0.22713850265950336,0.22713850265950336,0.63734496,0.0409272727272727,0.9096428571428571,0.9096428571428571,0.0,0.9035714285714287,20,0.0306222932500428,0.0304567972896614,2.0762,-0.1028743280847606,0.2019443216968621
lstm_sl10_base_alpha_v3_rs_crowding_mini4__risk_adjusted_sort__pred_weight__cs40_v2086_v596_rp10_mt80,2026-02-12,002466,0.19786038720943702,0.19786038720943702,0.5551913,0.0825108566916699,0.9035714285714286,0.9035714285714286,0.0,0.607142857142857,20,0.0303618813737347,0.0094098662872296,1.9336,-0.3196316665435135,-0.321625344352617
lstm_sl10_base_alpha_v3_rs_crowding_mini4__risk_adjusted_sort__pred_weight__cs40_v2086_v596_rp10_mt80,2026-02-12,601138,0.19308457844421278,0.19308457844421278,0.5417905,0.0339761248852158,0.8710714285714286,0.8710714285714286,0.0,0.5750000000000001,20,0.0268278657741609,0.0133774546722823,0.4201,-0.3946860321028212,-0.1311584553928096
lstm_sl10_base_alpha_v3_rs_crowding_mini4__risk_adjusted_sort__pred_weight__cs40_v2086_v596_rp10_mt80,2026-02-12,600183,0.19151699498391825,0.19151699498391825,0.5373919,0.0844485463774804,0.80625,0.80625,0.0,0.8660714285714286,20,0.03143532998916,0.0213204145895616,1.5927,-0.0232669381347201,-0.119182253153545
lstm_sl10_base_alpha_v3_rs_crowding_mini4__risk_adjusted_sort__pred_weight__cs40_v2086_v596_rp10_mt80,2026-02-12,002460,0.19039953670292856,0.19039953670292856,0.53425634,0.0984615384615384,0.7930357142857143,0.7930357142857143,0.0,0.6410714285714285,20,0.0322740372811666,0.013998648658383,2.1845,-0.3725784169273144,-0.3942992874109263
lstm_sl10_base_alpha_v3_rs_crowding_mini4__risk_adjusted_sort__pred_weight__cs40_v2086_v596_rp10_mt80,2026-02-13,688256,0.22035926129183514,0.22035926129183514,0.606792,0.012092302818017,0.92234375,0.92234375,0.0,0.7765625,20,0.0306524576582457,0.0256619495275903,1.6869,-0.2763781587944355,-0.0114739629302736
lstm_sl10_base_alpha_v3_rs_crowding_mini4__risk_adjusted_sort__pred_weight__cs40_v2086_v596_rp10_mt80,2026-02-13,002466,0.1966283840422885,0.1966283840422885,0.5414455,0.0644486692015208,0.9025,0.9025,0.0,0.6625,20,0.029328990572804,0.0087696371527073,1.6575,-0.3252842354646075,0.1886051080550097
lstm_sl10_base_alpha_v3_rs_crowding_mini4__risk_adjusted_sort__pred_weight__cs40_v2086_v596_rp10_mt80,2026-02-13,601138,0.196326348422807,0.196326348422807,0.5406138,-0.0254466702761235,0.8696875,0.8696875,0.0,0.6781250000000001,20,0.0245527329066617,0.0147377997166891,0.3463,-0.4601125609965233,0.1551155115511551
lstm_sl10_base_alpha_v3_rs_crowding_mini4__risk_adjusted_sort__pred_weight__cs40_v2086_v596_rp10_mt80,2026-02-13,000895,0.19181291870877082,0.19181291870877082,0.5281854,-0.0075815011372251,0.86140625,0.86140625,0.0,0.1359375,20,0.0086543132174184,0.0043042542983907,0.1374,-0.5210374037020253,-0.0899581589958157
lstm_sl10_base_alpha_v3_rs_crowding_mini4__risk_adjusted_sort__pred_weight__cs40_v2086_v596_rp10_mt80,2026-02-13,600183,0.19487308753429855,0.19487308753429855,0.53661203,0.0224256292906179,0.82328125,0.82328125,0.0,0.8296875,20,0.0317155677605605,0.0251690643480251,1.3174,-0.1556535449220002,-0.3133159268929504
lstm_sl10_base_alpha_v3_rs_crowding_mini4__risk_adjusted_sort__pred_weight__cs40_v2086_v596_rp10_mt80,2026-02-24,688256,0.22098665276939067,0.22068114876969838,0.60545886,0.1083435957740349,0.9087878787878788,0.9087878787878788,0.0,0.9121212121212122,20,0.0314123653303355,0.0295084001919385,1.9571,-0.1733439211992448,0.3216494845360824
lstm_sl10_base_alpha_v3_rs_crowding_mini4__risk_adjusted_sort__pred_weight__cs40_v2086_v596_rp10_mt80,2026-02-24,601916,0.1934528049495263,0.09925228138799946,0.53002167,0.01010101010101,0.9012121212121212,0.9012121212121212,0.0,0.38181818181818183,20,0.0074755446399058,0.0085325458815765,0.3866,-0.2514135233521803,-0.3668528864059589
lstm_sl10_base_alpha_v3_rs_crowding_mini4__risk_adjusted_sort__pred_weight__cs40_v2086_v596_rp10_mt80,2026-02-24,300347,0.19940017701740906,0.10230362120266195,0.54631627,-0.0222665337321369,0.8971212121212121,0.8971212121212121,0.0,0.7257575757575758,20,0.0304081543344669,0.023242411881514,1.6048,-0.2602631117994671,-0.2827225130890052
lstm_sl10_base_alpha_v3_rs_crowding_mini4__risk_adjusted_sort__pred_weight__cs40_v2086_v596_rp10_mt80,2026-02-24,600919,0.19325300557159253,0.09914977295404316,0.52947426,0.0057971014492754,0.8433333333333333,0.8433333333333333,0.0,0.6575757575757576,20,0.0117307781986059,0.0048597883554855,0.4167,-0.1574669416474584,0.2379421221864954
lstm_sl10_base_alpha_v3_rs_crowding_mini4__risk_adjusted_sort__pred_weight__cs40_v2086_v596_rp10_mt80,2026-02-24,601169,0.19290735969208125,0.09897243697743219,0.52852726,0.0037037037037037,0.8259090909090909,0.8259090909090909,0.0,0.5287878787878788,20,0.0095914387819807,0.0061302873545431,0.4642,-0.2557796517779844,0.0054347826086955
lstm_sl10_base_alpha_v3_rs_crowding_mini4__risk_adjusted_sort__pred_weight__cs40_v2086_v596_rp10_mt80,2026-02-25,688256,0.2067781396664333,0.21263214481186193,0.5624496,0.0245171894261059,0.9358333333333333,0.9358333333333333,0.0,0.6416666666666667,20,0.0303234614432264,0.0291876557246746,1.377,-0.2991046660185379,-0.2678011643528885
lstm_sl10_base_alpha_v3_rs_crowding_mini4__risk_adjusted_sort__pred_weight__cs40_v2086_v596_rp10_mt80,2026-02-25,300347,0.20209725571225334,0.1600781183038647,0.5497173,-0.0611570247933884,0.9025,0.9025,0.0,0.6972222222222223,20,0.0305661456874148,0.0234261578970144,1.6889,-0.175112213848581,-0.1196388261851014
lstm_sl10_base_alpha_v3_rs_crowding_mini4__risk_adjusted_sort__pred_weight__cs40_v2086_v596_rp10_mt80,2026-02-25,601888,0.19785680270747827,0.11454715855025585,0.538183,-0.0758433883279979,0.8520833333333333,0.8520833333333333,0.0,0.923611111111111,20,0.0310081815669315,0.0464656505108404,3.4944,0.4227202032457433,0.0789183222958056
lstm_sl10_base_alpha_v3_rs_crowding_mini4__risk_adjusted_sort__pred_weight__cs40_v2086_v596_rp10_mt80,2026-02-25,601100,0.19731102861596783,0.11423118825993787,0.53669846,-0.0702370500438981,0.8501388888888889,0.8501388888888889,0.0,0.6652777777777777,20,0.0301429208694433,0.0184103660254979,0.5063,-0.2418388739143455,0.0168961201501876
lstm_sl10_base_alpha_v3_rs_crowding_mini4__risk_adjusted_sort__pred_weight__cs40_v2086_v596_rp10_mt80,2026-02-25,601018,0.19595677329786707,0.11344715608860353,0.5330148,0.0096852300242129,0.8256944444444444,0.8256944444444444,0.0,0.6319444444444444,20,0.0114607049038397,0.0121348556934691,0.3595,-0.0210494785284427,0.1900097943192946
lstm_sl10_base_alpha_v3_rs_crowding_mini4__risk_adjusted_sort__pred_weight__cs40_v2086_v596_rp10_mt80,2026-02-26,601100,0.20499159683373702,0.18834010045234678,0.5594845,-0.072280701754386,0.9216666666666666,0.9216666666666666,0.0,0.7833333333333333,20,0.0273638757659093,0.0188808814923724,0.6244,0.030244031217516,-0.0126811594202898
lstm_sl10_base_alpha_v3_rs_crowding_mini4__risk_adjusted_sort__pred_weight__cs40_v2086_v596_rp10_mt80,2026-02-26,600919,0.1982387777199918,0.16952796523544192,0.541054,0.0028735632183907,0.876025641025641,0.876025641025641,0.0,0.726923076923077,20,0.0120249744798072,0.0108048289521608,0.5842,0.208297999958634,0.4961636828644504
lstm_sl10_base_alpha_v3_rs_crowding_mini4__risk_adjusted_sort__pred_weight__cs40_v2086_v596_rp10_mt80,2026-02-26,688256,0.20136994165282895,0.2034361788822111,0.5495999,0.0031964507170181,0.8748717948717948,0.8748717948717948,0.0,0.9948717948717949,20,0.0362380751929086,0.0445926353534807,3.3665,0.6659491184053601,0.8078175895765469
lstm_sl10_base_alpha_v3_rs_crowding_mini4__risk_adjusted_sort__pred_weight__cs40_v2086_v596_rp10_mt80,2026-02-26,601018,0.19789066706428687,0.18239810990705302,0.5401039,0.0290556900726391,0.8714102564102565,0.8714102564102565,0.0,0.5166666666666667,20,0.0114607049038397,0.0120412477691318,0.2486,-0.2239253270065245,-0.1723800195886387
lstm_sl10_base_alpha_v3_rs_crowding_mini4__risk_adjusted_sort__pred_weight__cs40_v2086_v596_rp10_mt80,2026-02-26,000895,0.19750901672915536,0.16848807219848935,0.53906226,0.0129474485910128,0.8696153846153847,0.8696153846153847,0.0,0.2782051282051282,20,0.0081939245995871,0.004193313553268,0.1778,-0.2187705962476382,0.0905730129390016
lstm_sl10_base_alpha_v3_rs_crowding_mini4__risk_adjusted_sort__pred_weight__cs40_v2086_v596_rp10_mt80,2026-02-27,601100,0.2027850133494108,0.19732364872534797,0.5559137,-0.0468468468468468,0.9292105263157895,0.9292105263157895,0.0,0.7078947368421052,20,0.027027179660433,0.0184587848327335,0.4645,-0.1613858347325281,-0.2032332563510392
lstm_sl10_base_alpha_v3_rs_crowding_mini4__risk_adjusted_sort__pred_weight__cs40_v2086_v596_rp10_mt80,2026-02-27,601009,0.19917841810722312,0.12387260115427508,0.5460266,0.0053523639607492,0.8938157894736841,0.8938157894736841,0.0,0.5355263157894736,20,0.012156726501858,0.0093517344044421,0.3142,-0.23996129656507,-0.2014302741358761
lstm_sl10_base_alpha_v3_rs_crowding_mini4__risk_adjusted_sort__pred_weight__cs40_v2086_v596_rp10_mt80,2026-02-27,600115,0.20095824227261863,0.12497950546177938,0.5509058,-0.0646950092421442,0.8921052631578947,0.8921052631578947,0.0,0.8157894736842106,20,0.0322226048613337,0.0151445743198947,0.7068,-0.1442684875780908,0.3485360360360361
lstm_sl10_base_alpha_v3_rs_crowding_mini4__risk_adjusted_sort__pred_weight__cs40_v2086_v596_rp10_mt80,2026-02-27,000895,0.19889810820362078,0.18740061451581475,0.54525816,0.0137509549274255,0.8875,0.8875,0.0,0.3355263157894737,20,0.0081950610814224,0.0039831312605228,0.2029,-0.0372022397266774,-0.1129032258064517
lstm_sl10_base_alpha_v3_rs_crowding_mini4__risk_adjusted_sort__pred_weight__cs40_v2086_v596_rp10_mt80,2026-02-27,601607,0.1981802180671267,0.12325180279361896,0.54329014,-0.0035067212156632,0.8257894736842105,0.8257894736842105,0.0,0.1631578947368421,20,0.0054161253741056,0.0037036949268138,0.2631,-0.0362990366653237,-0.4444444444444445
