profile_name,prediction_source,weighting_scheme,sort_strategy,top_k,enable_risk_filters,allow_cash_fallback,max_volatility_20d_pct,max_volatility_5d_pct,turnover_rate_lower_pct,turnover_rate_upper_pct,turnover_ratio_upper_pct,risk_penalty_weight,transaction_cost,max_turnover,rerank_signal_column,rerank_signal_weight,secondary_candidate_size,secondary_screen_mode,secondary_screen_weight,local_tiebreak_start_rank,local_tiebreak_end_rank,periods,cumulative_return_before_cost,cumulative_return_after_cost,mean_period_return_before_cost,mean_period_return_after_cost,return_volatility_before_cost,return_volatility_after_cost,max_drawdown_before_cost,max_drawdown_after_cost,sharpe_before_cost,sharpe_after_cost,win_rate_before_cost,win_rate_after_cost,avg_selected_count,avg_signal_count,avg_cash_weight,avg_turnover,avg_desired_turnover,avg_execution_strength,total_transaction_cost,candidate_size,vol20_pct,vol5_pct,risk_penalty,rank_ic_mean,top5_mean_return_mean
lstm_exec_cs180_v2086_v598_rp-80_pure_prediction_risk_adjusted_mt100,replay_walk_forward_predictions,risk_adjusted,pure_prediction,5,True,False,0.86,0.98,0.03,0.97,0.95,-0.8,0.001,1.0,,0.0,0,none,0.0,8,15,60,1.0559438097511706,0.953411949785236,0.012348531968178655,0.011487736683806636,0.02330259077191453,0.023370881454170975,-0.04493766129468102,-0.05058183491056023,3.821314601776906,3.5445495484383076,0.6333333333333333,0.6333333333333333,5.0,5.0,1.4802973661668754e-17,0.8607952843720211,1.0507813061873648,0.8719246810107701,0.05164771706232127,180,0.86,0.98,-0.8,0.01168002338745768,0.010118703963325768
lstm_exec_cs180_v2086_v598_rp-50_pure_prediction_risk_adjusted_mt100,replay_walk_forward_predictions,risk_adjusted,pure_prediction,5,True,False,0.86,0.98,0.03,0.97,0.95,-0.5,0.001,1.0,,0.0,0,none,0.0,8,15,60,1.0559438097511706,0.953411949785236,0.012348531968178655,0.011487736683806636,0.02330259077191453,0.023370881454170975,-0.04493766129468102,-0.05058183491056023,3.821314601776906,3.5445495484383076,0.6333333333333333,0.6333333333333333,5.0,5.0,1.4802973661668754e-17,0.8607952843720211,1.0507813061873648,0.8719246810107701,0.05164771706232127,180,0.86,0.98,-0.5,0.01168002338745768,0.010118703963325768
lstm_exec_cs180_v2086_v598_rp-20_pure_prediction_risk_adjusted_mt100,replay_walk_forward_predictions,risk_adjusted,pure_prediction,5,True,False,0.86,0.98,0.03,0.97,0.95,-0.2,0.001,1.0,,0.0,0,none,0.0,8,15,60,1.0559438097511706,0.953411949785236,0.012348531968178655,0.011487736683806636,0.02330259077191453,0.023370881454170975,-0.04493766129468102,-0.05058183491056023,3.821314601776906,3.5445495484383076,0.6333333333333333,0.6333333333333333,5.0,5.0,1.4802973661668754e-17,0.8607952843720211,1.0507813061873648,0.8719246810107701,0.05164771706232127,180,0.86,0.98,-0.2,0.01168002338745768,0.010118703963325768
lstm_exec_cs180_v2086_v5100_rp-80_pure_prediction_risk_adjusted_mt100,replay_walk_forward_predictions,risk_adjusted,pure_prediction,5,True,False,0.86,1.0,0.03,0.97,0.95,-0.8,0.001,1.0,,0.0,0,none,0.0,8,15,60,1.0559438097511706,0.953411949785236,0.012348531968178655,0.011487736683806636,0.02330259077191453,0.023370881454170975,-0.04493766129468102,-0.05058183491056023,3.821314601776906,3.5445495484383076,0.6333333333333333,0.6333333333333333,5.0,5.0,1.4802973661668754e-17,0.8607952843720211,1.0507813061873648,0.8719246810107701,0.05164771706232127,180,0.86,1.0,-0.8,0.01168002338745768,0.010118703963325768
lstm_exec_cs180_v2086_v5100_rp-50_pure_prediction_risk_adjusted_mt100,replay_walk_forward_predictions,risk_adjusted,pure_prediction,5,True,False,0.86,1.0,0.03,0.97,0.95,-0.5,0.001,1.0,,0.0,0,none,0.0,8,15,60,1.0559438097511706,0.953411949785236,0.012348531968178655,0.011487736683806636,0.02330259077191453,0.023370881454170975,-0.04493766129468102,-0.05058183491056023,3.821314601776906,3.5445495484383076,0.6333333333333333,0.6333333333333333,5.0,5.0,1.4802973661668754e-17,0.8607952843720211,1.0507813061873648,0.8719246810107701,0.05164771706232127,180,0.86,1.0,-0.5,0.01168002338745768,0.010118703963325768
lstm_exec_cs180_v2086_v5100_rp-20_pure_prediction_risk_adjusted_mt100,replay_walk_forward_predictions,risk_adjusted,pure_prediction,5,True,False,0.86,1.0,0.03,0.97,0.95,-0.2,0.001,1.0,,0.0,0,none,0.0,8,15,60,1.0559438097511706,0.953411949785236,0.012348531968178655,0.011487736683806636,0.02330259077191453,0.023370881454170975,-0.04493766129468102,-0.05058183491056023,3.821314601776906,3.5445495484383076,0.6333333333333333,0.6333333333333333,5.0,5.0,1.4802973661668754e-17,0.8607952843720211,1.0507813061873648,0.8719246810107701,0.05164771706232127,180,0.86,1.0,-0.2,0.01168002338745768,0.010118703963325768
lstm_exec_cs150_v2086_v598_rp-80_pure_prediction_risk_adjusted_mt100,replay_walk_forward_predictions,risk_adjusted,pure_prediction,5,True,False,0.86,0.98,0.03,0.97,0.95,-0.8,0.001,1.0,,0.0,0,none,0.0,8,15,60,1.0541428242167736,0.9517273443507648,0.012334218948858148,0.011473664301663883,0.02332279554204808,0.02339095578638027,-0.045091365590046784,-0.0507339606050069,3.8135787609792113,3.537169266182573,0.6333333333333333,0.6333333333333333,5.0,5.0,3.3306690738754695e-17,0.8605546471942672,1.0500212558307171,0.8721889336002182,0.05163327883165604,150,0.86,0.98,-0.8,0.01168002338745768,0.010118703963325768
lstm_exec_cs150_v2086_v598_rp-50_pure_prediction_risk_adjusted_mt100,replay_walk_forward_predictions,risk_adjusted,pure_prediction,5,True,False,0.86,0.98,0.03,0.97,0.95,-0.5,0.001,1.0,,0.0,0,none,0.0,8,15,60,1.0541428242167736,0.9517273443507648,0.012334218948858148,0.011473664301663883,0.02332279554204808,0.02339095578638027,-0.045091365590046784,-0.0507339606050069,3.8135787609792113,3.537169266182573,0.6333333333333333,0.6333333333333333,5.0,5.0,3.3306690738754695e-17,0.8605546471942672,1.0500212558307171,0.8721889336002182,0.05163327883165604,150,0.86,0.98,-0.5,0.01168002338745768,0.010118703963325768
lstm_exec_cs150_v2086_v598_rp-20_pure_prediction_risk_adjusted_mt100,replay_walk_forward_predictions,risk_adjusted,pure_prediction,5,True,False,0.86,0.98,0.03,0.97,0.95,-0.2,0.001,1.0,,0.0,0,none,0.0,8,15,60,1.0541428242167736,0.9517273443507648,0.012334218948858148,0.011473664301663883,0.02332279554204808,0.02339095578638027,-0.045091365590046784,-0.0507339606050069,3.8135787609792113,3.537169266182573,0.6333333333333333,0.6333333333333333,5.0,5.0,3.3306690738754695e-17,0.8605546471942672,1.0500212558307171,0.8721889336002182,0.05163327883165604,150,0.86,0.98,-0.2,0.01168002338745768,0.010118703963325768
lstm_exec_cs150_v2086_v5100_rp-80_pure_prediction_risk_adjusted_mt100,replay_walk_forward_predictions,risk_adjusted,pure_prediction,5,True,False,0.86,1.0,0.03,0.97,0.95,-0.8,0.001,1.0,,0.0,0,none,0.0,8,15,60,1.0541428242167736,0.9517273443507648,0.012334218948858148,0.011473664301663883,0.02332279554204808,0.02339095578638027,-0.045091365590046784,-0.0507339606050069,3.8135787609792113,3.537169266182573,0.6333333333333333,0.6333333333333333,5.0,5.0,3.3306690738754695e-17,0.8605546471942672,1.0500212558307171,0.8721889336002182,0.05163327883165604,150,0.86,1.0,-0.8,0.01168002338745768,0.010118703963325768
lstm_exec_cs150_v2086_v5100_rp-50_pure_prediction_risk_adjusted_mt100,replay_walk_forward_predictions,risk_adjusted,pure_prediction,5,True,False,0.86,1.0,0.03,0.97,0.95,-0.5,0.001,1.0,,0.0,0,none,0.0,8,15,60,1.0541428242167736,0.9517273443507648,0.012334218948858148,0.011473664301663883,0.02332279554204808,0.02339095578638027,-0.045091365590046784,-0.0507339606050069,3.8135787609792113,3.537169266182573,0.6333333333333333,0.6333333333333333,5.0,5.0,3.3306690738754695e-17,0.8605546471942672,1.0500212558307171,0.8721889336002182,0.05163327883165604,150,0.86,1.0,-0.5,0.01168002338745768,0.010118703963325768
lstm_exec_cs150_v2086_v5100_rp-20_pure_prediction_risk_adjusted_mt100,replay_walk_forward_predictions,risk_adjusted,pure_prediction,5,True,False,0.86,1.0,0.03,0.97,0.95,-0.2,0.001,1.0,,0.0,0,none,0.0,8,15,60,1.0541428242167736,0.9517273443507648,0.012334218948858148,0.011473664301663883,0.02332279554204808,0.02339095578638027,-0.045091365590046784,-0.0507339606050069,3.8135787609792113,3.537169266182573,0.6333333333333333,0.6333333333333333,5.0,5.0,3.3306690738754695e-17,0.8605546471942672,1.0500212558307171,0.8721889336002182,0.05163327883165604,150,0.86,1.0,-0.2,0.01168002338745768,0.010118703963325768
lstm_exec_cs120_v2086_v598_rp-80_pure_prediction_risk_adjusted_mt100,replay_walk_forward_predictions,risk_adjusted,pure_prediction,5,True,False,0.86,0.98,0.03,0.97,0.95,-0.8,0.001,1.0,,0.0,0,none,0.0,8,15,60,1.0530668440781437,0.9507907277736782,0.012325800168632137,0.011466007575294765,0.023339819577081696,0.023408553391410437,-0.045289870410847866,-0.05093424311863837,3.808196063586074,3.53215147867733,0.6333333333333333,0.6333333333333333,5.0,5.0,2.2204460492503132e-17,0.8597925933373725,1.0484488135113597,0.8726031757884253,0.05158755560024234,120,0.86,0.98,-0.8,0.01168002338745768,0.010118703963325768
lstm_exec_cs120_v2086_v598_rp-50_pure_prediction_risk_adjusted_mt100,replay_walk_forward_predictions,risk_adjusted,pure_prediction,5,True,False,0.86,0.98,0.03,0.97,0.95,-0.5,0.001,1.0,,0.0,0,none,0.0,8,15,60,1.0530668440781437,0.9507907277736782,0.012325800168632137,0.011466007575294765,0.023339819577081696,0.023408553391410437,-0.045289870410847866,-0.05093424311863837,3.808196063586074,3.53215147867733,0.6333333333333333,0.6333333333333333,5.0,5.0,2.2204460492503132e-17,0.8597925933373725,1.0484488135113597,0.8726031757884253,0.05158755560024234,120,0.86,0.98,-0.5,0.01168002338745768,0.010118703963325768
lstm_exec_cs120_v2086_v598_rp-20_pure_prediction_risk_adjusted_mt100,replay_walk_forward_predictions,risk_adjusted,pure_prediction,5,True,False,0.86,0.98,0.03,0.97,0.95,-0.2,0.001,1.0,,0.0,0,none,0.0,8,15,60,1.0530668440781437,0.9507907277736782,0.012325800168632137,0.011466007575294765,0.023339819577081696,0.023408553391410437,-0.045289870410847866,-0.05093424311863837,3.808196063586074,3.53215147867733,0.6333333333333333,0.6333333333333333,5.0,5.0,2.2204460492503132e-17,0.8597925933373725,1.0484488135113597,0.8726031757884253,0.05158755560024234,120,0.86,0.98,-0.2,0.01168002338745768,0.010118703963325768
lstm_exec_cs120_v2086_v5100_rp-80_pure_prediction_risk_adjusted_mt100,replay_walk_forward_predictions,risk_adjusted,pure_prediction,5,True,False,0.86,1.0,0.03,0.97,0.95,-0.8,0.001,1.0,,0.0,0,none,0.0,8,15,60,1.0530668440781437,0.9507907277736782,0.012325800168632137,0.011466007575294765,0.023339819577081696,0.023408553391410437,-0.045289870410847866,-0.05093424311863837,3.808196063586074,3.53215147867733,0.6333333333333333,0.6333333333333333,5.0,5.0,2.2204460492503132e-17,0.8597925933373725,1.0484488135113597,0.8726031757884253,0.05158755560024234,120,0.86,1.0,-0.8,0.01168002338745768,0.010118703963325768
lstm_exec_cs120_v2086_v5100_rp-50_pure_prediction_risk_adjusted_mt100,replay_walk_forward_predictions,risk_adjusted,pure_prediction,5,True,False,0.86,1.0,0.03,0.97,0.95,-0.5,0.001,1.0,,0.0,0,none,0.0,8,15,60,1.0530668440781437,0.9507907277736782,0.012325800168632137,0.011466007575294765,0.023339819577081696,0.023408553391410437,-0.045289870410847866,-0.05093424311863837,3.808196063586074,3.53215147867733,0.6333333333333333,0.6333333333333333,5.0,5.0,2.2204460492503132e-17,0.8597925933373725,1.0484488135113597,0.8726031757884253,0.05158755560024234,120,0.86,1.0,-0.5,0.01168002338745768,0.010118703963325768
lstm_exec_cs120_v2086_v5100_rp-20_pure_prediction_risk_adjusted_mt100,replay_walk_forward_predictions,risk_adjusted,pure_prediction,5,True,False,0.86,1.0,0.03,0.97,0.95,-0.2,0.001,1.0,,0.0,0,none,0.0,8,15,60,1.0530668440781437,0.9507907277736782,0.012325800168632137,0.011466007575294765,0.023339819577081696,0.023408553391410437,-0.045289870410847866,-0.05093424311863837,3.808196063586074,3.53215147867733,0.6333333333333333,0.6333333333333333,5.0,5.0,2.2204460492503132e-17,0.8597925933373725,1.0484488135113597,0.8726031757884253,0.05158755560024234,120,0.86,1.0,-0.2,0.01168002338745768,0.010118703963325768
lstm_exec_cs120_v2086_v598_rp-80_pure_prediction_pred_mt100,replay_walk_forward_predictions,pred,pure_prediction,5,True,False,0.86,0.98,0.03,0.97,0.95,-0.8,0.001,1.0,,0.0,0,none,0.0,8,15,60,1.0473161908908164,0.9469001498048104,0.012289158833451254,0.011443238475698066,0.023798351994053783,0.023874290149345286,-0.04687680080279055,-0.05317954212090659,3.723719383375852,3.456369410222923,0.6333333333333333,0.6333333333333333,5.0,5.0,2.960594732333751e-17,0.8459203577531882,1.0292209549684626,0.8750919497592765,0.05075522146519129,120,0.86,0.98,-0.8,0.01168002338745768,0.010118703963325768
lstm_exec_cs120_v2086_v598_rp-50_pure_prediction_pred_mt100,replay_walk_forward_predictions,pred,pure_prediction,5,True,False,0.86,0.98,0.03,0.97,0.95,-0.5,0.001,1.0,,0.0,0,none,0.0,8,15,60,1.0473161908908164,0.9469001498048104,0.012289158833451254,0.011443238475698066,0.023798351994053783,0.023874290149345286,-0.04687680080279055,-0.05317954212090659,3.723719383375852,3.456369410222923,0.6333333333333333,0.6333333333333333,5.0,5.0,2.960594732333751e-17,0.8459203577531882,1.0292209549684626,0.8750919497592765,0.05075522146519129,120,0.86,0.98,-0.5,0.01168002338745768,0.010118703963325768
lstm_exec_cs120_v2086_v598_rp-20_pure_prediction_pred_mt100,replay_walk_forward_predictions,pred,pure_prediction,5,True,False,0.86,0.98,0.03,0.97,0.95,-0.2,0.001,1.0,,0.0,0,none,0.0,8,15,60,1.0473161908908164,0.9469001498048104,0.012289158833451254,0.011443238475698066,0.023798351994053783,0.023874290149345286,-0.04687680080279055,-0.05317954212090659,3.723719383375852,3.456369410222923,0.6333333333333333,0.6333333333333333,5.0,5.0,2.960594732333751e-17,0.8459203577531882,1.0292209549684626,0.8750919497592765,0.05075522146519129,120,0.86,0.98,-0.2,0.01168002338745768,0.010118703963325768
lstm_exec_cs120_v2086_v5100_rp-80_pure_prediction_pred_mt100,replay_walk_forward_predictions,pred,pure_prediction,5,True,False,0.86,1.0,0.03,0.97,0.95,-0.8,0.001,1.0,,0.0,0,none,0.0,8,15,60,1.0473161908908164,0.9469001498048104,0.012289158833451254,0.011443238475698066,0.023798351994053783,0.023874290149345286,-0.04687680080279055,-0.05317954212090659,3.723719383375852,3.456369410222923,0.6333333333333333,0.6333333333333333,5.0,5.0,2.960594732333751e-17,0.8459203577531882,1.0292209549684626,0.8750919497592765,0.05075522146519129,120,0.86,1.0,-0.8,0.01168002338745768,0.010118703963325768
lstm_exec_cs120_v2086_v5100_rp-50_pure_prediction_pred_mt100,replay_walk_forward_predictions,pred,pure_prediction,5,True,False,0.86,1.0,0.03,0.97,0.95,-0.5,0.001,1.0,,0.0,0,none,0.0,8,15,60,1.0473161908908164,0.9469001498048104,0.012289158833451254,0.011443238475698066,0.023798351994053783,0.023874290149345286,-0.04687680080279055,-0.05317954212090659,3.723719383375852,3.456369410222923,0.6333333333333333,0.6333333333333333,5.0,5.0,2.960594732333751e-17,0.8459203577531882,1.0292209549684626,0.8750919497592765,0.05075522146519129,120,0.86,1.0,-0.5,0.01168002338745768,0.010118703963325768
lstm_exec_cs120_v2086_v5100_rp-20_pure_prediction_pred_mt100,replay_walk_forward_predictions,pred,pure_prediction,5,True,False,0.86,1.0,0.03,0.97,0.95,-0.2,0.001,1.0,,0.0,0,none,0.0,8,15,60,1.0473161908908164,0.9469001498048104,0.012289158833451254,0.011443238475698066,0.023798351994053783,0.023874290149345286,-0.04687680080279055,-0.05317954212090659,3.723719383375852,3.456369410222923,0.6333333333333333,0.6333333333333333,5.0,5.0,2.960594732333751e-17,0.8459203577531882,1.0292209549684626,0.8750919497592765,0.05075522146519129,120,0.86,1.0,-0.2,0.01168002338745768,0.010118703963325768
lstm_exec_cs150_v2086_v598_rp-80_pure_prediction_pred_mt100,replay_walk_forward_predictions,pred,pure_prediction,5,True,False,0.86,0.98,0.03,0.97,0.95,-0.8,0.001,1.0,,0.0,0,none,0.0,8,15,60,1.0473161908908164,0.9469001498048104,0.012289158833451254,0.011443238475698066,0.023798351994053783,0.023874290149345286,-0.04687680080279055,-0.05317954212090659,3.723719383375852,3.456369410222923,0.6333333333333333,0.6333333333333333,5.0,5.0,2.960594732333751e-17,0.8459203577531882,1.0292209549684626,0.8750919497592765,0.05075522146519129,150,0.86,0.98,-0.8,0.01168002338745768,0.010118703963325768
lstm_exec_cs150_v2086_v598_rp-50_pure_prediction_pred_mt100,replay_walk_forward_predictions,pred,pure_prediction,5,True,False,0.86,0.98,0.03,0.97,0.95,-0.5,0.001,1.0,,0.0,0,none,0.0,8,15,60,1.0473161908908164,0.9469001498048104,0.012289158833451254,0.011443238475698066,0.023798351994053783,0.023874290149345286,-0.04687680080279055,-0.05317954212090659,3.723719383375852,3.456369410222923,0.6333333333333333,0.6333333333333333,5.0,5.0,2.960594732333751e-17,0.8459203577531882,1.0292209549684626,0.8750919497592765,0.05075522146519129,150,0.86,0.98,-0.5,0.01168002338745768,0.010118703963325768
lstm_exec_cs150_v2086_v598_rp-20_pure_prediction_pred_mt100,replay_walk_forward_predictions,pred,pure_prediction,5,True,False,0.86,0.98,0.03,0.97,0.95,-0.2,0.001,1.0,,0.0,0,none,0.0,8,15,60,1.0473161908908164,0.9469001498048104,0.012289158833451254,0.011443238475698066,0.023798351994053783,0.023874290149345286,-0.04687680080279055,-0.05317954212090659,3.723719383375852,3.456369410222923,0.6333333333333333,0.6333333333333333,5.0,5.0,2.960594732333751e-17,0.8459203577531882,1.0292209549684626,0.8750919497592765,0.05075522146519129,150,0.86,0.98,-0.2,0.01168002338745768,0.010118703963325768
lstm_exec_cs150_v2086_v5100_rp-80_pure_prediction_pred_mt100,replay_walk_forward_predictions,pred,pure_prediction,5,True,False,0.86,1.0,0.03,0.97,0.95,-0.8,0.001,1.0,,0.0,0,none,0.0,8,15,60,1.0473161908908164,0.9469001498048104,0.012289158833451254,0.011443238475698066,0.023798351994053783,0.023874290149345286,-0.04687680080279055,-0.05317954212090659,3.723719383375852,3.456369410222923,0.6333333333333333,0.6333333333333333,5.0,5.0,2.960594732333751e-17,0.8459203577531882,1.0292209549684626,0.8750919497592765,0.05075522146519129,150,0.86,1.0,-0.8,0.01168002338745768,0.010118703963325768
lstm_exec_cs150_v2086_v5100_rp-50_pure_prediction_pred_mt100,replay_walk_forward_predictions,pred,pure_prediction,5,True,False,0.86,1.0,0.03,0.97,0.95,-0.5,0.001,1.0,,0.0,0,none,0.0,8,15,60,1.0473161908908164,0.9469001498048104,0.012289158833451254,0.011443238475698066,0.023798351994053783,0.023874290149345286,-0.04687680080279055,-0.05317954212090659,3.723719383375852,3.456369410222923,0.6333333333333333,0.6333333333333333,5.0,5.0,2.960594732333751e-17,0.8459203577531882,1.0292209549684626,0.8750919497592765,0.05075522146519129,150,0.86,1.0,-0.5,0.01168002338745768,0.010118703963325768
lstm_exec_cs150_v2086_v5100_rp-20_pure_prediction_pred_mt100,replay_walk_forward_predictions,pred,pure_prediction,5,True,False,0.86,1.0,0.03,0.97,0.95,-0.2,0.001,1.0,,0.0,0,none,0.0,8,15,60,1.0473161908908164,0.9469001498048104,0.012289158833451254,0.011443238475698066,0.023798351994053783,0.023874290149345286,-0.04687680080279055,-0.05317954212090659,3.723719383375852,3.456369410222923,0.6333333333333333,0.6333333333333333,5.0,5.0,2.960594732333751e-17,0.8459203577531882,1.0292209549684626,0.8750919497592765,0.05075522146519129,150,0.86,1.0,-0.2,0.01168002338745768,0.010118703963325768
lstm_exec_cs180_v2086_v598_rp-80_pure_prediction_pred_mt100,replay_walk_forward_predictions,pred,pure_prediction,5,True,False,0.86,0.98,0.03,0.97,0.95,-0.8,0.001,1.0,,0.0,0,none,0.0,8,15,60,1.0473161908908164,0.9469001498048104,0.012289158833451254,0.011443238475698066,0.023798351994053783,0.023874290149345286,-0.04687680080279055,-0.05317954212090659,3.723719383375852,3.456369410222923,0.6333333333333333,0.6333333333333333,5.0,5.0,2.960594732333751e-17,0.8459203577531882,1.0292209549684626,0.8750919497592765,0.05075522146519129,180,0.86,0.98,-0.8,0.01168002338745768,0.010118703963325768
lstm_exec_cs180_v2086_v598_rp-50_pure_prediction_pred_mt100,replay_walk_forward_predictions,pred,pure_prediction,5,True,False,0.86,0.98,0.03,0.97,0.95,-0.5,0.001,1.0,,0.0,0,none,0.0,8,15,60,1.0473161908908164,0.9469001498048104,0.012289158833451254,0.011443238475698066,0.023798351994053783,0.023874290149345286,-0.04687680080279055,-0.05317954212090659,3.723719383375852,3.456369410222923,0.6333333333333333,0.6333333333333333,5.0,5.0,2.960594732333751e-17,0.8459203577531882,1.0292209549684626,0.8750919497592765,0.05075522146519129,180,0.86,0.98,-0.5,0.01168002338745768,0.010118703963325768
lstm_exec_cs180_v2086_v598_rp-20_pure_prediction_pred_mt100,replay_walk_forward_predictions,pred,pure_prediction,5,True,False,0.86,0.98,0.03,0.97,0.95,-0.2,0.001,1.0,,0.0,0,none,0.0,8,15,60,1.0473161908908164,0.9469001498048104,0.012289158833451254,0.011443238475698066,0.023798351994053783,0.023874290149345286,-0.04687680080279055,-0.05317954212090659,3.723719383375852,3.456369410222923,0.6333333333333333,0.6333333333333333,5.0,5.0,2.960594732333751e-17,0.8459203577531882,1.0292209549684626,0.8750919497592765,0.05075522146519129,180,0.86,0.98,-0.2,0.01168002338745768,0.010118703963325768
lstm_exec_cs180_v2086_v5100_rp-80_pure_prediction_pred_mt100,replay_walk_forward_predictions,pred,pure_prediction,5,True,False,0.86,1.0,0.03,0.97,0.95,-0.8,0.001,1.0,,0.0,0,none,0.0,8,15,60,1.0473161908908164,0.9469001498048104,0.012289158833451254,0.011443238475698066,0.023798351994053783,0.023874290149345286,-0.04687680080279055,-0.05317954212090659,3.723719383375852,3.456369410222923,0.6333333333333333,0.6333333333333333,5.0,5.0,2.960594732333751e-17,0.8459203577531882,1.0292209549684626,0.8750919497592765,0.05075522146519129,180,0.86,1.0,-0.8,0.01168002338745768,0.010118703963325768
lstm_exec_cs180_v2086_v5100_rp-50_pure_prediction_pred_mt100,replay_walk_forward_predictions,pred,pure_prediction,5,True,False,0.86,1.0,0.03,0.97,0.95,-0.5,0.001,1.0,,0.0,0,none,0.0,8,15,60,1.0473161908908164,0.9469001498048104,0.012289158833451254,0.011443238475698066,0.023798351994053783,0.023874290149345286,-0.04687680080279055,-0.05317954212090659,3.723719383375852,3.456369410222923,0.6333333333333333,0.6333333333333333,5.0,5.0,2.960594732333751e-17,0.8459203577531882,1.0292209549684626,0.8750919497592765,0.05075522146519129,180,0.86,1.0,-0.5,0.01168002338745768,0.010118703963325768
lstm_exec_cs180_v2086_v5100_rp-20_pure_prediction_pred_mt100,replay_walk_forward_predictions,pred,pure_prediction,5,True,False,0.86,1.0,0.03,0.97,0.95,-0.2,0.001,1.0,,0.0,0,none,0.0,8,15,60,1.0473161908908164,0.9469001498048104,0.012289158833451254,0.011443238475698066,0.023798351994053783,0.023874290149345286,-0.04687680080279055,-0.05317954212090659,3.723719383375852,3.456369410222923,0.6333333333333333,0.6333333333333333,5.0,5.0,2.960594732333751e-17,0.8459203577531882,1.0292209549684626,0.8750919497592765,0.05075522146519129,180,0.86,1.0,-0.2,0.01168002338745768,0.010118703963325768
lstm_exec_cs180_v2086_v598_rp-80_risk_adjusted_pred_mt100,replay_walk_forward_predictions,pred,risk_adjusted,5,True,False,0.86,0.98,0.03,0.97,0.95,-0.8,0.001,1.0,,0.0,0,none,0.0,8,15,60,1.0113782363753074,0.902891308125132,0.012077601656745953,0.011144900558687209,0.027161672077383597,0.027219016401675594,-0.12119914587883407,-0.1236473127276646,3.2064603338088054,2.95260562184167,0.65,0.6166666666666667,5.0,5.0,2.7755575615628914e-17,0.9327010980587428,1.2535096852323753,0.7966281125865783,0.055962065883524564,180,0.86,0.98,-0.8,0.01168002338745768,0.010118703963325768
lstm_exec_cs180_v2086_v5100_rp-80_risk_adjusted_pred_mt100,replay_walk_forward_predictions,pred,risk_adjusted,5,True,False,0.86,1.0,0.03,0.97,0.95,-0.8,0.001,1.0,,0.0,0,none,0.0,8,15,60,1.0113782363753074,0.902891308125132,0.012077601656745953,0.011144900558687209,0.027161672077383597,0.027219016401675594,-0.12119914587883407,-0.1236473127276646,3.2064603338088054,2.95260562184167,0.65,0.6166666666666667,5.0,5.0,2.7755575615628914e-17,0.9327010980587428,1.2535096852323753,0.7966281125865783,0.055962065883524564,180,0.86,1.0,-0.8,0.01168002338745768,0.010118703963325768
lstm_exec_cs180_v2086_v598_rp-80_risk_adjusted_risk_adjusted_mt100,replay_walk_forward_predictions,risk_adjusted,risk_adjusted,5,True,False,0.86,0.98,0.03,0.97,0.95,-0.8,0.001,1.0,,0.0,0,none,0.0,8,15,60,0.9970257959959492,0.8883218901703323,0.011953530506036517,0.011012025927398358,0.027036123304555786,0.02709065708348721,-0.12040314047739897,-0.1229263995788964,3.1882579226937584,2.931226363806069,0.6666666666666666,0.6333333333333333,5.0,5.0,3.515706244646329e-17,0.9415045786381612,1.2612886117781004,0.7970172248887377,0.05649027471828967,180,0.86,0.98,-0.8,0.01168002338745768,0.010118703963325768
lstm_exec_cs180_v2086_v5100_rp-80_risk_adjusted_risk_adjusted_mt100,replay_walk_forward_predictions,risk_adjusted,risk_adjusted,5,True,False,0.86,1.0,0.03,0.97,0.95,-0.8,0.001,1.0,,0.0,0,none,0.0,8,15,60,0.9970257959959492,0.8883218901703323,0.011953530506036517,0.011012025927398358,0.027036123304555786,0.02709065708348721,-0.12040314047739897,-0.1229263995788964,3.1882579226937584,2.931226363806069,0.6666666666666666,0.6333333333333333,5.0,5.0,3.515706244646329e-17,0.9415045786381612,1.2612886117781004,0.7970172248887377,0.05649027471828967,180,0.86,1.0,-0.8,0.01168002338745768,0.010118703963325768
lstm_exec_cs180_v2086_v598_rp-20_risk_adjusted_risk_adjusted_mt100,replay_walk_forward_predictions,risk_adjusted,risk_adjusted,5,True,False,0.86,0.98,0.03,0.97,0.95,-0.2,0.001,1.0,,0.0,0,none,0.0,8,15,60,0.951702729900165,0.8518586708622051,0.011574229002498326,0.01069245629291754,0.027388138012884467,0.027484345215740433,-0.09468229562786967,-0.0972356472823448,3.0474124325529535,2.8053933337071273,0.6833333333333333,0.65,5.0,5.0,2.960594732333751e-17,0.8817727095807879,1.1097959463995364,0.8521298837427282,0.05290636257484727,180,0.86,0.98,-0.2,0.01168002338745768,0.010118703963325768
lstm_exec_cs180_v2086_v5100_rp-20_risk_adjusted_risk_adjusted_mt100,replay_walk_forward_predictions,risk_adjusted,risk_adjusted,5,True,False,0.86,1.0,0.03,0.97,0.95,-0.2,0.001,1.0,,0.0,0,none,0.0,8,15,60,0.951702729900165,0.8518586708622051,0.011574229002498326,0.01069245629291754,0.027388138012884467,0.027484345215740433,-0.09468229562786967,-0.0972356472823448,3.0474124325529535,2.8053933337071273,0.6833333333333333,0.65,5.0,5.0,2.960594732333751e-17,0.8817727095807879,1.1097959463995364,0.8521298837427282,0.05290636257484727,180,0.86,1.0,-0.2,0.01168002338745768,0.010118703963325768
lstm_exec_cs180_v2086_v598_rp-20_risk_adjusted_pred_mt100,replay_walk_forward_predictions,pred,risk_adjusted,5,True,False,0.86,0.98,0.03,0.97,0.95,-0.2,0.001,1.0,,0.0,0,none,0.0,8,15,60,0.9311784640156284,0.833701537961135,0.011397521783964838,0.010528306748319375,0.02743265273129632,0.02754052411513869,-0.09915056569453928,-0.1016407894568101,2.9960171630373074,2.7566904439565625,0.6666666666666666,0.65,5.0,5.0,1.295260195396016e-17,0.8692150356454663,1.093619322486002,0.8541419074184763,0.05215290213872799,180,0.86,0.98,-0.2,0.01168002338745768,0.010118703963325768
lstm_exec_cs180_v2086_v5100_rp-20_risk_adjusted_pred_mt100,replay_walk_forward_predictions,pred,risk_adjusted,5,True,False,0.86,1.0,0.03,0.97,0.95,-0.2,0.001,1.0,,0.0,0,none,0.0,8,15,60,0.9311784640156284,0.833701537961135,0.011397521783964838,0.010528306748319375,0.02743265273129632,0.02754052411513869,-0.09915056569453928,-0.1016407894568101,2.9960171630373074,2.7566904439565625,0.6666666666666666,0.65,5.0,5.0,1.295260195396016e-17,0.8692150356454663,1.093619322486002,0.8541419074184763,0.05215290213872799,180,0.86,1.0,-0.2,0.01168002338745768,0.010118703963325768
lstm_exec_cs120_v2086_v598_rp-20_risk_adjusted_risk_adjusted_mt100,replay_walk_forward_predictions,risk_adjusted,risk_adjusted,5,True,False,0.86,0.98,0.03,0.97,0.95,-0.2,0.001,1.0,,0.0,0,none,0.0,8,15,60,0.9183727842272453,0.8187264033451462,0.011264359607965886,0.010368541511913819,0.02662067259814068,0.02670715835862036,-0.09551373814576225,-0.09797476868412258,3.05132982662678,2.799572127516556,0.6166666666666667,0.6166666666666667,5.0,5.0,2.4054832200211726e-17,0.8958180960520701,1.1049619441731064,0.8585616569481751,0.05374908576312422,120,0.86,0.98,-0.2,0.01168002338745768,0.010118703963325768
lstm_exec_cs120_v2086_v5100_rp-20_risk_adjusted_risk_adjusted_mt100,replay_walk_forward_predictions,risk_adjusted,risk_adjusted,5,True,False,0.86,1.0,0.03,0.97,0.95,-0.2,0.001,1.0,,0.0,0,none,0.0,8,15,60,0.9183727842272453,0.8187264033451462,0.011264359607965886,0.010368541511913819,0.02662067259814068,0.02670715835862036,-0.09551373814576225,-0.09797476868412258,3.05132982662678,2.799572127516556,0.6166666666666667,0.6166666666666667,5.0,5.0,2.4054832200211726e-17,0.8958180960520701,1.1049619441731064,0.8585616569481751,0.05374908576312422,120,0.86,1.0,-0.2,0.01168002338745768,0.010118703963325768
lstm_exec_cs120_v2086_v598_rp-20_risk_adjusted_pred_mt100,replay_walk_forward_predictions,pred,risk_adjusted,5,True,False,0.86,0.98,0.03,0.97,0.95,-0.2,0.001,1.0,,0.0,0,none,0.0,8,15,60,0.9036743495937567,0.805852085357494,0.011135595769863007,0.010250015486038325,0.02664824011778072,0.026743924708732228,-0.09914565502733952,-0.10157861304521576,3.0133293120765137,2.763764616578076,0.6166666666666667,0.6166666666666667,5.0,5.0,1.850371707708594e-17,0.8855802838246819,1.097180540358503,0.857713906081617,0.05313481702948091,120,0.86,0.98,-0.2,0.01168002338745768,0.010118703963325768
lstm_exec_cs120_v2086_v5100_rp-20_risk_adjusted_pred_mt100,replay_walk_forward_predictions,pred,risk_adjusted,5,True,False,0.86,1.0,0.03,0.97,0.95,-0.2,0.001,1.0,,0.0,0,none,0.0,8,15,60,0.9036743495937567,0.805852085357494,0.011135595769863007,0.010250015486038325,0.02664824011778072,0.026743924708732228,-0.09914565502733952,-0.10157861304521576,3.0133293120765137,2.763764616578076,0.6166666666666667,0.6166666666666667,5.0,5.0,1.850371707708594e-17,0.8855802838246819,1.097180540358503,0.857713906081617,0.05313481702948091,120,0.86,1.0,-0.2,0.01168002338745768,0.010118703963325768
lstm_exec_cs150_v2086_v598_rp-20_risk_adjusted_risk_adjusted_mt100,replay_walk_forward_predictions,risk_adjusted,risk_adjusted,5,True,False,0.86,0.98,0.03,0.97,0.95,-0.2,0.001,1.0,,0.0,0,none,0.0,8,15,60,0.8526783768483075,0.7550878854039693,0.010687221865662252,0.00977772873999967,0.027028414955381816,0.02706628070419756,-0.09510397120259761,-0.0976476282585933,2.851319730921367,2.605020077559408,0.6333333333333333,0.6333333333333333,5.0,5.0,2.0354088784794535e-17,0.9094931256625786,1.1445604653818298,0.8482999073309816,0.05456958753975471,150,0.86,0.98,-0.2,0.01168002338745768,0.010118703963325768
lstm_exec_cs150_v2086_v5100_rp-20_risk_adjusted_risk_adjusted_mt100,replay_walk_forward_predictions,risk_adjusted,risk_adjusted,5,True,False,0.86,1.0,0.03,0.97,0.95,-0.2,0.001,1.0,,0.0,0,none,0.0,8,15,60,0.8526783768483075,0.7550878854039693,0.010687221865662252,0.00977772873999967,0.027028414955381816,0.02706628070419756,-0.09510397120259761,-0.0976476282585933,2.851319730921367,2.605020077559408,0.6333333333333333,0.6333333333333333,5.0,5.0,2.0354088784794535e-17,0.9094931256625786,1.1445604653818298,0.8482999073309816,0.05456958753975471,150,0.86,1.0,-0.2,0.01168002338745768,0.010118703963325768
lstm_exec_cs150_v2086_v598_rp-20_risk_adjusted_pred_mt100,replay_walk_forward_predictions,pred,risk_adjusted,5,True,False,0.86,0.98,0.03,0.97,0.95,-0.2,0.001,1.0,,0.0,0,none,0.0,8,15,60,0.8447573724386843,0.7486922046528255,0.010616932168796249,0.00971843832949509,0.02709086072865207,0.02713937421015677,-0.09915056569453917,-0.1016407894568101,2.826037437949106,2.5822502348868075,0.6333333333333333,0.6333333333333333,5.0,5.0,2.0354088784794535e-17,0.8984938393011589,1.1312262425700885,0.8497413610493368,0.053909630358069546,150,0.86,0.98,-0.2,0.01168002338745768,0.010118703963325768
lstm_exec_cs150_v2086_v5100_rp-20_risk_adjusted_pred_mt100,replay_walk_forward_predictions,pred,risk_adjusted,5,True,False,0.86,1.0,0.03,0.97,0.95,-0.2,0.001,1.0,,0.0,0,none,0.0,8,15,60,0.8447573724386843,0.7486922046528255,0.010616932168796249,0.00971843832949509,0.02709086072865207,0.02713937421015677,-0.09915056569453917,-0.1016407894568101,2.826037437949106,2.5822502348868075,0.6333333333333333,0.6333333333333333,5.0,5.0,2.0354088784794535e-17,0.8984938393011589,1.1312262425700885,0.8497413610493368,0.053909630358069546,150,0.86,1.0,-0.2,0.01168002338745768,0.010118703963325768
lstm_exec_cs180_v2090_v5100_rp-20_risk_adjusted_risk_adjusted_mt100,replay_walk_forward_predictions,risk_adjusted,risk_adjusted,5,True,False,0.9,1.0,0.03,0.97,0.95,-0.2,0.001,1.0,,0.0,0,none,0.0,8,15,60,0.8422234544819105,0.7458260987698855,0.010590045247494214,0.009687740349401619,0.02701689060028549,0.027090331144202475,-0.06527317703255764,-0.07102080433840241,2.8265984945669977,2.578753606754944,0.6333333333333333,0.5833333333333334,5.0,5.0,2.7755575615628914e-17,0.9023048980925922,1.1548461975957816,0.8320983889715765,0.054138293885555536,180,0.9,1.0,-0.2,0.01168002338745768,0.010118703963325768
lstm_exec_cs180_v2090_v598_rp-20_risk_adjusted_risk_adjusted_mt100,replay_walk_forward_predictions,risk_adjusted,risk_adjusted,5,True,False,0.9,0.98,0.03,0.97,0.95,-0.2,0.001,1.0,,0.0,0,none,0.0,8,15,60,0.8422019200841808,0.7458056712416796,0.010589845793034023,0.009687540894941428,0.02701679333207113,0.027090234858967957,-0.06527317703255764,-0.07102080433840241,2.8265554343723958,2.578709679831568,0.6333333333333333,0.5833333333333334,5.0,5.0,2.7755575615628914e-17,0.9023048980925922,1.154850437756273,0.832094364898406,0.054138293885555536,180,0.9,0.98,-0.2,0.01168002338745768,0.010118703963325768
lstm_exec_cs180_v2090_v5100_rp-80_pure_prediction_risk_adjusted_mt100,replay_walk_forward_predictions,risk_adjusted,pure_prediction,5,True,False,0.9,1.0,0.03,0.97,0.95,-0.8,0.001,1.0,,0.0,0,none,0.0,8,15,60,0.8090647144282572,0.7204924527468979,0.01021150451212182,0.009367718489934028,0.0240322100395879,0.024057136730466486,-0.06580117897588111,-0.07366286520634213,3.0640630268657936,2.807964200227937,0.6166666666666667,0.6,5.0,5.0,2.960594732333751e-17,0.8437860221877891,1.025504730667773,0.8751202111243538,0.050627161331267344,180,0.9,1.0,-0.8,0.01168002338745768,0.010118703963325768
lstm_exec_cs180_v2090_v5100_rp-50_pure_prediction_risk_adjusted_mt100,replay_walk_forward_predictions,risk_adjusted,pure_prediction,5,True,False,0.9,1.0,0.03,0.97,0.95,-0.5,0.001,1.0,,0.0,0,none,0.0,8,15,60,0.8090647144282572,0.7204924527468979,0.01021150451212182,0.009367718489934028,0.0240322100395879,0.024057136730466486,-0.06580117897588111,-0.07366286520634213,3.0640630268657936,2.807964200227937,0.6166666666666667,0.6,5.0,5.0,2.960594732333751e-17,0.8437860221877891,1.025504730667773,0.8751202111243538,0.050627161331267344,180,0.9,1.0,-0.5,0.01168002338745768,0.010118703963325768
lstm_exec_cs180_v2090_v5100_rp-20_pure_prediction_risk_adjusted_mt100,replay_walk_forward_predictions,risk_adjusted,pure_prediction,5,True,False,0.9,1.0,0.03,0.97,0.95,-0.2,0.001,1.0,,0.0,0,none,0.0,8,15,60,0.8090647144282572,0.7204924527468979,0.01021150451212182,0.009367718489934028,0.0240322100395879,0.024057136730466486,-0.06580117897588111,-0.07366286520634213,3.0640630268657936,2.807964200227937,0.6166666666666667,0.6,5.0,5.0,2.960594732333751e-17,0.8437860221877891,1.025504730667773,0.8751202111243538,0.050627161331267344,180,0.9,1.0,-0.2,0.01168002338745768,0.010118703963325768
lstm_exec_cs180_v2090_v598_rp-80_pure_prediction_risk_adjusted_mt100,replay_walk_forward_predictions,risk_adjusted,pure_prediction,5,True,False,0.9,0.98,0.03,0.97,0.95,-0.8,0.001,1.0,,0.0,0,none,0.0,8,15,60,0.8090389836669711,0.7204679575095316,0.010211265165414252,0.009367479143226462,0.02403221548424762,0.024057143723671844,-0.06580117897588111,-0.07366286520634191,3.0639905143487858,2.807891640062698,0.6166666666666667,0.6,5.0,5.0,2.960594732333751e-17,0.8437860221877891,1.0255061274774693,0.8751191740898067,0.050627161331267344,180,0.9,0.98,-0.8,0.01168002338745768,0.010118703963325768
lstm_exec_cs180_v2090_v598_rp-50_pure_prediction_risk_adjusted_mt100,replay_walk_forward_predictions,risk_adjusted,pure_prediction,5,True,False,0.9,0.98,0.03,0.97,0.95,-0.5,0.001,1.0,,0.0,0,none,0.0,8,15,60,0.8090389836669711,0.7204679575095316,0.010211265165414252,0.009367479143226462,0.02403221548424762,0.024057143723671844,-0.06580117897588111,-0.07366286520634191,3.0639905143487858,2.807891640062698,0.6166666666666667,0.6,5.0,5.0,2.960594732333751e-17,0.8437860221877891,1.0255061274774693,0.8751191740898067,0.050627161331267344,180,0.9,0.98,-0.5,0.01168002338745768,0.010118703963325768
lstm_exec_cs180_v2090_v598_rp-20_pure_prediction_risk_adjusted_mt100,replay_walk_forward_predictions,risk_adjusted,pure_prediction,5,True,False,0.9,0.98,0.03,0.97,0.95,-0.2,0.001,1.0,,0.0,0,none,0.0,8,15,60,0.8090389836669711,0.7204679575095316,0.010211265165414252,0.009367479143226462,0.02403221548424762,0.024057143723671844,-0.06580117897588111,-0.07366286520634191,3.0639905143487858,2.807891640062698,0.6166666666666667,0.6,5.0,5.0,2.960594732333751e-17,0.8437860221877891,1.0255061274774693,0.8751191740898067,0.050627161331267344,180,0.9,0.98,-0.2,0.01168002338745768,0.010118703963325768
lstm_exec_cs120_v2090_v5100_rp-80_pure_prediction_risk_adjusted_mt100,replay_walk_forward_predictions,risk_adjusted,pure_prediction,5,True,False,0.9,1.0,0.03,0.97,0.95,-0.8,0.001,1.0,,0.0,0,none,0.0,8,15,60,0.808515422992351,0.7200162368393319,0.01020709555430078,0.009363774331936112,0.02406159082721928,0.024086862694545408,-0.0655181980829731,-0.07338010688100605,3.0590002680088877,2.8033180504918715,0.6166666666666667,0.6166666666666667,5.0,5.0,2.0354088784794535e-17,0.8433212223646678,1.0231349006554447,0.8763454953255706,0.050599273341880066,120,0.9,1.0,-0.8,0.01168002338745768,0.010118703963325768
lstm_exec_cs120_v2090_v5100_rp-50_pure_prediction_risk_adjusted_mt100,replay_walk_forward_predictions,risk_adjusted,pure_prediction,5,True,False,0.9,1.0,0.03,0.97,0.95,-0.5,0.001,1.0,,0.0,0,none,0.0,8,15,60,0.808515422992351,0.7200162368393319,0.01020709555430078,0.009363774331936112,0.02406159082721928,0.024086862694545408,-0.0655181980829731,-0.07338010688100605,3.0590002680088877,2.8033180504918715,0.6166666666666667,0.6166666666666667,5.0,5.0,2.0354088784794535e-17,0.8433212223646678,1.0231349006554447,0.8763454953255706,0.050599273341880066,120,0.9,1.0,-0.5,0.01168002338745768,0.010118703963325768
lstm_exec_cs120_v2090_v5100_rp-20_pure_prediction_risk_adjusted_mt100,replay_walk_forward_predictions,risk_adjusted,pure_prediction,5,True,False,0.9,1.0,0.03,0.97,0.95,-0.2,0.001,1.0,,0.0,0,none,0.0,8,15,60,0.808515422992351,0.7200162368393319,0.01020709555430078,0.009363774331936112,0.02406159082721928,0.024086862694545408,-0.0655181980829731,-0.07338010688100605,3.0590002680088877,2.8033180504918715,0.6166666666666667,0.6166666666666667,5.0,5.0,2.0354088784794535e-17,0.8433212223646678,1.0231349006554447,0.8763454953255706,0.050599273341880066,120,0.9,1.0,-0.2,0.01168002338745768,0.010118703963325768
lstm_exec_cs120_v2090_v598_rp-80_pure_prediction_risk_adjusted_mt100,replay_walk_forward_predictions,risk_adjusted,pure_prediction,5,True,False,0.9,0.98,0.03,0.97,0.95,-0.8,0.001,1.0,,0.0,0,none,0.0,8,15,60,0.8084801246905418,0.7199826325719556,0.01020676706664788,0.009363445844283213,0.0240615964076396,0.024086870405836926,-0.0655181980829731,-0.07338010688100582,3.0589011129645343,2.8032188107270453,0.6166666666666667,0.6166666666666667,5.0,5.0,1.850371707708594e-17,0.8433212223646678,1.0231367238978233,0.8763441339030013,0.050599273341880066,120,0.9,0.98,-0.8,0.01168002338745768,0.010118703963325768
lstm_exec_cs120_v2090_v598_rp-50_pure_prediction_risk_adjusted_mt100,replay_walk_forward_predictions,risk_adjusted,pure_prediction,5,True,False,0.9,0.98,0.03,0.97,0.95,-0.5,0.001,1.0,,0.0,0,none,0.0,8,15,60,0.8084801246905418,0.7199826325719556,0.01020676706664788,0.009363445844283213,0.0240615964076396,0.024086870405836926,-0.0655181980829731,-0.07338010688100582,3.0589011129645343,2.8032188107270453,0.6166666666666667,0.6166666666666667,5.0,5.0,1.850371707708594e-17,0.8433212223646678,1.0231367238978233,0.8763441339030013,0.050599273341880066,120,0.9,0.98,-0.5,0.01168002338745768,0.010118703963325768
lstm_exec_cs120_v2090_v598_rp-20_pure_prediction_risk_adjusted_mt100,replay_walk_forward_predictions,risk_adjusted,pure_prediction,5,True,False,0.9,0.98,0.03,0.97,0.95,-0.2,0.001,1.0,,0.0,0,none,0.0,8,15,60,0.8084801246905418,0.7199826325719556,0.01020676706664788,0.009363445844283213,0.0240615964076396,0.024086870405836926,-0.0655181980829731,-0.07338010688100582,3.0589011129645343,2.8032188107270453,0.6166666666666667,0.6166666666666667,5.0,5.0,1.850371707708594e-17,0.8433212223646678,1.0231367238978233,0.8763441339030013,0.050599273341880066,120,0.9,0.98,-0.2,0.01168002338745768,0.010118703963325768
lstm_exec_cs150_v2090_v5100_rp-80_pure_prediction_risk_adjusted_mt100,replay_walk_forward_predictions,risk_adjusted,pure_prediction,5,True,False,0.9,1.0,0.03,0.97,0.95,-0.8,0.001,1.0,,0.0,0,none,0.0,8,15,60,0.8082265339590677,0.7197000992071187,0.010204202953468468,0.00936046602614935,0.024053464288745493,0.024078169698592278,-0.06559059029069758,-0.07344787180417511,3.0591665742872927,2.80333934364565,0.6166666666666667,0.6,5.0,5.0,2.4054832200211726e-17,0.8437369273191173,1.0245945327680648,0.8756970750952452,0.050624215639147055,150,0.9,1.0,-0.8,0.01168002338745768,0.010118703963325768
lstm_exec_cs150_v2090_v5100_rp-50_pure_prediction_risk_adjusted_mt100,replay_walk_forward_predictions,risk_adjusted,pure_prediction,5,True,False,0.9,1.0,0.03,0.97,0.95,-0.5,0.001,1.0,,0.0,0,none,0.0,8,15,60,0.8082265339590677,0.7197000992071187,0.010204202953468468,0.00936046602614935,0.024053464288745493,0.024078169698592278,-0.06559059029069758,-0.07344787180417511,3.0591665742872927,2.80333934364565,0.6166666666666667,0.6,5.0,5.0,2.4054832200211726e-17,0.8437369273191173,1.0245945327680648,0.8756970750952452,0.050624215639147055,150,0.9,1.0,-0.5,0.01168002338745768,0.010118703963325768
lstm_exec_cs150_v2090_v5100_rp-20_pure_prediction_risk_adjusted_mt100,replay_walk_forward_predictions,risk_adjusted,pure_prediction,5,True,False,0.9,1.0,0.03,0.97,0.95,-0.2,0.001,1.0,,0.0,0,none,0.0,8,15,60,0.8082265339590677,0.7197000992071187,0.010204202953468468,0.00936046602614935,0.024053464288745493,0.024078169698592278,-0.06559059029069758,-0.07344787180417511,3.0591665742872927,2.80333934364565,0.6166666666666667,0.6,5.0,5.0,2.4054832200211726e-17,0.8437369273191173,1.0245945327680648,0.8756970750952452,0.050624215639147055,150,0.9,1.0,-0.2,0.01168002338745768,0.010118703963325768
lstm_exec_cs150_v2090_v598_rp-80_pure_prediction_risk_adjusted_mt100,replay_walk_forward_predictions,risk_adjusted,pure_prediction,5,True,False,0.9,0.98,0.03,0.97,0.95,-0.8,0.001,1.0,,0.0,0,none,0.0,8,15,60,0.808196908629631,0.7196718963315145,0.010203927237327558,0.009360190310008442,0.02405346987286947,0.024078177066335294,-0.06559059029069769,-0.07344787180417534,3.0590832058525907,2.803255912427191,0.6166666666666667,0.6,5.0,5.0,2.7755575615628914e-17,0.8437369273191173,1.0245960468847317,0.8756959474728051,0.050624215639147055,150,0.9,0.98,-0.8,0.01168002338745768,0.010118703963325768
lstm_exec_cs150_v2090_v598_rp-50_pure_prediction_risk_adjusted_mt100,replay_walk_forward_predictions,risk_adjusted,pure_prediction,5,True,False,0.9,0.98,0.03,0.97,0.95,-0.5,0.001,1.0,,0.0,0,none,0.0,8,15,60,0.808196908629631,0.7196718963315145,0.010203927237327558,0.009360190310008442,0.02405346987286947,0.024078177066335294,-0.06559059029069769,-0.07344787180417534,3.0590832058525907,2.803255912427191,0.6166666666666667,0.6,5.0,5.0,2.7755575615628914e-17,0.8437369273191173,1.0245960468847317,0.8756959474728051,0.050624215639147055,150,0.9,0.98,-0.5,0.01168002338745768,0.010118703963325768
lstm_exec_cs150_v2090_v598_rp-20_pure_prediction_risk_adjusted_mt100,replay_walk_forward_predictions,risk_adjusted,pure_prediction,5,True,False,0.9,0.98,0.03,0.97,0.95,-0.2,0.001,1.0,,0.0,0,none,0.0,8,15,60,0.808196908629631,0.7196718963315145,0.010203927237327558,0.009360190310008442,0.02405346987286947,0.024078177066335294,-0.06559059029069769,-0.07344787180417534,3.0590832058525907,2.803255912427191,0.6166666666666667,0.6,5.0,5.0,2.7755575615628914e-17,0.8437369273191173,1.0245960468847317,0.8756959474728051,0.050624215639147055,150,0.9,0.98,-0.2,0.01168002338745768,0.010118703963325768
lstm_exec_cs180_v2090_v598_rp-20_risk_adjusted_pred_mt100,replay_walk_forward_predictions,pred,risk_adjusted,5,True,False,0.9,0.98,0.03,0.97,0.95,-0.2,0.001,1.0,,0.0,0,none,0.0,8,15,60,0.8121388266440384,0.7183099263246004,0.010312671936427336,0.009420704282868524,0.027002348290573724,0.02708970778666792,-0.06876042669708338,-0.0771211013130455,2.7540469483394876,2.5077296964851206,0.6166666666666667,0.55,5.0,5.0,2.590520390792032e-17,0.8919676535588127,1.140565036227733,0.8339866386863394,0.05351805921352876,180,0.9,0.98,-0.2,0.01168002338745768,0.010118703963325768
lstm_exec_cs180_v2090_v5100_rp-20_risk_adjusted_pred_mt100,replay_walk_forward_predictions,pred,risk_adjusted,5,True,False,0.9,1.0,0.03,0.97,0.95,-0.2,0.001,1.0,,0.0,0,none,0.0,8,15,60,0.8121388266440384,0.7183099263246004,0.010312671936427336,0.009420704282868524,0.027002348290573724,0.02708970778666792,-0.06876042669708338,-0.0771211013130455,2.7540469483394876,2.5077296964851206,0.6166666666666667,0.55,5.0,5.0,2.590520390792032e-17,0.8919676535588127,1.140565036227733,0.8339866386863394,0.05351805921352876,180,0.9,1.0,-0.2,0.01168002338745768,0.010118703963325768
lstm_exec_cs120_v2090_v598_rp-80_pure_prediction_pred_mt100,replay_walk_forward_predictions,pred,pure_prediction,5,True,False,0.9,0.98,0.03,0.97,0.95,-0.8,0.001,1.0,,0.0,0,none,0.0,8,15,60,0.8050788479699487,0.7178978158482459,0.010184877474957001,0.009352826748874306,0.024481182976437692,0.02450521991593176,-0.06499101506155358,-0.07283541258672621,3.000026428920485,2.752237811314109,0.6,0.6,5.0,5.0,2.4054832200211726e-17,0.832050726082697,1.0060104647419197,0.8802218308388448,0.04992304356496183,120,0.9,0.98,-0.8,0.01168002338745768,0.010118703963325768
lstm_exec_cs120_v2090_v598_rp-50_pure_prediction_pred_mt100,replay_walk_forward_predictions,pred,pure_prediction,5,True,False,0.9,0.98,0.03,0.97,0.95,-0.5,0.001,1.0,,0.0,0,none,0.0,8,15,60,0.8050788479699487,0.7178978158482459,0.010184877474957001,0.009352826748874306,0.024481182976437692,0.02450521991593176,-0.06499101506155358,-0.07283541258672621,3.000026428920485,2.752237811314109,0.6,0.6,5.0,5.0,2.4054832200211726e-17,0.832050726082697,1.0060104647419197,0.8802218308388448,0.04992304356496183,120,0.9,0.98,-0.5,0.01168002338745768,0.010118703963325768
lstm_exec_cs120_v2090_v598_rp-20_pure_prediction_pred_mt100,replay_walk_forward_predictions,pred,pure_prediction,5,True,False,0.9,0.98,0.03,0.97,0.95,-0.2,0.001,1.0,,0.0,0,none,0.0,8,15,60,0.8050788479699487,0.7178978158482459,0.010184877474957001,0.009352826748874306,0.024481182976437692,0.02450521991593176,-0.06499101506155358,-0.07283541258672621,3.000026428920485,2.752237811314109,0.6,0.6,5.0,5.0,2.4054832200211726e-17,0.832050726082697,1.0060104647419197,0.8802218308388448,0.04992304356496183,120,0.9,0.98,-0.2,0.01168002338745768,0.010118703963325768
lstm_exec_cs120_v2090_v5100_rp-80_pure_prediction_pred_mt100,replay_walk_forward_predictions,pred,pure_prediction,5,True,False,0.9,1.0,0.03,0.97,0.95,-0.8,0.001,1.0,,0.0,0,none,0.0,8,15,60,0.8050788479699487,0.7178978158482459,0.010184877474957001,0.009352826748874306,0.024481182976437692,0.02450521991593176,-0.06499101506155358,-0.07283541258672621,3.000026428920485,2.752237811314109,0.6,0.6,5.0,5.0,2.4054832200211726e-17,0.832050726082697,1.0060104647419197,0.8802218308388448,0.04992304356496183,120,0.9,1.0,-0.8,0.01168002338745768,0.010118703963325768
lstm_exec_cs120_v2090_v5100_rp-50_pure_prediction_pred_mt100,replay_walk_forward_predictions,pred,pure_prediction,5,True,False,0.9,1.0,0.03,0.97,0.95,-0.5,0.001,1.0,,0.0,0,none,0.0,8,15,60,0.8050788479699487,0.7178978158482459,0.010184877474957001,0.009352826748874306,0.024481182976437692,0.02450521991593176,-0.06499101506155358,-0.07283541258672621,3.000026428920485,2.752237811314109,0.6,0.6,5.0,5.0,2.4054832200211726e-17,0.832050726082697,1.0060104647419197,0.8802218308388448,0.04992304356496183,120,0.9,1.0,-0.5,0.01168002338745768,0.010118703963325768
lstm_exec_cs120_v2090_v5100_rp-20_pure_prediction_pred_mt100,replay_walk_forward_predictions,pred,pure_prediction,5,True,False,0.9,1.0,0.03,0.97,0.95,-0.2,0.001,1.0,,0.0,0,none,0.0,8,15,60,0.8050788479699487,0.7178978158482459,0.010184877474957001,0.009352826748874306,0.024481182976437692,0.02450521991593176,-0.06499101506155358,-0.07283541258672621,3.000026428920485,2.752237811314109,0.6,0.6,5.0,5.0,2.4054832200211726e-17,0.832050726082697,1.0060104647419197,0.8802218308388448,0.04992304356496183,120,0.9,1.0,-0.2,0.01168002338745768,0.010118703963325768
lstm_exec_cs150_v2090_v598_rp-80_pure_prediction_pred_mt100,replay_walk_forward_predictions,pred,pure_prediction,5,True,False,0.9,0.98,0.03,0.97,0.95,-0.8,0.001,1.0,,0.0,0,none,0.0,8,15,60,0.8050788479699487,0.7178978158482459,0.010184877474957001,0.009352826748874306,0.024481182976437692,0.02450521991593176,-0.06499101506155358,-0.07283541258672621,3.000026428920485,2.752237811314109,0.6,0.6,5.0,5.0,2.4054832200211726e-17,0.832050726082697,1.0060104647419197,0.8802218308388448,0.04992304356496183,150,0.9,0.98,-0.8,0.01168002338745768,0.010118703963325768
lstm_exec_cs150_v2090_v598_rp-50_pure_prediction_pred_mt100,replay_walk_forward_predictions,pred,pure_prediction,5,True,False,0.9,0.98,0.03,0.97,0.95,-0.5,0.001,1.0,,0.0,0,none,0.0,8,15,60,0.8050788479699487,0.7178978158482459,0.010184877474957001,0.009352826748874306,0.024481182976437692,0.02450521991593176,-0.06499101506155358,-0.07283541258672621,3.000026428920485,2.752237811314109,0.6,0.6,5.0,5.0,2.4054832200211726e-17,0.832050726082697,1.0060104647419197,0.8802218308388448,0.04992304356496183,150,0.9,0.98,-0.5,0.01168002338745768,0.010118703963325768
lstm_exec_cs150_v2090_v598_rp-20_pure_prediction_pred_mt100,replay_walk_forward_predictions,pred,pure_prediction,5,True,False,0.9,0.98,0.03,0.97,0.95,-0.2,0.001,1.0,,0.0,0,none,0.0,8,15,60,0.8050788479699487,0.7178978158482459,0.010184877474957001,0.009352826748874306,0.024481182976437692,0.02450521991593176,-0.06499101506155358,-0.07283541258672621,3.000026428920485,2.752237811314109,0.6,0.6,5.0,5.0,2.4054832200211726e-17,0.832050726082697,1.0060104647419197,0.8802218308388448,0.04992304356496183,150,0.9,0.98,-0.2,0.01168002338745768,0.010118703963325768
lstm_exec_cs150_v2090_v5100_rp-80_pure_prediction_pred_mt100,replay_walk_forward_predictions,pred,pure_prediction,5,True,False,0.9,1.0,0.03,0.97,0.95,-0.8,0.001,1.0,,0.0,0,none,0.0,8,15,60,0.8050788479699487,0.7178978158482459,0.010184877474957001,0.009352826748874306,0.024481182976437692,0.02450521991593176,-0.06499101506155358,-0.07283541258672621,3.000026428920485,2.752237811314109,0.6,0.6,5.0,5.0,2.4054832200211726e-17,0.832050726082697,1.0060104647419197,0.8802218308388448,0.04992304356496183,150,0.9,1.0,-0.8,0.01168002338745768,0.010118703963325768
lstm_exec_cs150_v2090_v5100_rp-50_pure_prediction_pred_mt100,replay_walk_forward_predictions,pred,pure_prediction,5,True,False,0.9,1.0,0.03,0.97,0.95,-0.5,0.001,1.0,,0.0,0,none,0.0,8,15,60,0.8050788479699487,0.7178978158482459,0.010184877474957001,0.009352826748874306,0.024481182976437692,0.02450521991593176,-0.06499101506155358,-0.07283541258672621,3.000026428920485,2.752237811314109,0.6,0.6,5.0,5.0,2.4054832200211726e-17,0.832050726082697,1.0060104647419197,0.8802218308388448,0.04992304356496183,150,0.9,1.0,-0.5,0.01168002338745768,0.010118703963325768
lstm_exec_cs150_v2090_v5100_rp-20_pure_prediction_pred_mt100,replay_walk_forward_predictions,pred,pure_prediction,5,True,False,0.9,1.0,0.03,0.97,0.95,-0.2,0.001,1.0,,0.0,0,none,0.0,8,15,60,0.8050788479699487,0.7178978158482459,0.010184877474957001,0.009352826748874306,0.024481182976437692,0.02450521991593176,-0.06499101506155358,-0.07283541258672621,3.000026428920485,2.752237811314109,0.6,0.6,5.0,5.0,2.4054832200211726e-17,0.832050726082697,1.0060104647419197,0.8802218308388448,0.04992304356496183,150,0.9,1.0,-0.2,0.01168002338745768,0.010118703963325768
lstm_exec_cs180_v2090_v598_rp-80_pure_prediction_pred_mt100,replay_walk_forward_predictions,pred,pure_prediction,5,True,False,0.9,0.98,0.03,0.97,0.95,-0.8,0.001,1.0,,0.0,0,none,0.0,8,15,60,0.8050788479699487,0.7178978158482459,0.010184877474957001,0.009352826748874306,0.024481182976437692,0.02450521991593176,-0.06499101506155358,-0.07283541258672621,3.000026428920485,2.752237811314109,0.6,0.6,5.0,5.0,2.4054832200211726e-17,0.832050726082697,1.0060104647419197,0.8802218308388448,0.04992304356496183,180,0.9,0.98,-0.8,0.01168002338745768,0.010118703963325768
lstm_exec_cs180_v2090_v598_rp-50_pure_prediction_pred_mt100,replay_walk_forward_predictions,pred,pure_prediction,5,True,False,0.9,0.98,0.03,0.97,0.95,-0.5,0.001,1.0,,0.0,0,none,0.0,8,15,60,0.8050788479699487,0.7178978158482459,0.010184877474957001,0.009352826748874306,0.024481182976437692,0.02450521991593176,-0.06499101506155358,-0.07283541258672621,3.000026428920485,2.752237811314109,0.6,0.6,5.0,5.0,2.4054832200211726e-17,0.832050726082697,1.0060104647419197,0.8802218308388448,0.04992304356496183,180,0.9,0.98,-0.5,0.01168002338745768,0.010118703963325768
lstm_exec_cs180_v2090_v598_rp-20_pure_prediction_pred_mt100,replay_walk_forward_predictions,pred,pure_prediction,5,True,False,0.9,0.98,0.03,0.97,0.95,-0.2,0.001,1.0,,0.0,0,none,0.0,8,15,60,0.8050788479699487,0.7178978158482459,0.010184877474957001,0.009352826748874306,0.024481182976437692,0.02450521991593176,-0.06499101506155358,-0.07283541258672621,3.000026428920485,2.752237811314109,0.6,0.6,5.0,5.0,2.4054832200211726e-17,0.832050726082697,1.0060104647419197,0.8802218308388448,0.04992304356496183,180,0.9,0.98,-0.2,0.01168002338745768,0.010118703963325768
lstm_exec_cs180_v2090_v5100_rp-80_pure_prediction_pred_mt100,replay_walk_forward_predictions,pred,pure_prediction,5,True,False,0.9,1.0,0.03,0.97,0.95,-0.8,0.001,1.0,,0.0,0,none,0.0,8,15,60,0.8050788479699487,0.7178978158482459,0.010184877474957001,0.009352826748874306,0.024481182976437692,0.02450521991593176,-0.06499101506155358,-0.07283541258672621,3.000026428920485,2.752237811314109,0.6,0.6,5.0,5.0,2.4054832200211726e-17,0.832050726082697,1.0060104647419197,0.8802218308388448,0.04992304356496183,180,0.9,1.0,-0.8,0.01168002338745768,0.010118703963325768
lstm_exec_cs180_v2090_v5100_rp-50_pure_prediction_pred_mt100,replay_walk_forward_predictions,pred,pure_prediction,5,True,False,0.9,1.0,0.03,0.97,0.95,-0.5,0.001,1.0,,0.0,0,none,0.0,8,15,60,0.8050788479699487,0.7178978158482459,0.010184877474957001,0.009352826748874306,0.024481182976437692,0.02450521991593176,-0.06499101506155358,-0.07283541258672621,3.000026428920485,2.752237811314109,0.6,0.6,5.0,5.0,2.4054832200211726e-17,0.832050726082697,1.0060104647419197,0.8802218308388448,0.04992304356496183,180,0.9,1.0,-0.5,0.01168002338745768,0.010118703963325768
lstm_exec_cs180_v2090_v5100_rp-20_pure_prediction_pred_mt100,replay_walk_forward_predictions,pred,pure_prediction,5,True,False,0.9,1.0,0.03,0.97,0.95,-0.2,0.001,1.0,,0.0,0,none,0.0,8,15,60,0.8050788479699487,0.7178978158482459,0.010184877474957001,0.009352826748874306,0.024481182976437692,0.02450521991593176,-0.06499101506155358,-0.07283541258672621,3.000026428920485,2.752237811314109,0.6,0.6,5.0,5.0,2.4054832200211726e-17,0.832050726082697,1.0060104647419197,0.8802218308388448,0.04992304356496183,180,0.9,1.0,-0.2,0.01168002338745768,0.010118703963325768
lstm_exec_cs150_v2086_v598_rp-80_risk_adjusted_risk_adjusted_mt100,replay_walk_forward_predictions,risk_adjusted,risk_adjusted,5,True,False,0.86,0.98,0.03,0.97,0.95,-0.8,0.001,1.0,,0.0,0,none,0.0,8,15,60,0.762485190705132,0.665768942262265,0.009832991140286844,0.008885543392072565,0.026429687864985816,0.026484527048862658,-0.10310718707451971,-0.10557342857787921,2.6828431670172024,2.419320703848752,0.6166666666666667,0.5833333333333334,5.0,5.0,2.590520390792032e-17,0.9474477482142774,1.2757312466638164,0.789791375158,0.05684686489285665,150,0.86,0.98,-0.8,0.01168002338745768,0.010118703963325768
lstm_exec_cs150_v2086_v5100_rp-80_risk_adjusted_risk_adjusted_mt100,replay_walk_forward_predictions,risk_adjusted,risk_adjusted,5,True,False,0.86,1.0,0.03,0.97,0.95,-0.8,0.001,1.0,,0.0,0,none,0.0,8,15,60,0.762485190705132,0.665768942262265,0.009832991140286844,0.008885543392072565,0.026429687864985816,0.026484527048862658,-0.10310718707451971,-0.10557342857787921,2.6828431670172024,2.419320703848752,0.6166666666666667,0.5833333333333334,5.0,5.0,2.590520390792032e-17,0.9474477482142774,1.2757312466638164,0.789791375158,0.05684686489285665,150,0.86,1.0,-0.8,0.01168002338745768,0.010118703963325768
lstm_exec_cs150_v2086_v598_rp-80_risk_adjusted_pred_mt100,replay_walk_forward_predictions,pred,risk_adjusted,5,True,False,0.86,0.98,0.03,0.97,0.95,-0.8,0.001,1.0,,0.0,0,none,0.0,8,15,60,0.7610226745590778,0.664963895941749,0.009821563916867032,0.00888010749034012,0.026520439091892004,0.02658101036155136,-0.10563161312064373,-0.10810287577040167,2.6705555051188763,2.409064399927082,0.6,0.5666666666666667,5.0,5.0,2.2204460492503132e-17,0.9414564265269117,1.267227356387906,0.7917038237247865,0.05648738559161471,150,0.86,0.98,-0.8,0.01168002338745768,0.010118703963325768
lstm_exec_cs150_v2086_v5100_rp-80_risk_adjusted_pred_mt100,replay_walk_forward_predictions,pred,risk_adjusted,5,True,False,0.86,1.0,0.03,0.97,0.95,-0.8,0.001,1.0,,0.0,0,none,0.0,8,15,60,0.7610226745590778,0.664963895941749,0.009821563916867032,0.00888010749034012,0.026520439091892004,0.02658101036155136,-0.10563161312064373,-0.10810287577040167,2.6705555051188763,2.409064399927082,0.6,0.5666666666666667,5.0,5.0,2.2204460492503132e-17,0.9414564265269117,1.267227356387906,0.7917038237247865,0.05648738559161471,150,0.86,1.0,-0.8,0.01168002338745768,0.010118703963325768
lstm_exec_cs120_v2086_v598_rp-80_risk_adjusted_risk_adjusted_mt100,replay_walk_forward_predictions,risk_adjusted,risk_adjusted,5,True,False,0.86,0.98,0.03,0.97,0.95,-0.8,0.001,1.0,,0.0,0,none,0.0,8,15,60,0.7441502901992847,0.6491352919064939,0.009647011828463907,0.008707114800839197,0.02610158987276713,0.026169467844540124,-0.09332800195130686,-0.09582765686268468,2.6651859884462104,2.399280647376789,0.65,0.6,5.0,5.0,2.960594732333751e-17,0.9398970276247092,1.263680566777844,0.7898434530394474,0.05639382165748255,120,0.86,0.98,-0.8,0.01168002338745768,0.010118703963325768
lstm_exec_cs120_v2086_v5100_rp-80_risk_adjusted_risk_adjusted_mt100,replay_walk_forward_predictions,risk_adjusted,risk_adjusted,5,True,False,0.86,1.0,0.03,0.97,0.95,-0.8,0.001,1.0,,0.0,0,none,0.0,8,15,60,0.7441502901992847,0.6491352919064939,0.009647011828463907,0.008707114800839197,0.02610158987276713,0.026169467844540124,-0.09332800195130686,-0.09582765686268468,2.6651859884462104,2.399280647376789,0.65,0.6,5.0,5.0,2.960594732333751e-17,0.9398970276247092,1.263680566777844,0.7898434530394474,0.05639382165748255,120,0.86,1.0,-0.8,0.01168002338745768,0.010118703963325768
lstm_exec_cs120_v2086_v598_rp-80_risk_adjusted_pred_mt100,replay_walk_forward_predictions,pred,risk_adjusted,5,True,False,0.86,0.98,0.03,0.97,0.95,-0.8,0.001,1.0,,0.0,0,none,0.0,8,15,60,0.7336883543828494,0.6396774038200199,0.009552054379079826,0.008616854995400556,0.026335775487064575,0.02640908829085674,-0.09668037916490091,-0.09916822159451111,2.615485681574773,2.3528652088994035,0.6166666666666667,0.55,5.0,5.0,2.7755575615628914e-17,0.9351993836792672,1.2569302672994844,0.7911952373900207,0.05611196302075604,120,0.86,0.98,-0.8,0.01168002338745768,0.010118703963325768
lstm_exec_cs120_v2086_v5100_rp-80_risk_adjusted_pred_mt100,replay_walk_forward_predictions,pred,risk_adjusted,5,True,False,0.86,1.0,0.03,0.97,0.95,-0.8,0.001,1.0,,0.0,0,none,0.0,8,15,60,0.7336883543828494,0.6396774038200199,0.009552054379079826,0.008616854995400556,0.026335775487064575,0.02640908829085674,-0.09668037916490091,-0.09916822159451111,2.615485681574773,2.3528652088994035,0.6166666666666667,0.55,5.0,5.0,2.7755575615628914e-17,0.9351993836792672,1.2569302672994844,0.7911952373900207,0.05611196302075604,120,0.86,1.0,-0.8,0.01168002338745768,0.010118703963325768
lstm_exec_cs150_v2090_v5100_rp-50_risk_adjusted_risk_adjusted_mt100,replay_walk_forward_predictions,risk_adjusted,risk_adjusted,5,True,False,0.9,1.0,0.03,0.97,0.95,-0.5,0.001,1.0,,0.0,0,none,0.0,8,15,60,0.7286478996206909,0.6352361144658198,0.009478332010474735,0.008546072267730692,0.025421678745703644,0.025480462762267685,-0.07295643010121877,-0.07560342076454962,2.688619615682459,2.4185825864005253,0.6,0.5833333333333334,5.0,5.0,2.2204460492503132e-17,0.9322597427440419,1.2568845727166347,0.7904273319142855,0.0559355845646425,150,0.9,1.0,-0.5,0.01168002338745768,0.010118703963325768
lstm_exec_cs150_v2090_v598_rp-50_risk_adjusted_risk_adjusted_mt100,replay_walk_forward_predictions,risk_adjusted,risk_adjusted,5,True,False,0.9,0.98,0.03,0.97,0.95,-0.5,0.001,1.0,,0.0,0,none,0.0,8,15,60,0.7286357685209977,0.6352244991874036,0.009478211676319103,0.00854595058825069,0.025421587300042937,0.025480370883340108,-0.07295643010121877,-0.07560342076454973,2.688595153034547,2.418556871451659,0.6,0.5833333333333334,5.0,5.0,2.4054832200211726e-17,0.9322610880684115,1.256888005591377,0.7904263118833137,0.05593566528410469,150,0.9,0.98,-0.5,0.01168002338745768,0.010118703963325768
lstm_exec_cs150_v2086_v598_rp-50_risk_adjusted_pred_mt100,replay_walk_forward_predictions,pred,risk_adjusted,5,True,False,0.86,0.98,0.03,0.97,0.95,-0.5,0.001,1.0,,0.0,0,none,0.0,8,15,60,0.7256102028763782,0.63251388644043,0.009458054489359598,0.008528227511392766,0.025733621417938647,0.025824040616174663,-0.08726420564538806,-0.09006222189288438,2.650346010277947,2.381421407917855,0.65,0.6,5.0,5.0,3.515706244646329e-17,0.929826977966831,1.234342068902222,0.7991544665189934,0.05578961867800986,150,0.86,0.98,-0.5,0.01168002338745768,0.010118703963325768
lstm_exec_cs150_v2086_v5100_rp-50_risk_adjusted_pred_mt100,replay_walk_forward_predictions,pred,risk_adjusted,5,True,False,0.86,1.0,0.03,0.97,0.95,-0.5,0.001,1.0,,0.0,0,none,0.0,8,15,60,0.7256102028763782,0.63251388644043,0.009458054489359598,0.008528227511392766,0.025733621417938647,0.025824040616174663,-0.08726420564538806,-0.09006222189288438,2.650346010277947,2.381421407917855,0.65,0.6,5.0,5.0,3.515706244646329e-17,0.929826977966831,1.234342068902222,0.7991544665189934,0.05578961867800986,150,0.86,1.0,-0.5,0.01168002338745768,0.010118703963325768
lstm_exec_cs150_v2086_v598_rp-50_risk_adjusted_risk_adjusted_mt100,replay_walk_forward_predictions,risk_adjusted,risk_adjusted,5,True,False,0.86,0.98,0.03,0.97,0.95,-0.5,0.001,1.0,,0.0,0,none,0.0,8,15,60,0.7255786889972011,0.6319340197105212,0.009453022655460363,0.008517257488428931,0.0255502780598392,0.025630231950618892,-0.0843201712395042,-0.08707912026624565,2.6679441853870456,2.3963426207009886,0.65,0.6166666666666667,5.0,5.0,1.6653345369377347e-17,0.9357651670314339,1.2441820514513906,0.797440037771291,0.05614591002188604,150,0.86,0.98,-0.5,0.01168002338745768,0.010118703963325768
lstm_exec_cs150_v2086_v5100_rp-50_risk_adjusted_risk_adjusted_mt100,replay_walk_forward_predictions,risk_adjusted,risk_adjusted,5,True,False,0.86,1.0,0.03,0.97,0.95,-0.5,0.001,1.0,,0.0,0,none,0.0,8,15,60,0.7255786889972011,0.6319340197105212,0.009453022655460363,0.008517257488428931,0.0255502780598392,0.025630231950618892,-0.0843201712395042,-0.08707912026624565,2.6679441853870456,2.3963426207009886,0.65,0.6166666666666667,5.0,5.0,1.6653345369377347e-17,0.9357651670314339,1.2441820514513906,0.797440037771291,0.05614591002188604,150,0.86,1.0,-0.5,0.01168002338745768,0.010118703963325768
lstm_exec_cs150_v2090_v5100_rp-20_risk_adjusted_risk_adjusted_mt100,replay_walk_forward_predictions,risk_adjusted,risk_adjusted,5,True,False,0.9,1.0,0.03,0.97,0.95,-0.2,0.001,1.0,,0.0,0,none,0.0,8,15,60,0.7211539113788774,0.6297203589058094,0.00943556417728912,0.008519100164768739,0.026623575640768234,0.02665674293513764,-0.07920004052854435,-0.08446972858950241,2.5556605103074306,2.3045615542474227,0.6,0.5833333333333334,5.0,5.0,7.401486830834377e-18,0.9164640125203791,1.17766760312525,0.8273231292940096,0.05498784075122275,150,0.9,1.0,-0.2,0.01168002338745768,0.010118703963325768
lstm_exec_cs150_v2090_v598_rp-20_risk_adjusted_risk_adjusted_mt100,replay_walk_forward_predictions,risk_adjusted,risk_adjusted,5,True,False,0.9,0.98,0.03,0.97,0.95,-0.2,0.001,1.0,,0.0,0,none,0.0,8,15,60,0.7211306739644874,0.6296983344322806,0.009435333774941445,0.008518869762421066,0.026623450305828602,0.02665661847817542,-0.07920004052854446,-0.08446972858950241,2.5556101358673833,2.304509985957624,0.6,0.5833333333333334,5.0,5.0,9.25185853854297e-18,0.9164640125203791,1.1776725861289847,0.8273183864641275,0.05498784075122275,150,0.9,0.98,-0.2,0.01168002338745768,0.010118703963325768
lstm_exec_cs180_v2086_v598_rp-50_risk_adjusted_risk_adjusted_mt100,replay_walk_forward_predictions,risk_adjusted,risk_adjusted,5,True,False,0.86,0.98,0.03,0.97,0.95,-0.5,0.001,1.0,,0.0,0,none,0.0,8,15,60,0.7215222154964229,0.6279609034430309,0.009450453323171466,0.00851326415425954,0.02693702522283071,0.027010357728126492,-0.12040314047739875,-0.1229263995788965,2.529907720039849,2.2728325732457026,0.65,0.5833333333333334,5.0,5.0,2.0354088784794535e-17,0.9371891689119243,1.2390945721266815,0.8027393031344924,0.05623135013471546,180,0.86,0.98,-0.5,0.01168002338745768,0.010118703963325768
lstm_exec_cs180_v2086_v5100_rp-50_risk_adjusted_risk_adjusted_mt100,replay_walk_forward_predictions,risk_adjusted,risk_adjusted,5,True,False,0.86,1.0,0.03,0.97,0.95,-0.5,0.001,1.0,,0.0,0,none,0.0,8,15,60,0.7215222154964229,0.6279609034430309,0.009450453323171466,0.00851326415425954,0.02693702522283071,0.027010357728126492,-0.12040314047739875,-0.1229263995788965,2.529907720039849,2.2728325732457026,0.65,0.5833333333333334,5.0,5.0,2.0354088784794535e-17,0.9371891689119243,1.2390945721266815,0.8027393031344924,0.05623135013471546,180,0.86,1.0,-0.5,0.01168002338745768,0.010118703963325768
lstm_exec_cs180_v2086_v598_rp-50_risk_adjusted_pred_mt100,replay_walk_forward_predictions,pred,risk_adjusted,5,True,False,0.86,0.98,0.03,0.97,0.95,-0.5,0.001,1.0,,0.0,0,none,0.0,8,15,60,0.7185222864526775,0.6257705650281604,0.009424924703437136,0.008494617358555908,0.02707940007631677,0.027159125543040133,-0.12119914587883396,-0.12364731272766472,2.50980813384784,2.25543185498979,0.6166666666666667,0.55,5.0,5.0,3.3306690738754695e-17,0.9303073448812295,1.231930293772622,0.8030012086775585,0.055818440692873755,180,0.86,0.98,-0.5,0.01168002338745768,0.010118703963325768
lstm_exec_cs180_v2086_v5100_rp-50_risk_adjusted_pred_mt100,replay_walk_forward_predictions,pred,risk_adjusted,5,True,False,0.86,1.0,0.03,0.97,0.95,-0.5,0.001,1.0,,0.0,0,none,0.0,8,15,60,0.7185222864526775,0.6257705650281604,0.009424924703437136,0.008494617358555908,0.02707940007631677,0.027159125543040133,-0.12119914587883396,-0.12364731272766472,2.50980813384784,2.25543185498979,0.6166666666666667,0.55,5.0,5.0,3.3306690738754695e-17,0.9303073448812295,1.231930293772622,0.8030012086775585,0.055818440692873755,180,0.86,1.0,-0.5,0.01168002338745768,0.010118703963325768
lstm_exec_cs180_v2090_v598_rp-80_risk_adjusted_pred_mt100,replay_walk_forward_predictions,pred,risk_adjusted,5,True,False,0.9,0.98,0.03,0.97,0.95,-0.8,0.001,1.0,,0.0,0,none,0.0,8,15,60,0.7122324381852794,0.6193522521742698,0.009344628962354674,0.008408389297237286,0.026427161247629297,0.02646437692963032,-0.08850680719108162,-0.09115157982635802,2.5498416994733466,2.2911462329806795,0.5666666666666667,0.5666666666666667,5.0,5.0,1.5759615834554096e-14,0.9362396651173904,1.2382052505174848,0.805439217611432,0.05617437990704343,180,0.9,0.98,-0.8,0.01168002338745768,0.010118703963325768
lstm_exec_cs180_v2090_v5100_rp-80_risk_adjusted_pred_mt100,replay_walk_forward_predictions,pred,risk_adjusted,5,True,False,0.9,1.0,0.03,0.97,0.95,-0.8,0.001,1.0,,0.0,0,none,0.0,8,15,60,0.7122324381852794,0.6193522521742698,0.009344628962354674,0.008408389297237286,0.026427161247629297,0.02646437692963032,-0.08850680719108162,-0.09115157982635802,2.5498416994733466,2.2911462329806795,0.5666666666666667,0.5666666666666667,5.0,5.0,1.5759615834554096e-14,0.9362396651173904,1.2382052505174848,0.805439217611432,0.05617437990704343,180,0.9,1.0,-0.8,0.01168002338745768,0.010118703963325768
lstm_exec_cs180_v2090_v5100_rp-80_risk_adjusted_risk_adjusted_mt100,replay_walk_forward_predictions,risk_adjusted,risk_adjusted,5,True,False,0.9,1.0,0.03,0.97,0.95,-0.8,0.001,1.0,,0.0,0,none,0.0,8,15,60,0.7112577011807266,0.6180407594714026,0.009331197670505284,0.008390777466453812,0.026285684679021298,0.02631738726399541,-0.08404379258080141,-0.08667479274856527,2.5598809445772908,2.2991171648483832,0.5833333333333334,0.5833333333333334,5.0,5.0,2.2204460492503132e-17,0.9404202040514746,1.2455850009921767,0.8027931974140597,0.05642521224308848,180,0.9,1.0,-0.8,0.01168002338745768,0.010118703963325768
lstm_exec_cs180_v2090_v598_rp-80_risk_adjusted_risk_adjusted_mt100,replay_walk_forward_predictions,risk_adjusted,risk_adjusted,5,True,False,0.9,0.98,0.03,0.97,0.95,-0.8,0.001,1.0,,0.0,0,none,0.0,8,15,60,0.7112432939819147,0.6180269442600785,0.00933105257568912,0.00839063052056242,0.0262855482971594,0.026317251933932494,-0.08404379258080141,-0.08667479274856538,2.559854421551725,2.2990887233445525,0.5833333333333334,0.5833333333333334,5.0,5.0,2.2204460492503132e-17,0.9404220551267052,1.2455890125769336,0.8027914399888452,0.05642532330760231,180,0.9,0.98,-0.8,0.01168002338745768,0.010118703963325768
lstm_exec_cs150_v2090_v598_rp-50_risk_adjusted_pred_mt100,replay_walk_forward_predictions,pred,risk_adjusted,5,True,False,0.9,0.98,0.03,0.97,0.95,-0.5,0.001,1.0,,0.0,0,none,0.0,8,15,60,0.7073499582104155,0.6155110178958865,0.009271915893567845,0.008344466311032583,0.02549500004479486,0.025563029791685184,-0.07776779514067045,-0.08043256917824004,2.622503872705317,2.353899470914511,0.5833333333333334,0.5833333333333334,5.0,5.0,2.4054832200211726e-17,0.9274495825352606,1.2483980161768522,0.7924012055613033,0.05564697495211563,150,0.9,0.98,-0.5,0.01168002338745768,0.010118703963325768
lstm_exec_cs150_v2090_v5100_rp-50_risk_adjusted_pred_mt100,replay_walk_forward_predictions,pred,risk_adjusted,5,True,False,0.9,1.0,0.03,0.97,0.95,-0.5,0.001,1.0,,0.0,0,none,0.0,8,15,60,0.7073499582104155,0.6155110178958865,0.009271915893567845,0.008344466311032583,0.02549500004479486,0.025563029791685184,-0.07776779514067045,-0.08043256917824004,2.622503872705317,2.353899470914511,0.5833333333333334,0.5833333333333334,5.0,5.0,2.4054832200211726e-17,0.9274495825352606,1.2483980161768522,0.7924012055613033,0.05564697495211563,150,0.9,1.0,-0.5,0.01168002338745768,0.010118703963325768
lstm_exec_cs120_v2086_v598_rp-50_risk_adjusted_risk_adjusted_mt100,replay_walk_forward_predictions,risk_adjusted,risk_adjusted,5,True,False,0.86,0.98,0.03,0.97,0.95,-0.5,0.001,1.0,,0.0,0,none,0.0,8,15,60,0.7022043963166069,0.6131628855739326,0.009221810856607528,0.008321250758097634,0.02545690239093427,0.025546849307026456,-0.095826180048312,-0.09835625754166355,2.612235486118676,2.3488373007361507,0.6333333333333333,0.6166666666666667,5.0,5.0,3.3306690738754695e-17,0.9005600985098947,1.1858892175486995,0.8158058492805107,0.054033605910593696,120,0.86,0.98,-0.5,0.01168002338745768,0.010118703963325768
lstm_exec_cs120_v2086_v5100_rp-50_risk_adjusted_risk_adjusted_mt100,replay_walk_forward_predictions,risk_adjusted,risk_adjusted,5,True,False,0.86,1.0,0.03,0.97,0.95,-0.5,0.001,1.0,,0.0,0,none,0.0,8,15,60,0.7022043963166069,0.6131628855739326,0.009221810856607528,0.008321250758097634,0.02545690239093427,0.025546849307026456,-0.095826180048312,-0.09835625754166355,2.612235486118676,2.3488373007361507,0.6333333333333333,0.6166666666666667,5.0,5.0,3.3306690738754695e-17,0.9005600985098947,1.1858892175486995,0.8158058492805107,0.054033605910593696,120,0.86,1.0,-0.5,0.01168002338745768,0.010118703963325768
lstm_exec_cs150_v2090_v598_rp-20_risk_adjusted_pred_mt100,replay_walk_forward_predictions,pred,risk_adjusted,5,True,False,0.9,0.98,0.03,0.97,0.95,-0.2,0.001,1.0,,0.0,0,none,0.0,8,15,60,0.702575504480311,0.6130649437810944,0.00925334259774075,0.008347155342144209,0.026627240741609274,0.026674639816258408,-0.07603913700432385,-0.08131837417312382,2.505960082709872,2.256532556591095,0.5833333333333334,0.55,5.0,5.0,2.590520390792032e-17,0.9061872555965408,1.1648900788487124,0.8286696915786865,0.05437123533579245,150,0.9,0.98,-0.2,0.01168002338745768,0.010118703963325768
lstm_exec_cs150_v2090_v5100_rp-20_risk_adjusted_pred_mt100,replay_walk_forward_predictions,pred,risk_adjusted,5,True,False,0.9,1.0,0.03,0.97,0.95,-0.2,0.001,1.0,,0.0,0,none,0.0,8,15,60,0.702575504480311,0.6130649437810944,0.00925334259774075,0.008347155342144209,0.026627240741609274,0.026674639816258408,-0.07603913700432385,-0.08131837417312382,2.505960082709872,2.256532556591095,0.5833333333333334,0.55,5.0,5.0,2.590520390792032e-17,0.9061872555965408,1.1648900788487124,0.8286696915786865,0.05437123533579245,150,0.9,1.0,-0.2,0.01168002338745768,0.010118703963325768
lstm_exec_cs120_v2086_v598_rp-50_risk_adjusted_pred_mt100,replay_walk_forward_predictions,pred,risk_adjusted,5,True,False,0.86,0.98,0.03,0.97,0.95,-0.5,0.001,1.0,,0.0,0,none,0.0,8,15,60,0.6982845954124968,0.6101925791103886,0.009186622753092365,0.00829407416217439,0.025598955414745415,0.02569700818021669,-0.09915928552252362,-0.10164938232850074,2.587827420921979,2.3274857107484967,0.6166666666666667,0.6,5.0,5.0,2.2204460492503132e-17,0.8925485909179744,1.173797972656231,0.8180876799345724,0.05355291545507847,120,0.86,0.98,-0.5,0.01168002338745768,0.010118703963325768
lstm_exec_cs120_v2086_v5100_rp-50_risk_adjusted_pred_mt100,replay_walk_forward_predictions,pred,risk_adjusted,5,True,False,0.86,1.0,0.03,0.97,0.95,-0.5,0.001,1.0,,0.0,0,none,0.0,8,15,60,0.6982845954124968,0.6101925791103886,0.009186622753092365,0.00829407416217439,0.025598955414745415,0.02569700818021669,-0.09915928552252362,-0.10164938232850074,2.587827420921979,2.3274857107484967,0.6166666666666667,0.6,5.0,5.0,2.2204460492503132e-17,0.8925485909179744,1.173797972656231,0.8180876799345724,0.05355291545507847,120,0.86,1.0,-0.5,0.01168002338745768,0.010118703963325768
lstm_exec_cs150_v2090_v5100_rp-80_risk_adjusted_risk_adjusted_mt100,replay_walk_forward_predictions,risk_adjusted,risk_adjusted,5,True,False,0.9,1.0,0.03,0.97,0.95,-0.8,0.001,1.0,,0.0,0,none,0.0,8,15,60,0.6949024514837367,0.6044611700405125,0.00916753735432636,0.00824742826202272,0.02619710408682975,0.026246265499934262,-0.08390133196441263,-0.0865282614537245,2.5234870152974387,2.265962408214475,0.5833333333333334,0.5833333333333334,5.0,5.0,1.850371707708594e-17,0.9201090923036355,1.227095545031648,0.8014623030050424,0.055206545538218126,150,0.9,1.0,-0.8,0.01168002338745768,0.010118703963325768
lstm_exec_cs150_v2090_v598_rp-80_risk_adjusted_risk_adjusted_mt100,replay_walk_forward_predictions,risk_adjusted,risk_adjusted,5,True,False,0.9,0.98,0.03,0.97,0.95,-0.8,0.001,1.0,,0.0,0,none,0.0,8,15,60,0.6948844025353154,0.6044445870303585,0.00916735409521782,0.00824725040227613,0.026196940587221957,0.02624610131929319,-0.08390133196441274,-0.0865282614537245,2.5234523199831225,2.265927715911019,0.5833333333333334,0.5833333333333334,5.0,5.0,1.850371707708594e-17,0.9201036929416875,1.2270924825880956,0.8014605941113894,0.05520622157650125,150,0.9,0.98,-0.8,0.01168002338745768,0.010118703963325768
lstm_exec_cs150_v2090_v598_rp-80_risk_adjusted_pred_mt100,replay_walk_forward_predictions,pred,risk_adjusted,5,True,False,0.9,0.98,0.03,0.97,0.95,-0.8,0.001,1.0,,0.0,0,none,0.0,8,15,60,0.6925523304202155,0.6025686899186742,0.009149138517567356,0.00823274607015154,0.02638091766409846,0.02643805855582544,-0.08850680719108162,-0.09115157982635813,2.5008749484332244,2.2455195059900084,0.5666666666666667,0.5666666666666667,5.0,5.0,2.0354088784794535e-17,0.916392447415818,1.2212302992070205,0.8038385214538477,0.05498354684494909,150,0.9,0.98,-0.8,0.01168002338745768,0.010118703963325768
lstm_exec_cs150_v2090_v5100_rp-80_risk_adjusted_pred_mt100,replay_walk_forward_predictions,pred,risk_adjusted,5,True,False,0.9,1.0,0.03,0.97,0.95,-0.8,0.001,1.0,,0.0,0,none,0.0,8,15,60,0.6925523304202155,0.6025686899186742,0.009149138517567356,0.00823274607015154,0.02638091766409846,0.02643805855582544,-0.08850680719108162,-0.09115157982635813,2.5008749484332244,2.2455195059900084,0.5666666666666667,0.5666666666666667,5.0,5.0,2.0354088784794535e-17,0.916392447415818,1.2212302992070205,0.8038385214538477,0.05498354684494909,150,0.9,1.0,-0.8,0.01168002338745768,0.010118703963325768
lstm_exec_cs120_v2090_v5100_rp-20_risk_adjusted_risk_adjusted_mt100,replay_walk_forward_predictions,risk_adjusted,risk_adjusted,5,True,False,0.9,1.0,0.03,0.97,0.95,-0.2,0.001,1.0,,0.0,0,none,0.0,8,15,60,0.668775589965662,0.5825129483102733,0.008890943919063903,0.008000522859466773,0.025573682113223185,0.025618581807173642,-0.07649346846054927,-0.08653481102444682,2.507011234872926,2.251982222704597,0.5833333333333334,0.5333333333333333,5.0,5.0,1.6653345369377347e-17,0.8904210595971319,1.115874857540362,0.8483039017534774,0.053425263575827914,120,0.9,1.0,-0.2,0.01168002338745768,0.010118703963325768
lstm_exec_cs120_v2090_v598_rp-20_risk_adjusted_risk_adjusted_mt100,replay_walk_forward_predictions,risk_adjusted,risk_adjusted,5,True,False,0.9,0.98,0.03,0.97,0.95,-0.2,0.001,1.0,,0.0,0,none,0.0,8,15,60,0.6687477345313217,0.5824865069655039,0.008890659006177441,0.00800023794658031,0.025573512582990787,0.025618413792738017,-0.07649346846054927,-0.08653481102444682,2.5069475157479206,2.25191679435553,0.5833333333333334,0.5333333333333333,5.0,5.0,1.4802973661668754e-17,0.8904210595971319,1.115881018898326,0.848297986052343,0.053425263575827914,120,0.9,0.98,-0.2,0.01168002338745768,0.010118703963325768
lstm_exec_cs120_v2090_v5100_rp-80_risk_adjusted_risk_adjusted_mt100,replay_walk_forward_predictions,risk_adjusted,risk_adjusted,5,True,False,0.9,1.0,0.03,0.97,0.95,-0.8,0.001,1.0,,0.0,0,none,0.0,8,15,60,0.6686815320089041,0.5785663688163485,0.008887986350607387,0.007957046800449277,0.025509867253233457,0.02557453216190833,-0.08376067358497752,-0.08638182897680469,2.5124466705076287,2.243602350858861,0.6,0.5666666666666667,5.0,5.0,2.2204460492503132e-17,0.9309395501581101,1.23060659678649,0.804229673465962,0.055856373009486614,120,0.9,1.0,-0.8,0.01168002338745768,0.010118703963325768
lstm_exec_cs120_v2090_v598_rp-80_risk_adjusted_risk_adjusted_mt100,replay_walk_forward_predictions,risk_adjusted,risk_adjusted,5,True,False,0.9,0.98,0.03,0.97,0.95,-0.8,0.001,1.0,,0.0,0,none,0.0,8,15,60,0.6686637937961848,0.5785503106756156,0.008887804131884615,0.007956872389089726,0.025509727356982908,0.025574391090522588,-0.08376067358497752,-0.0863818289768048,2.5124089391742346,2.2435655488054422,0.6,0.5666666666666667,5.0,5.0,2.2204460492503132e-17,0.9309317427948918,1.2306010797268039,0.8042285334187739,0.05585590456769351,120,0.9,0.98,-0.8,0.01168002338745768,0.010118703963325768
lstm_exec_cs120_v2090_v598_rp-20_risk_adjusted_pred_mt100,replay_walk_forward_predictions,pred,risk_adjusted,5,True,False,0.9,0.98,0.03,0.97,0.95,-0.2,0.001,1.0,,0.0,0,none,0.0,8,15,60,0.6570229804228538,0.5722313513738286,0.008775188051685433,0.007894278608053466,0.025700422284312626,0.02575234344635198,-0.07128733522078201,-0.08143481289274257,2.4621689186409403,2.210534848094945,0.5666666666666667,0.5166666666666667,5.0,5.0,2.0354088784794535e-17,0.8809094436319683,1.1073251264118176,0.8486628939253803,0.0528545666179181,120,0.9,0.98,-0.2,0.01168002338745768,0.010118703963325768
lstm_exec_cs120_v2090_v5100_rp-20_risk_adjusted_pred_mt100,replay_walk_forward_predictions,pred,risk_adjusted,5,True,False,0.9,1.0,0.03,0.97,0.95,-0.2,0.001,1.0,,0.0,0,none,0.0,8,15,60,0.6570229804228538,0.5722313513738286,0.008775188051685433,0.007894278608053466,0.025700422284312626,0.02575234344635198,-0.07128733522078201,-0.08143481289274257,2.4621689186409403,2.210534848094945,0.5666666666666667,0.5166666666666667,5.0,5.0,2.0354088784794535e-17,0.8809094436319683,1.1073251264118176,0.8486628939253803,0.0528545666179181,120,0.9,1.0,-0.2,0.01168002338745768,0.010118703963325768
lstm_exec_cs120_v2090_v598_rp-80_risk_adjusted_pred_mt100,replay_walk_forward_predictions,pred,risk_adjusted,5,True,False,0.9,0.98,0.03,0.97,0.95,-0.8,0.001,1.0,,0.0,0,none,0.0,8,15,60,0.6491665054227929,0.5604828726434481,0.008694691997068321,0.007768186762672889,0.02567279543344978,0.02574460539824775,-0.08850680719108173,-0.09115157982635813,2.442208360290252,2.175880753029841,0.5666666666666667,0.55,5.0,5.0,2.7755575615628914e-17,0.9265052343954332,1.2206545323714904,0.8080273546175692,0.055590314063726005,120,0.9,0.98,-0.8,0.01168002338745768,0.010118703963325768
lstm_exec_cs120_v2090_v5100_rp-80_risk_adjusted_pred_mt100,replay_walk_forward_predictions,pred,risk_adjusted,5,True,False,0.9,1.0,0.03,0.97,0.95,-0.8,0.001,1.0,,0.0,0,none,0.0,8,15,60,0.6491665054227929,0.5604828726434481,0.008694691997068321,0.007768186762672889,0.02567279543344978,0.02574460539824775,-0.08850680719108173,-0.09115157982635813,2.442208360290252,2.175880753029841,0.5666666666666667,0.55,5.0,5.0,2.7755575615628914e-17,0.9265052343954332,1.2206545323714904,0.8080273546175692,0.055590314063726005,120,0.9,1.0,-0.8,0.01168002338745768,0.010118703963325768
lstm_exec_cs120_v2090_v5100_rp-50_risk_adjusted_risk_adjusted_mt100,replay_walk_forward_predictions,risk_adjusted,risk_adjusted,5,True,False,0.9,1.0,0.03,0.97,0.95,-0.5,0.001,1.0,,0.0,0,none,0.0,8,15,60,0.6386785554176655,0.5512998292341966,0.008571284075318462,0.007652742904396632,0.025048286860411245,0.02511603237040642,-0.06970551200649688,-0.08093172232322443,2.467570289525283,2.1971907451637653,0.6,0.5833333333333334,5.0,5.0,1.1102230246251566e-17,0.9185411709218286,1.2330021517927676,0.7959778842715477,0.05511247025530973,120,0.9,1.0,-0.5,0.01168002338745768,0.010118703963325768
lstm_exec_cs120_v2090_v598_rp-50_risk_adjusted_risk_adjusted_mt100,replay_walk_forward_predictions,risk_adjusted,risk_adjusted,5,True,False,0.9,0.98,0.03,0.97,0.95,-0.5,0.001,1.0,,0.0,0,none,0.0,8,15,60,0.638655150850163,0.5512779467634548,0.008571040687794322,0.007652502782125497,0.025048152109403924,0.025115901348528626,-0.069705512006497,-0.08093172232322443,2.4675134955227622,2.197133264994347,0.6,0.5833333333333334,5.0,5.0,1.295260195396016e-17,0.9185379056688247,1.2330044379752365,0.7959733579750803,0.05511227434012949,120,0.9,0.98,-0.5,0.01168002338745768,0.010118703963325768
lstm_exec_cs120_v2090_v598_rp-50_risk_adjusted_pred_mt100,replay_walk_forward_predictions,pred,risk_adjusted,5,True,False,0.9,0.98,0.03,0.97,0.95,-0.5,0.001,1.0,,0.0,0,none,0.0,8,15,60,0.62484514172569,0.5387462549992845,0.008431914501923392,0.007519633187730073,0.025165023888004297,0.02524135832208064,-0.075152960303831,-0.08451047253358579,2.4161868649371816,2.1482538843659693,0.6,0.5666666666666667,5.0,5.0,1.850371707708594e-17,0.9122813141933217,1.2221176364489368,0.7983699201472755,0.0547368788515993,120,0.9,0.98,-0.5,0.01168002338745768,0.010118703963325768
lstm_exec_cs120_v2090_v5100_rp-50_risk_adjusted_pred_mt100,replay_walk_forward_predictions,pred,risk_adjusted,5,True,False,0.9,1.0,0.03,0.97,0.95,-0.5,0.001,1.0,,0.0,0,none,0.0,8,15,60,0.62484514172569,0.5387462549992845,0.008431914501923392,0.007519633187730073,0.025165023888004297,0.02524135832208064,-0.075152960303831,-0.08451047253358579,2.4161868649371816,2.1482538843659693,0.6,0.5666666666666667,5.0,5.0,1.850371707708594e-17,0.9122813141933217,1.2221176364489368,0.7983699201472755,0.0547368788515993,120,0.9,1.0,-0.5,0.01168002338745768,0.010118703963325768
lstm_exec_cs180_v2090_v5100_rp-50_risk_adjusted_risk_adjusted_mt100,replay_walk_forward_predictions,risk_adjusted,risk_adjusted,5,True,False,0.9,1.0,0.03,0.97,0.95,-0.5,0.001,1.0,,0.0,0,none,0.0,8,15,60,0.606890716821503,0.5210383042875244,0.008258383751606852,0.00733808756227145,0.025687702442352155,0.025745416663700595,-0.0840437925808013,-0.08667479274856527,2.31830979323277,2.0553445543507673,0.5666666666666667,0.55,5.0,5.0,2.0354088784794535e-17,0.9202961893354025,1.21118272721968,0.8107792088104655,0.05521777136012415,180,0.9,1.0,-0.5,0.01168002338745768,0.010118703963325768
lstm_exec_cs180_v2090_v598_rp-50_risk_adjusted_risk_adjusted_mt100,replay_walk_forward_predictions,risk_adjusted,risk_adjusted,5,True,False,0.9,0.98,0.03,0.97,0.95,-0.5,0.001,1.0,,0.0,0,none,0.0,8,15,60,0.6068820699023494,0.5210303394796378,0.008258291451758751,0.0073379977624272565,0.025687627533822272,0.025745341525117538,-0.0840437925808013,-0.08667479274856527,2.3182906430605317,2.0553254005862875,0.5666666666666667,0.55,5.0,5.0,2.0354088784794535e-17,0.9202936893314947,1.2111821371995086,0.8107782673309913,0.055217621359889696,180,0.9,0.98,-0.5,0.01168002338745768,0.010118703963325768
lstm_exec_cs180_v2090_v598_rp-50_risk_adjusted_pred_mt100,replay_walk_forward_predictions,pred,risk_adjusted,5,True,False,0.9,0.98,0.03,0.97,0.95,-0.5,0.001,1.0,,0.0,0,none,0.0,8,15,60,0.5929922845880475,0.5083471870680312,0.008118315672769808,0.007203535037702597,0.025908667782716055,0.025974268276088203,-0.08850680719108173,-0.09115157982635813,2.259552955331919,1.9998803944709003,0.55,0.5333333333333333,5.0,5.0,2.0354088784794535e-17,0.9147806350672085,1.2002983945247327,0.8144364922597973,0.054886838104032505,180,0.9,0.98,-0.5,0.01168002338745768,0.010118703963325768
lstm_exec_cs180_v2090_v5100_rp-50_risk_adjusted_pred_mt100,replay_walk_forward_predictions,pred,risk_adjusted,5,True,False,0.9,1.0,0.03,0.97,0.95,-0.5,0.001,1.0,,0.0,0,none,0.0,8,15,60,0.5929922845880475,0.5083471870680312,0.008118315672769808,0.007203535037702597,0.025908667782716055,0.025974268276088203,-0.08850680719108173,-0.09115157982635813,2.259552955331919,1.9998803944709003,0.55,0.5333333333333333,5.0,5.0,2.0354088784794535e-17,0.9147806350672085,1.2002983945247327,0.8144364922597973,0.054886838104032505,180,0.9,1.0,-0.5,0.01168002338745768,0.010118703963325768
