profile_name,date,stock_id,target_weight,executed_weight,pred_return,target_return,selection_score,selection_score_final,rerank_signal_score,risk_penalty,secondary_candidate_size,secondary_screen_mode,secondary_signal_score,secondary_screen_weight,local_tiebreak_start_rank,local_tiebreak_end_rank,volatility_20d,volatility_5d,turnover_rate,turnover_ratio_10d,amplitude_ratio_5d,turnover_spike_5d,crowding_reversal_risk_5d
sl20__risk_adjusted__cs200__rp-25,2025-11-26,000001,0.20188669990708938,0.20188669990708938,0.58508945,-0.0017152658662093,1.0909226190476191,1.0909226190476191,0.0,0.38750000000000007,0,none,0.0,0.0,8,15,0.0088244709956309,0.0125233763903213,0.4232,-0.2774087796882203,-0.0264976958525346,0.6766003709140553,0.2480868026684869
sl20__risk_adjusted__cs200__rp-25,2025-11-26,000895,0.20327795588152608,0.20327795588152608,0.58912146,0.0200296735905045,1.0870535714285714,1.0870535714285714,0.0,0.3482142857142857,0,none,0.0,0.0,8,15,0.0077266537932346,0.0039653138594815,0.3122,-0.0666387634906874,0.4854260089686097,0.9006981709050236,0.6778797145750064
sl20__risk_adjusted__cs200__rp-25,2025-11-26,600000,0.1990382863412662,0.1990382863412662,0.57683444,0.0,1.0678571428571428,1.0678571428571428,0.0,0.46190476190476193,0,none,0.0,0.0,8,15,0.0117611224609021,0.0117126645683932,0.1828,-0.3319445967181961,-0.0307692307692307,0.7115609186426175,0.2348151031520637
sl20__risk_adjusted__cs200__rp-25,2025-11-26,600938,0.19618472113849314,0.19618472113849314,0.5685645,0.0283357245337158,1.0609375,1.0609375,0.0,0.7675595238095239,0,none,0.0,0.0,8,15,0.0194076918357623,0.0132168683831055,1.3759,-0.0004576725534497,0.1351351351351353,1.0610617558138526,1.088018459880475
sl20__risk_adjusted__cs200__rp-25,2025-11-26,600941,0.1996123367316252,0.1996123367316252,0.5784981,-0.0113280530484434,1.0311011904761904,1.0311011904761904,0.0,0.24345238095238095,0,none,0.0,0.0,8,15,0.0057043386453258,0.003607903873591,1.0859,-0.1360558830783428,-0.0929878048780491,0.7882778245587936,0.1313796374264655
sl20__risk_adjusted__cs200__rp-25,2025-11-27,300803,0.19983654205989032,0.09991827102994516,0.57812,-0.0018316543168761,1.1658885542168675,1.1658885542168675,0.0,0.7840361445783134,0,none,0.0,0.0,8,15,0.0229212959324104,0.0188547423445614,2.7362,-0.1156031623926099,-0.198008849557522,0.8459631093052709,0.1945715151402123
sl20__risk_adjusted__cs200__rp-25,2025-11-27,600415,0.20282995256640543,0.10141497628320272,0.58677983,0.0220541902961563,1.1600150602409638,1.1600150602409638,0.0,0.7123493975903615,0,none,0.0,0.0,8,15,0.0209794013737488,0.0120230307071043,0.552,-0.1567111735769499,0.1764705882352937,0.9102902374655174,0.2213254695014198
sl20__risk_adjusted__cs200__rp-25,2025-11-27,600048,0.20001670328199234,0.10000835164099617,0.5786412,-0.0429629629629629,1.1175451807228916,1.1175451807228916,0.0,0.566566265060241,0,none,0.0,0.0,8,15,0.0108164288675635,0.0121954860456197,1.0778,0.0044640776879991,0.3438520130576716,1.1608219886253222,1.3675763003824732
sl20__risk_adjusted__cs200__rp-25,2025-11-27,688082,0.19759716433979335,0.09879858216989668,0.57164156,0.0136354782157002,1.1057981927710843,1.1057981927710843,0.0,0.8328313253012049,0,none,0.0,0.0,8,15,0.0217968705467369,0.0171024057563602,0.5467,-0.0732013290838816,0.2196639701306784,0.9369965378930226,0.9256849430982969
sl20__risk_adjusted__cs200__rp-25,2025-11-27,601728,0.19971963775191856,0.09985981887595928,0.5777818,0.0236336779911373,1.0573795180722891,1.0573795180722891,0.0,0.39819277108433737,0,none,0.0,0.0,8,15,0.0081572438301347,0.0070088946460592,0.1327,0.0069049245011001,0.0232558139534884,0.8553564522311761,0.3734393441058902
sl20__risk_adjusted__cs200__rp-25,2025-11-28,688012,0.19916140627773937,0.11063517893293741,0.5700823,0.0186757215619694,1.1806818181818182,1.1806818181818182,0.0,0.8924242424242425,0,none,0.0,0.0,8,15,0.028777639245925,0.0126898117843831,1.8046,0.0219151707344698,0.0398344542162441,1.0886824324317756,0.6188537282752379
sl20__risk_adjusted__cs200__rp-25,2025-11-28,300347,0.20280313727278346,0.1126581791104942,0.58050644,-0.0415686274509803,1.128030303030303,1.128030303030303,0.0,0.5606060606060606,0,none,0.0,0.0,8,15,0.0195245099241311,0.0098297474405359,1.2893,-0.3384439347526028,-0.4264448336252188,0.8464305878331125,0.2200719528366092
sl20__risk_adjusted__cs200__rp-25,2025-11-28,300803,0.19705551557433781,0.15387850676072976,0.56405437,-0.0076891615541922,1.0670454545454546,1.0670454545454546,0.0,0.656060606060606,0,none,0.0,0.0,8,15,0.023458345540189,0.0101875060064378,2.0902,-0.3090065191806725,-0.2694610778443114,0.7093840149327305,0.1087722156230186
sl20__risk_adjusted__cs200__rp-25,2025-11-28,600050,0.20236160777483195,0.11241290721809796,0.5792426,-0.0110905730129389,1.0636363636363637,1.0636363636363637,0.0,0.32727272727272727,0,none,0.0,0.0,8,15,0.0071587365191244,0.0057923221952966,0.4871,-0.2228657125991161,-0.1294117647058823,0.9673127333367086,0.5352463791129788
sl20__risk_adjusted__cs200__rp-25,2025-11-28,600196,0.19861833310030738,0.11033349900768583,0.5685278,-0.0033185840707965,1.0482575757575758,1.0482575757575758,0.0,0.41121212121212114,0,none,0.0,0.0,8,15,0.0118635189969446,0.010328880514333,0.4114,-0.3779296579671576,-0.4000000000000001,0.7046209707794597,0.3053357540044326
sl20__risk_adjusted__cs200__rp-25,2025-12-01,300408,0.19804132113014905,0.1710459377477569,0.56501484,0.0142823694685086,1.2177205882352942,1.2177205882352942,0.0,0.9179411764705883,0,none,0.0,0.0,8,15,0.0285545174624103,0.0260746136847553,1.6381,0.4048162187194484,0.1608670849971474,1.3950062166799555,0.8474947921623165
sl20__risk_adjusted__cs200__rp-25,2025-12-01,688012,0.20511096174085877,0.1922327908485561,0.58518463,0.0421374045801527,1.1929411764705882,1.1929411764705882,0.0,0.771764705882353,0,none,0.0,0.0,8,15,0.029153589819269,0.0132361958218027,2.0721,0.1461681002295545,-0.2040481400437633,1.1844090815549853,1.133084688020936
sl20__risk_adjusted__cs200__rp-25,2025-12-01,688082,0.196269987934518,0.17550225756426258,0.5599612,0.0086983926883074,1.1508088235294118,1.1508088235294118,0.0,0.7444117647058823,0,none,0.0,0.0,8,15,0.0162885314313008,0.0130285220397554,0.6637,0.1076435246995994,0.3763440860215055,1.1406131848471497,0.5337579118768597
sl20__risk_adjusted__cs200__rp-25,2025-12-01,300803,0.19600186104881542,0.19025994773562407,0.55919623,0.0646019840309702,1.1311764705882354,1.1311764705882354,0.0,0.6894117647058824,0,none,0.0,0.0,8,15,0.0240018793317848,0.0099760136278544,3.0775,-0.0105646934759963,-0.0867579908675799,1.0574656559891358,0.2432171008775012
sl20__risk_adjusted__cs200__rp-25,2025-12-01,300347,0.20457586814565884,0.19204639580641367,0.583658,-0.0181782256471053,1.1301470588235294,1.1301470588235294,0.0,0.5441176470588236,0,none,0.0,0.0,8,15,0.0191711189774091,0.0041742182667302,1.8503,-0.0092579206356856,0.0412757973733584,1.2065075639011436,0.9254795825534384
sl20__risk_adjusted__cs200__rp-25,2025-12-02,300347,0.19798512163743,0.19798512163743,0.5660134,0.0126945126945127,1.1988839285714286,1.1988839285714286,0.0,0.9145833333333334,0,none,0.0,0.0,8,15,0.0202453102750629,0.0175855923827937,2.2207,0.2248961648565612,0.5190901705930138,1.3262027614535103,1.9071750949166808
sl20__risk_adjusted__cs200__rp-25,2025-12-02,688012,0.2021336162536704,0.2021336162536704,0.5778734,0.0455540618398312,1.1828869047619048,1.1828869047619048,0.0,0.7315476190476191,0,none,0.0,0.0,8,15,0.0259647311905357,0.0132359603576725,1.2755,-0.2432153409832563,-0.1122787610619465,0.7561027659544761,0.6855331744653916
sl20__risk_adjusted__cs200__rp-25,2025-12-02,300803,0.2005922371325975,0.2005922371325975,0.5734668,0.0567771578601903,1.174702380952381,1.174702380952381,0.0,0.7464285714285716,0,none,0.0,0.0,8,15,0.0227034440564518,0.0181452819124308,2.2299,-0.2337955963605376,-0.1983695652173913,0.8239480335207349,0.3872555757547453
sl20__risk_adjusted__cs200__rp-25,2025-12-02,002074,0.20173216370130453,0.20173216370130453,0.5767257,0.0074993535040083,1.141592261904762,1.141592261904762,0.0,0.5901785714285716,0,none,0.0,0.0,8,15,0.0225641889762198,0.0116630552587691,1.5126,-0.3878591663294212,-0.3692178301093356,0.6976422404247391,0.3162644823258817
sl20__risk_adjusted__cs200__rp-25,2025-12-02,300408,0.19755686127499764,0.19755686127499764,0.56478906,0.0585030791094267,1.1401041666666667,1.1401041666666667,0.0,0.7032738095238095,0,none,0.0,0.0,8,15,0.0276138725602519,0.0112963808131074,0.7899,-0.285203652257323,-0.0700636942675161,0.7596653202531644,0.7216820542405061
sl20__risk_adjusted__cs200__rp-25,2025-12-03,002459,0.2009996437911461,0.2009996437911461,0.58902943,0.0,1.2137931034482758,1.2137931034482758,0.0,0.9011494252873564,0,none,0.0,0.0,8,15,0.0286647407132039,0.0160063038383395,1.4837,-0.0436133457095709,0.2816326530612245,1.1766431924873295,1.4175428763043276
sl20__risk_adjusted__cs200__rp-25,2025-12-03,300803,0.2014230766712165,0.2014230766712165,0.5902703,0.056218200016682,1.1806752873563218,1.1806752873563218,0.0,0.7456896551724138,0,none,0.0,0.0,8,15,0.0226912451997063,0.0175028027228935,1.9693,-0.3130620417332338,0.2686567164179103,0.8135518999261289,0.7706481678902235
sl20__risk_adjusted__cs200__rp-25,2025-12-03,688012,0.19915693427415165,0.19915693427415165,0.58362937,0.0627197897747035,1.1689655172413793,1.1689655172413793,0.0,0.7448275862068966,0,none,0.0,0.0,8,15,0.0259061414287168,0.0123175605056943,1.5217,-0.0999639204831105,-0.0308839190628326,0.8942759755518955,0.813791137752225
sl20__risk_adjusted__cs200__rp-25,2025-12-03,600515,0.19598343814292676,0.19598343814292676,0.57432944,-0.0164609053497942,1.1638649425287357,1.1638649425287357,0.0,0.7704022988505748,0,none,0.0,0.0,8,15,0.0220426192742335,0.019676887726696,1.3464,-0.1677278178199216,-0.0375825292026409,1.024688727205528,0.4986818472400237
sl20__risk_adjusted__cs200__rp-25,2025-12-03,002074,0.20243690712055892,0.20243690712055892,0.59324133,0.0311345646437993,1.1591954022988507,1.1591954022988507,0.0,0.6367816091954022,0,none,0.0,0.0,8,15,0.0215725594036701,0.0141553182624139,1.4134,-0.3929215703118288,0.161400512382579,0.702715602533285,0.5304872695469035
sl20__risk_adjusted__cs200__rp-25,2025-12-04,600515,0.20351132258382498,0.20351132258382498,0.58455694,0.0812499999999999,1.1973958333333334,1.1973958333333334,0.0,0.8133928571428571,0,none,0.0,0.0,8,15,0.0213629848089119,0.0207087443713092,1.1402,-0.2494240010532552,0.0396542958820538,0.8585714070564763,0.4998657729339484
sl20__risk_adjusted__cs200__rp-25,2025-12-04,300803,0.19819549796312497,0.19819549796312497,0.569288,0.0535817327508038,1.1795386904761904,1.1795386904761904,0.0,0.8848214285714286,0,none,0.0,0.0,8,15,0.023116097492914,0.0190132314067791,2.3097,-0.1706255588232127,0.320816864295125,0.9890293407323238,0.5617204519844354
sl20__risk_adjusted__cs200__rp-25,2025-12-04,002493,0.20498604236314924,0.20498604236314924,0.58879286,-0.016649323621228,1.1473958333333334,1.1473958333333334,0.0,0.5895833333333333,0,none,0.0,0.0,8,15,0.0206799417480099,0.0104805010055879,0.2016,-0.4475501479776389,-0.0506329113924051,0.7042056727654598,0.4107866424465181
sl20__risk_adjusted__cs200__rp-25,2025-12-04,002074,0.19935308433544863,0.19935308433544863,0.572613,0.0221990075737791,1.1395089285714286,1.1395089285714286,0.0,0.6532738095238096,0,none,0.0,0.0,8,15,0.0213345233863057,0.0140811087443916,1.2188,-0.4354140127388535,-0.0500463392029657,0.7118410447495521,0.4626966790872089
sl20__risk_adjusted__cs200__rp-25,2025-12-04,600547,0.19395405275445224,0.19395405275445224,0.55710506,-0.0019712756969866,1.0673363095238095,1.0673363095238095,0.0,0.8883928571428572,0,none,0.0,0.0,8,15,0.0223288246011428,0.0142840367063133,0.7659,-0.0149829592952221,0.7286245353159855,0.982880755606767,1.285600720670041
sl20__risk_adjusted__cs200__rp-25,2025-12-05,002916,0.2000548805153593,0.16632472205811266,0.5682628,0.015684011749895,1.196,1.196,0.0,0.9211428571428572,0,none,0.0,0.0,8,15,0.0252869384143066,0.014422891608417,2.0262,0.637253951323572,0.7002518891687657,1.859274348949458,2.739736761046431
sl20__risk_adjusted__cs200__rp-25,2025-12-05,600515,0.2022081724019164,0.20242788942164686,0.5743793,0.0186335403726708,1.1774285714285715,1.1774285714285715,0.0,0.7325714285714285,0,none,0.0,0.0,8,15,0.0208509927200839,0.0149168321508062,1.3565,-0.089719500738156,0.0477453580901856,1.026143395312173,0.906698852436092
sl20__risk_adjusted__cs200__rp-25,2025-12-05,601298,0.20102332499352982,0.16712988241333857,0.5710137,-0.0034722222222221,1.1036428571428571,1.1036428571428571,0.0,0.46028571428571424,0,none,0.0,0.0,8,15,0.0121716011392925,0.0107584669881997,0.3267,-0.2742741630939423,0.2468030690537084,0.8185918316190967,0.221134941725747
sl20__risk_adjusted__cs200__rp-25,2025-12-05,601838,0.2003203059086185,0.16654539552854872,0.56901675,-0.0289085545722715,1.0862857142857143,1.0862857142857143,0.0,0.4365714285714286,0,none,0.0,0.0,8,15,0.0089920463237486,0.0106000266940643,0.6736,-0.0973171450778589,0.5539452495974235,1.0673089111404055,0.785042083164626
sl20__risk_adjusted__cs200__rp-25,2025-12-05,002493,0.19639331618057593,0.1978420887122497,0.557862,-0.0498981670061101,1.0825714285714285,1.0825714285714285,0.0,0.6274285714285714,0,none,0.0,0.0,8,15,0.0178231577574376,0.0136780022943469,0.2405,-0.2918347516268661,0.1226180613090308,0.8620071684556917,0.4064360228402106
sl20__risk_adjusted__cs200__rp-25,2025-12-08,600938,0.19924107034739022,0.11961112911861607,0.5729985,0.0031802120141342,1.1181564245810056,1.1181564245810056,0.0,0.6067039106145251,0,none,0.0,0.0,8,15,0.0163011857971289,0.0108263106261653,0.8835,-0.1833433470444146,0.256377551020408,1.0457106334615025,0.50800551436782
sl20__risk_adjusted__cs200__rp-25,2025-12-08,601298,0.20288593969993207,0.18859544861122357,0.5834808,0.0128205128205128,1.1077513966480448,1.1077513966480448,0.0,0.43100558659217875,0,none,0.0,0.0,8,15,0.0119669742265228,0.0115466825251861,0.2832,-0.3280501115171071,-0.018181818181818,0.7806814422737329,0.2029771749911705
sl20__risk_adjusted__cs200__rp-25,2025-12-08,600027,0.19854904483911162,0.11919568288416368,0.5710083,0.0096339113680153,1.1018156424581005,1.1018156424581005,0.0,0.5636871508379888,0,none,0.0,0.0,8,15,0.0103914274933117,0.0120374707226951,0.9526,0.1342636692703371,0.275303643724696,1.2043288073008116,0.6962678286743152
sl20__risk_adjusted__cs200__rp-25,2025-12-08,600741,0.1998133944280611,0.1199547145520383,0.57464445,0.0081012658227848,1.0876396648044693,1.0876396648044693,0.0,0.4175977653631285,0,none,0.0,0.0,8,15,0.0095160320846378,0.0099905756892326,0.2858,-0.0829750368991849,0.2483994878361071,0.9114682995250944,0.3337771237697527
sl20__risk_adjusted__cs200__rp-25,2025-12-08,000333,0.19951055068550497,0.11977290724729693,0.5737735,-0.0222085889570552,1.082891061452514,1.082891061452514,0.0,0.42094972067039105,0,none,0.0,0.0,8,15,0.0094210757185541,0.0098593859990896,0.394,-0.0794607602626106,0.3422459893048128,0.8785621906058991,0.2476417811060798
sl20__risk_adjusted__cs200__rp-25,2025-12-09,000333,0.1998521509536916,0.1998521509536916,0.57996833,0.0033758439609902,1.1145491803278689,1.1145491803278689,0.0,0.5237704918032787,0,none,0.0,0.0,8,15,0.010691564381006,0.0105272922323072,0.5138,0.1746416405660593,0.0679611650485436,1.1619176843031165,0.7858925437519461
sl20__risk_adjusted__cs200__rp-25,2025-12-09,600938,0.1995833592537924,0.1995833592537924,0.5791883,-0.0007087172218283,1.112363387978142,1.112363387978142,0.0,0.5368852459016394,0,none,0.0,0.0,8,15,0.0164275793261676,0.010356386302343,0.7469,-0.2861170848267623,0.0966057441253265,0.937963079240314,0.6857171336482716
sl20__risk_adjusted__cs200__rp-25,2025-12-09,600741,0.2007812971094257,0.2007812971094257,0.5826647,0.018935516888434,1.08224043715847,1.08224043715847,0.0,0.35081967213114756,0,none,0.0,0.0,8,15,0.0095570104111752,0.0108024192309413,0.2105,-0.2924369747899159,0.0487804878048776,0.7032137368854708,0.3343409701874985
sl20__risk_adjusted__cs200__rp-25,2025-12-09,600027,0.1993829793023913,0.1993829793023913,0.5786068,0.0173076923076924,1.0816256830601092,1.0816256830601092,0.0,0.43579234972677594,0,none,0.0,0.0,8,15,0.0101091887361009,0.0101604941080948,0.737,-0.0983165312714104,0.1673414304993252,0.9973476236859948,0.679143034347582
sl20__risk_adjusted__cs200__rp-25,2025-12-09,601298,0.20040021338069916,0.20040021338069916,0.5815588,0.0198366394399066,1.076912568306011,1.076912568306011,0.0,0.35136612021857927,0,none,0.0,0.0,8,15,0.0118845950051331,0.0118800485374602,0.1643,-0.5682791602070578,-0.4780927835051546,0.5115511551139188,0.1875687568751035
sl20__risk_adjusted__cs200__rp-25,2025-12-10,600027,0.2007627170332033,0.2005309083046856,0.57801104,-0.0038240917782026,1.0608240223463687,1.0608240223463687,0.0,0.31033519553072625,0,none,0.0,0.0,8,15,0.0102178881058008,0.0097259692826347,0.5738,-0.2883630365492181,-0.1832386363636364,0.8233842268384467,0.5461782038028363
sl20__risk_adjusted__cs200__rp-25,2025-12-10,601059,0.20228656031123324,0.16830054304520284,0.5823983,0.0,1.0539106145251396,1.0539106145251396,0.0,0.23798882681564243,0,none,0.0,0.0,8,15,0.0064128438967843,0.0,2.6044,0.0,0.0,0.999999999999616,0.0
sl20__risk_adjusted__cs200__rp-25,2025-12-10,601995,0.20195022318969325,0.16802071367782248,0.58142996,0.0,1.0427374301675978,1.0427374301675978,0.0,0.21564245810055865,0,none,0.0,0.0,8,15,0.004600933856971,0.0,0.5192,0.0,0.0,0.999999999998074,0.0
sl20__risk_adjusted__cs200__rp-25,2025-12-10,002236,0.19535171289006792,0.16253081427468039,0.56243235,-0.0457894736842105,1.0426675977653632,1.0426675977653632,0.0,0.5505586592178771,0,none,0.0,0.0,8,15,0.0134006950301634,0.0052322219422308,1.3906,0.1398454085689229,0.295774647887324,1.1665911645767968,0.8918671607496977
sl20__risk_adjusted__cs200__rp-25,2025-12-10,600741,0.1996487865758023,0.1998390588434728,0.57480395,-0.0095959595959594,1.0416899441340783,1.0416899441340783,0.0,0.30083798882681567,0,none,0.0,0.0,8,15,0.0098610192660467,0.0085226258652464,0.2243,-0.2349931787175989,-0.0860927152317883,0.8776803881637282,0.5500130432492697
sl20__risk_adjusted__cs200__rp-25,2025-12-11,300347,0.2009965344464372,0.1004982672232186,0.569927,0.010282258064516,1.119535519125683,1.119535519125683,0.0,0.6092896174863389,0,none,0.0,0.0,8,15,0.0184109773457552,0.0102764819899353,1.1787,-0.2394600663302835,0.2001627339300247,0.8301990449218681,0.3221609122652463
sl20__risk_adjusted__cs200__rp-25,2025-12-11,600584,0.20083218991625698,0.10041609495812849,0.569461,-0.0225151015925314,1.11775956284153,1.11775956284153,0.0,0.6240437158469946,0,none,0.0,0.0,8,15,0.0165333805079609,0.0143179767284431,1.4544,-0.1770730189266416,0.0287081339712915,0.85229070707731,0.5523577812135005
sl20__risk_adjusted__cs200__rp-25,2025-12-11,002459,0.19926234698236994,0.09963117349118497,0.5650097,-0.0053811659192825,1.1063524590163936,1.1063524590163936,0.0,0.7095628415300546,0,none,0.0,0.0,8,15,0.0216995683697481,0.0134450213843213,0.9634,-0.2356091561867735,0.2640692640692641,0.7849751486997596,0.5225918248255715
sl20__risk_adjusted__cs200__rp-25,2025-12-11,002049,0.19954987937605229,0.09977493968802614,0.565825,-0.0202578268876611,1.1015027322404372,1.1015027322404372,0.0,0.6464480874316939,0,none,0.0,0.0,8,15,0.0162159385246132,0.0099106651999386,1.6046,0.0515347715536449,0.1971104231166149,1.071147247699583,0.6069465931925535
sl20__risk_adjusted__cs200__rp-25,2025-12-11,600460,0.19935904927888373,0.09967952463944187,0.5652839,-0.0164992826398853,1.0985655737704918,1.0985655737704918,0.0,0.6565573770491803,0,none,0.0,0.0,8,15,0.014513348530799,0.0141134984331674,1.2262,-0.056529734471058,0.2559017941454198,0.8855347728743513,0.4967579704805377
sl20__risk_adjusted__cs200__rp-25,2025-12-12,600460,0.2009959511798771,0.1629477775709418,0.5578573,-0.0075431034482758,1.0855714285714286,1.0855714285714286,0.0,0.548,0,none,0.0,0.0,8,15,0.0139149536557687,0.0145874583652859,1.1829,-0.1058348640497084,0.0495495495495494,0.840712996261005,0.3353005796799522
sl20__risk_adjusted__cs200__rp-25,2025-12-12,002459,0.20014456242393888,0.16239795999506657,0.5554943,-0.0053956834532373,1.0842857142857143,1.0842857142857143,0.0,0.6342857142857142,0,none,0.0,0.0,8,15,0.021829340751635,0.0140012239065518,1.1059,-0.1292948697760839,-0.0737564322469981,0.9445194130801764,0.4911500948016918
sl20__risk_adjusted__cs200__rp-25,2025-12-12,600150,0.2008393864443691,0.12541655419615846,0.55742276,-0.0430832356389213,1.0722857142857143,1.0722857142857143,0.0,0.5177142857142857,0,none,0.0,0.0,8,15,0.0158665984439892,0.0145502899709046,0.6777,-0.1242262512438132,-0.2671009771986971,0.7541228050644804,0.1809894732154753
sl20__risk_adjusted__cs200__rp-25,2025-12-12,300014,0.19758686521672172,0.12338547845925672,0.5483955,-0.0257891770011273,1.0629285714285714,1.0629285714285714,0.0,0.7317142857142858,0,none,0.0,0.0,8,15,0.0238611092917106,0.0219396874011331,1.6583,-0.0593073715857842,-0.0483308420528152,0.9109035979121612,0.1244901583813287
sl20__risk_adjusted__cs200__rp-25,2025-12-12,600176,0.20043323473509322,0.1251629279092032,0.5562955,0.0039630118890355,1.062642857142857,1.062642857142857,0.0,0.5248571428571429,0,none,0.0,0.0,8,15,0.019086472695852,0.0088646884678688,0.777,0.0103374292958846,-0.2324371205550737,1.0644710524138088,0.8622215524551852
sl20__risk_adjusted__cs200__rp-25,2025-12-15,300014,0.20573944749445602,0.17245563080579135,0.59396416,-0.0047826086956521,1.170784023668639,1.170784023668639,0.0,0.7304733727810652,0,none,0.0,0.0,8,15,0.0239158176580539,0.012688499357933,1.5264,-0.1097735941491409,0.1826821541710666,0.9308792857398543,0.9357941710922296
sl20__risk_adjusted__cs200__rp-25,2025-12-15,300316,0.19663220503099604,0.11716220080397072,0.5676718,0.0092325447201384,1.1553994082840235,1.1553994082840235,0.0,0.9056213017751479,0,none,0.0,0.0,8,15,0.0231578716574832,0.0200241170334636,1.244,0.1131791824754813,0.467576791808874,1.015958054978508,1.3468668048537609
sl20__risk_adjusted__cs200__rp-25,2025-12-15,300124,0.20154073783296586,0.12008692265056045,0.5818426,0.0009754738015607,1.139275147928994,1.139275147928994,0.0,0.6517751479289942,0,none,0.0,0.0,8,15,0.0159246463151072,0.0236929462907418,0.9292,-0.2215538763131881,0.0504885993485344,0.7814181916032178,0.6047082308473437
sl20__risk_adjusted__cs200__rp-25,2025-12-15,002049,0.19806841537598768,0.13316138024540378,0.5718181,0.0137113951011714,1.110207100591716,1.110207100591716,0.0,0.6775147928994082,0,none,0.0,0.0,8,15,0.0153685688100632,0.0151861493596931,1.6099,0.0580866501919132,0.0670731707317073,1.0061497693830197,0.7694387209966689
sl20__risk_adjusted__cs200__rp-25,2025-12-15,600276,0.19801919426559447,0.1179886305904411,0.571676,-0.0092864125122189,1.0860207100591717,1.0860207100591717,0.0,0.6044378698224853,0,none,0.0,0.0,8,15,0.0125330811405739,0.0155651173037661,0.4547,-0.0121874388998719,0.0270541082164328,0.8868388204070704,0.5373905577566893
sl20__risk_adjusted__cs200__rp-25,2025-12-16,601899,0.20229454604321676,0.1422160708138449,0.5854478,0.0821603927986906,1.180389221556886,1.180389221556886,0.0,0.7934131736526946,0,none,0.0,0.0,8,15,0.022237391865392,0.0225716312483231,0.7689,-0.2122894726058272,0.2886597938144331,0.8733331818894695,0.4351660184672615
sl20__risk_adjusted__cs200__rp-25,2025-12-16,600482,0.20116415255992798,0.1414213874038801,0.5821764,0.0434560327198364,1.1765718562874252,1.1765718562874252,0.0,0.85,0,none,0.0,0.0,8,15,0.0181996272980299,0.0181398039823468,1.0731,0.0766961651917401,0.4001692047377327,1.281680720443731,1.4356559000571067
sl20__risk_adjusted__cs200__rp-25,2025-12-16,600150,0.20012930037337123,0.15574739492961323,0.5791815,0.0152998776009792,1.1461077844311378,1.1461077844311378,0.0,0.8,0,none,0.0,0.0,8,15,0.0167170399926976,0.0139316765943487,0.9109,0.1446343302337269,0.6871508379888269,1.2969132638514482,1.8963431932516892
sl20__risk_adjusted__cs200__rp-25,2025-12-16,300014,0.20039014711804773,0.19209401072121257,0.5799364,0.0100950987564008,1.1214820359281437,1.1214820359281437,0.0,0.6535928143712575,0,none,0.0,0.0,8,15,0.0211283556393222,0.0134352523075354,1.3481,-0.196368427013848,-0.0280561122244489,0.8476697100022337,0.7402982134019507
sl20__risk_adjusted__cs200__rp-25,2025-12-16,002459,0.1960218539054362,0.15729861083748237,0.5672944,0.0321100917431193,1.1062125748502996,1.1062125748502996,0.0,0.8559880239520959,0,none,0.0,0.0,8,15,0.0224669764858066,0.0192513807755891,1.2538,-0.0165348895582329,0.2961672473867596,1.0655403338196745,1.1923656223328452
sl20__risk_adjusted__cs200__rp-25,2025-12-17,600795,0.19907170516912406,0.11655377042733697,0.5753541,-0.0033726812816187,1.103611111111111,1.103611111111111,0.0,0.5477777777777778,0,none,0.0,0.0,8,15,0.010827466171495,0.0097479274455707,0.6763,0.0413747440062826,0.4438202247191012,1.0020149939239014,0.3134580613014751
sl20__risk_adjusted__cs200__rp-25,2025-12-17,003816,0.20042194043190076,0.11734431477268666,0.57925653,0.0,1.0675694444444443,1.0675694444444443,0.0,0.3591666666666667,0,none,0.0,0.0,8,15,0.0086487139098281,0.0100756814064725,0.2765,-0.0416608900596144,0.0012755102040815,0.9275410935896428,0.3126704745121378
sl20__risk_adjusted__cs200__rp-25,2025-12-17,601899,0.19334744919912084,0.17215279604000264,0.55880994,0.055465455724943,1.0546527777777777,1.0546527777777777,0.0,0.7297222222222222,0,none,0.0,0.0,8,15,0.0213999790956749,0.0236108583775807,0.859,-0.1136837326399637,-0.0711743772241993,0.9152513478371564,0.335592160873624
sl20__risk_adjusted__cs200__rp-25,2025-12-17,600023,0.20100088948624545,0.11768328155408779,0.5809298,0.0019493177387914,1.0531944444444443,1.0531944444444443,0.0,0.27944444444444444,0,none,0.0,0.0,8,15,0.0067353856272012,0.0064847230757891,0.2704,-0.0352504638218923,0.1164122137404584,0.930488644181244,0.4882401769420479
sl20__risk_adjusted__cs200__rp-25,2025-12-17,601059,0.20615801571360884,0.12227499487088318,0.59583485,-0.0642105263157894,1.0483333333333333,1.0483333333333333,0.0,0.19333333333333336,0,none,0.0,0.0,8,15,0.0,0.0,2.6044,0.0,0.0,0.999999999999616,0.0
sl20__risk_adjusted__cs200__rp-25,2025-12-18,601899,0.19691404336259333,0.1895856484655443,0.5603428,0.037289234760052,1.1055397727272727,1.1055397727272727,0.0,0.7857954545454546,0,none,0.0,0.0,8,15,0.0210919943108766,0.0234434254383038,0.6699,-0.2586649550706033,-0.0861513687600643,0.7987932843642102,0.4419989506815296
sl20__risk_adjusted__cs200__rp-25,2025-12-18,601689,0.19609141106659972,0.1380557524629014,0.5580019,0.0031884057971014,1.1019176136363638,1.1019176136363638,0.0,0.8394886363636364,0,none,0.0,0.0,8,15,0.0189757137268238,0.0201545161115924,1.586,-0.122341014232906,0.4623142250530785,0.9270191599541008,1.048325488811506
sl20__risk_adjusted__cs200__rp-25,2025-12-18,000725,0.2005773417525562,0.14121401693240332,0.57076716,-0.0169902912621359,1.1015625,1.1015625,0.0,0.5880681818181819,0,none,0.0,0.0,8,15,0.0169817945884342,0.009007077771259,1.6956,-0.2781855024094538,0.2094064949608061,0.8814172540697807,0.6040619927107567
sl20__risk_adjusted__cs200__rp-25,2025-12-18,003816,0.20495597776867938,0.17902623135255108,0.5832271,0.0,1.0670454545454546,1.0670454545454546,0.0,0.2681818181818182,0,none,0.0,0.0,8,15,0.0085960124859821,0.0095077165151186,0.1749,-0.3801389282676495,-0.1645408163265306,0.6170618120215317,0.2283128704479667
sl20__risk_adjusted__cs200__rp-25,2025-12-18,000333,0.2014612260495715,0.14192914255605638,0.57328236,-0.01665623043206,1.0488636363636363,1.0488636363636363,0.0,0.3318181818181818,0,none,0.0,0.0,8,15,0.0091277932574224,0.0088719485350412,0.3086,-0.220746426948134,-0.1010498687664043,0.7912414747941356,0.3613336068226552
sl20__risk_adjusted__cs200__rp-25,2025-12-19,688111,0.1991810355302735,0.11596663165064465,0.56798,0.0,1.1504943502824858,1.1504943502824858,0.0,0.7375706214689266,0,none,0.0,0.0,8,15,0.0216752550002309,0.0129072916224028,0.8006,-0.1514753264371715,-0.0834141610087293,0.9936947671519788,0.688961705225372
sl20__risk_adjusted__cs200__rp-25,2025-12-19,600803,0.19946186262498217,0.11613013402506951,0.5687808,-0.0510849909584087,1.1108757062146892,1.1108757062146892,0.0,0.556497175141243,0,none,0.0,0.0,8,15,0.0139676578473139,0.0148188762516207,0.1768,-0.4431671443419105,-0.0269461077844309,0.7413619590710274,0.2298222073120185
sl20__risk_adjusted__cs200__rp-25,2025-12-19,000100,0.1970790405181807,0.11474281392798899,0.561986,-0.0262008733624454,1.109675141242938,1.109675141242938,0.0,0.7324858757062147,0,none,0.0,0.0,8,15,0.016722224218321,0.015172269227714,1.7948,-0.1679531220301425,0.0100619195046443,0.7951937476182313,0.1927667815433669
sl20__risk_adjusted__cs200__rp-25,2025-12-19,000725,0.20190363457521587,0.17654855827297591,0.5757437,-0.0073349633251834,1.1038841807909605,1.1038841807909605,0.0,0.43813559322033907,0,none,0.0,0.0,8,15,0.0163835461565122,0.0081563433440076,1.1736,-0.397777070782746,-0.4085365853658539,0.6604389420367696,0.4512999437251259
sl20__risk_adjusted__cs200__rp-25,2025-12-19,000651,0.20237442675134779,0.11782587905572424,0.5770862,-0.0063198833252309,1.0630649717514125,1.0630649717514125,0.0,0.2522598870056497,0,none,0.0,0.0,8,15,0.004686251359509,0.00384016799919,0.5584,-0.0977686578016189,-0.0682414698162729,0.9677307545648892,0.3580603791890089
sl20__risk_adjusted__cs200__rp-25,2025-12-22,000100,0.19645574484622103,0.16089489956131878,0.56024003,-0.0089086859688196,1.1369219653179192,1.1369219653179192,0.0,0.8713872832369943,0,none,0.0,0.0,8,15,0.0178739968158774,0.0191714602808653,2.0647,-0.007040695605336,0.063110443275733,0.8938404793235726,0.700018345834388
sl20__risk_adjusted__cs200__rp-25,2025-12-22,000001,0.2028683182432532,0.11458157100277462,0.578527,0.0017361111111111,1.078829479768786,1.078829479768786,0.0,0.3153179190751445,0,none,0.0,0.0,8,15,0.0078441413364866,0.0069571453385056,0.3826,-0.1126881421183236,-0.1856060606060606,1.0511566569562854,0.6657325494056474
sl20__risk_adjusted__cs200__rp-25,2025-12-22,601211,0.1976884323424321,0.11165593200073226,0.56375533,-0.0038443056222969,1.0783959537572254,1.0783959537572254,0.0,0.4754335260115607,0,none,0.0,0.0,8,15,0.0137586862086497,0.0136857416565053,0.4454,-0.3619642447856979,-0.4815148782687106,0.6981410075540013,0.2978734965563738
sl20__risk_adjusted__cs200__rp-25,2025-12-22,300628,0.20070402295505166,0.11335916054271117,0.572355,0.0052327182594326,1.0721820809248555,1.0721820809248555,0.0,0.334971098265896,0,none,0.0,0.0,8,15,0.0108681273054589,0.0068990555532431,0.8712,-0.3180056832859727,-0.280701754385965,0.8213289086650376,0.2463986725995113
sl20__risk_adjusted__cs200__rp-25,2025-12-22,600999,0.20228348161304216,0.11425125082045222,0.5768592,-0.002979737783075,1.0689306358381503,1.0689306358381503,0.0,0.29884393063583814,0,none,0.0,0.0,8,15,0.0094973474647678,0.0088662006187809,0.345,-0.2542797855784197,-0.5468509984639017,0.7736119831357664,0.4332227105560292
sl20__risk_adjusted__cs200__rp-25,2025-12-23,600803,0.19963166736150856,0.13969836898382745,0.56736547,0.0033751205400193,1.2209722222222221,1.2209722222222221,0.0,0.9061111111111111,0,none,0.0,0.0,8,15,0.0173433586769691,0.0176552968483014,0.3714,0.0938328326559463,0.4852528089887642,1.4170164059465205,2.0976121719908485
sl20__risk_adjusted__cs200__rp-25,2025-12-23,300628,0.20319233278230256,0.16708058694477435,0.5774851,0.0038599393438102,1.120625,1.120625,0.0,0.48250000000000004,0,none,0.0,0.0,8,15,0.0109713172733428,0.0068230412624616,1.1183,-0.1508603015991131,0.1962833914053425,1.089345204464251,0.7210849518362278
sl20__risk_adjusted__cs200__rp-25,2025-12-23,600887,0.19958623906892486,0.1193552135107658,0.56723636,-0.0017355085039916,1.0988194444444446,1.0988194444444446,0.0,0.43972222222222224,0,none,0.0,0.0,8,15,0.0065133167829876,0.0077029288811911,0.679,0.1499119360520255,0.2824675324675327,1.110856619329378,0.6600820636826789
sl20__risk_adjusted__cs200__rp-25,2025-12-23,300999,0.19876211192574947,0.11886237456759724,0.56489414,-0.0027624309392264,1.0650694444444444,1.0650694444444444,0.0,0.41583333333333333,0,none,0.0,0.0,8,15,0.0082846125452262,0.0094368573467778,1.484,-0.1353341840153354,-0.0148148148148149,0.8447849896958746,0.5603740431649301
sl20__risk_adjusted__cs200__rp-25,2025-12-23,601117,0.1988276488615146,0.11890156652290228,0.5650804,-0.0039164490861618,1.0590277777777777,1.0590277777777777,0.0,0.3472222222222222,0,none,0.0,0.0,8,15,0.0099487544762894,0.0085489856081879,0.5103,-0.214173519356925,-0.3316195372750642,0.8072068081862647,0.2636875573408465
sl20__risk_adjusted__cs200__rp-25,2025-12-24,000408,0.20576515974811493,0.10288257987405747,0.5760339,0.0602226720647772,1.2214285714285715,1.2214285714285715,0.0,0.8857142857142857,0,none,0.0,0.0,8,15,0.0205446600545046,0.0303634106315311,1.1312,0.0833899993295854,0.1376021798365125,1.076492643839024,0.1183799698935603
sl20__risk_adjusted__cs200__rp-25,2025-12-24,600309,0.1972427898174687,0.09862139490873435,0.55217576,-0.0037618368141133,1.1675465838509318,1.1675465838509318,0.0,0.8440993788819876,0,none,0.0,0.0,8,15,0.0192380057623128,0.0167389806119856,1.1055,0.0241706117230708,0.3354531001589824,1.0681159420279531,0.1996986244554647
sl20__risk_adjusted__cs200__rp-25,2025-12-24,000792,0.19634284883680245,0.09817142441840122,0.5496564,0.0028653295128938,1.1362577639751552,1.1362577639751552,0.0,0.7686335403726708,0,none,0.0,0.0,8,15,0.025812020541534,0.0224299571742896,1.676,-0.1044760169486996,-0.3355995055624227,0.8721535323254277,0.0668651041449494
sl20__risk_adjusted__cs200__rp-25,2025-12-24,601336,0.19787148326555967,0.09893574163277984,0.55393577,-0.0133897110641296,1.129114906832298,1.129114906832298,0.0,0.665527950310559,0,none,0.0,0.0,8,15,0.0175040925921922,0.0156440942236607,0.8537,-0.107232493934577,-0.2818971275885105,0.8622013048651076,0.1638182479243703
sl20__risk_adjusted__cs200__rp-25,2025-12-24,601318,0.20277771833205416,0.10138885916602708,0.56767064,-0.0031884057971014,1.1201863354037267,1.1201863354037267,0.0,0.5055900621118012,0,none,0.0,0.0,8,15,0.0189281334689119,0.0080709304551298,0.4797,-0.3742091187789446,-0.1750278706800445,0.8421403742831324,0.3087848039038152
sl20__risk_adjusted__cs200__rp-25,2025-12-25,601318,0.20738257571506002,0.16805621420976513,0.58866024,-0.0176036342986939,1.2041390728476822,1.2041390728476822,0.0,0.8165562913907286,0,none,0.0,0.0,8,15,0.0190132787211969,0.0131520392330064,0.7297,-0.0817687622690894,0.8323504633529908,1.1965825981417526,0.6139164298806464
sl20__risk_adjusted__cs200__rp-25,2025-12-25,601601,0.20377540413498266,0.12816955248817571,0.5784212,-0.0025876264408374,1.2028145695364238,1.2028145695364238,0.0,0.837748344370861,0,none,0.0,0.0,8,15,0.0215221241752062,0.0129350684420553,0.4961,-0.0774695031240703,0.5283320031923386,1.1941555940660649,0.4136816745391939
sl20__risk_adjusted__cs200__rp-25,2025-12-25,601689,0.1950544253798121,0.12455613129352683,0.5536665,0.0721779269827947,1.184271523178808,1.184271523178808,0.0,0.9225165562913908,0,none,0.0,0.0,8,15,0.0203972766984539,0.0196926773456801,2.0814,0.2413299537796334,0.5852002715546505,1.2671066088727492,0.3012926610710662
sl20__risk_adjusted__cs200__rp-25,2025-12-25,603986,0.1938517083922733,0.12192779996769319,0.55025256,0.001447963800905,1.1698675496688742,1.1698675496688742,0.0,0.9178807947019869,0,none,0.0,0.0,8,15,0.0255988757080747,0.0228077692563655,3.8841,-0.0031695517714843,0.2260994263862334,0.9276038631650136,0.2881247563502035
sl20__risk_adjusted__cs200__rp-25,2025-12-25,600309,0.19993588637787182,0.16234563624830634,0.56752264,0.0078328981723237,1.1668046357615895,1.1668046357615895,0.0,0.7201986754966888,0,none,0.0,0.0,8,15,0.0185645257874348,0.0163566459784298,0.7831,-0.2842061003811595,0.1054104477611939,0.9023136839183962,0.4155945722338694
sl20__risk_adjusted__cs200__rp-25,2025-12-26,000301,0.20189869095194668,0.11579011235966752,0.578121,0.0,1.19248417721519,1.19248417721519,0.0,0.8205696202531646,0,none,0.0,0.0,8,15,0.019416975292707,0.0140490728434963,0.4483,0.2823593352212592,0.2720588235294119,1.429801620203388,0.212192372802243
sl20__risk_adjusted__cs200__rp-25,2025-12-26,002493,0.19972070193905525,0.11454102257443041,0.5718845,0.0490463215258854,1.1823575949367089,1.1823575949367089,0.0,0.8306962025316457,0,none,0.0,0.0,8,15,0.0202140217020121,0.0248656307589567,0.5385,0.3568674880943383,-0.1072447233314316,1.1605603448250852,0.0232112068965017
sl20__risk_adjusted__cs200__rp-25,2025-12-26,600893,0.19830627504879442,0.1137298402543488,0.5678344,-0.0049677098857426,1.1652689873417723,1.1652689873417723,0.0,0.7876582278481014,0,none,0.0,0.0,8,15,0.021386925458376,0.0360214021096836,1.6074,0.1791978754777607,-0.2438105489773949,1.1247795784692771,0.2999412209251407
sl20__risk_adjusted__cs200__rp-25,2025-12-26,600426,0.1981586544353495,0.11364517894556668,0.5674117,0.0192057291666666,1.1590981012658228,1.1590981012658228,0.0,0.8136075949367089,0,none,0.0,0.0,8,15,0.0199792755470067,0.0232743227173874,1.0123,0.1223833599432322,0.1183048852266035,1.2194034884826788,0.3045518228052677
sl20__risk_adjusted__cs200__rp-25,2025-12-26,601601,0.2019156776248541,0.1704633983541623,0.57816964,0.0844233055885851,1.151740506329114,1.151740506329114,0.0,0.6322784810126583,0,none,0.0,0.0,8,15,0.0214652731641884,0.0142152808460006,0.3481,-0.3257665265645275,-0.1197183098591549,0.8488173616170478,0.1923986019665308
sl20__risk_adjusted__cs200__rp-25,2025-12-29,000408,0.20261151274364841,0.14961867036704635,0.59378934,0.1283028143050263,1.2068708609271523,1.2068708609271523,0.0,0.8804635761589404,0,none,0.0,0.0,8,15,0.026289096204912,0.0386487956489034,1.1773,0.1515625764170785,0.262683201803833,1.1401758735558805,0.1823595835345294
sl20__risk_adjusted__cs200__rp-25,2025-12-29,601111,0.19752059724777038,0.14134552431013478,0.5788695,0.0131868131868132,1.184933774834437,1.184933774834437,0.0,0.8721854304635762,0,none,0.0,0.0,8,15,0.0172849315953079,0.0224466051276573,1.139,0.9127105408990912,1.2305389221556884,1.8218752999107104,0.7585692366494495
sl20__risk_adjusted__cs200__rp-25,2025-12-29,600115,0.19823815446847426,0.14185900747592173,0.58097243,0.0795053003533568,1.1759105960264902,1.1759105960264902,0.0,0.783112582781457,0,none,0.0,0.0,8,15,0.0199473043751001,0.0170092911232454,0.8422,0.0948468618376578,0.6912257200267917,1.2078361633759642,1.5388517674268674
sl20__risk_adjusted__cs200__rp-25,2025-12-29,601601,0.2043946011326787,0.19474453011474907,0.599015,0.1141034727143869,1.1640728476821192,1.1640728476821192,0.0,0.6827814569536423,0,none,0.0,0.0,8,15,0.0216061375019903,0.0144751705990945,0.4503,-0.0645643774149321,0.1177347242921011,1.088101681806766,0.2756740475516396
sl20__risk_adjusted__cs200__rp-25,2025-12-29,002493,0.19723513440742813,0.1737168389564251,0.5780329,0.0613879003558719,1.1578642384105962,1.1578642384105962,0.0,0.7903973509933775,0,none,0.0,0.0,8,15,0.0201694391070575,0.0100354411185151,0.7246,0.635149162792797,0.4092446448703493,1.5314058669339516,0.0719375172366568
sl20__risk_adjusted__cs200__rp-25,2025-12-30,601318,0.20173493039221058,0.1466609164501675,0.5924331,0.06673451584763,1.1976612903225807,1.1976612903225807,0.0,0.8164516129032259,0,none,0.0,0.0,8,15,0.0201388091968522,0.0178333700832035,0.9819,0.4669236285406957,-0.0075471698113207,1.4343938995508894,1.0232009816796346
sl20__risk_adjusted__cs200__rp-25,2025-12-30,601601,0.2061187423709408,0.2026645277337092,0.605307,0.1252983293556084,1.1888709677419356,1.1888709677419356,0.0,0.7554838709677419,0,none,0.0,0.0,8,15,0.0219684434680782,0.0152012979748332,0.4549,-0.0400725906856022,0.1263940520446096,1.1113554187405663,0.5716663542421271
sl20__risk_adjusted__cs200__rp-25,2025-12-30,600426,0.1960981774883731,0.14636091585103148,0.5758797,0.0425396825396825,1.182741935483871,1.182741935483871,0.0,0.8341935483870967,0,none,0.0,0.0,8,15,0.020259384120333,0.0231332479072621,1.1958,0.2523695317491072,0.1395244504262001,1.172651852431823,0.1024470184224122
sl20__risk_adjusted__cs200__rp-25,2025-12-30,603986,0.19660964775817577,0.1413929368486464,0.57738173,0.1359150914433577,1.1788709677419353,1.1788709677419353,0.0,0.7929032258064516,0,none,0.0,0.0,8,15,0.0251077753923207,0.0258150523533901,4.067,-0.0541200548875502,0.0214094558429973,0.9549907483067628,0.3544086242712623
sl20__risk_adjusted__cs200__rp-25,2025-12-30,600309,0.1994385019902998,0.14485153167109274,0.5856892,0.0666666666666666,1.1533870967741935,1.1533870967741935,0.0,0.6651612903225806,0,none,0.0,0.0,8,15,0.0182042421461779,0.0159771502675374,0.8506,-0.1973351451326765,0.3374485596707819,0.9918376865660076,0.2785716959182305
sl20__risk_adjusted__cs200__rp-25,2025-12-31,603799,0.19841325472685853,0.13323842450900994,0.57795393,0.0819053151321521,1.1936708860759495,1.1936708860759495,0.0,0.8253164556962025,0,none,0.0,0.0,8,15,0.0247393352936925,0.0268476943538532,3.674,-0.0468036529680364,0.0610010427528677,1.0471950336615776,0.2703615888522691
sl20__risk_adjusted__cs200__rp-25,2025-12-31,601601,0.2065609549181373,0.20528105564653418,0.6016872,0.1132075471698113,1.1862341772151899,1.1862341772151899,0.0,0.7449367088607595,0,none,0.0,0.0,8,15,0.021242547913598,0.0146998676102262,0.4281,0.0003037596093182,-0.0312916111850865,0.983008036737123,0.3047324913885081
sl20__risk_adjusted__cs200__rp-25,2025-12-31,688981,0.20002737565909176,0.13432233863699414,0.58265567,0.0182119205298013,1.1744462025316456,1.1744462025316456,0.0,0.7231012658227848,0,none,0.0,0.0,8,15,0.0228542930466101,0.0156138678082712,2.0584,-0.1614214769639416,0.0938628158844763,0.8583390322415648,0.4600635238877441
sl20__risk_adjusted__cs200__rp-25,2025-12-31,002493,0.1969323044188671,0.14957316195010306,0.5736401,0.0008539709649871,1.161629746835443,1.161629746835443,0.0,0.7984177215189874,0,none,0.0,0.0,8,15,0.0256837296640145,0.0334784136976339,0.6425,0.1390026414224681,-0.4477611940298508,0.9207773223638956,0.0122770309648519
sl20__risk_adjusted__cs200__rp-25,2025-12-31,601688,0.1980661102770453,0.13300531014558784,0.57694274,0.0105708245243129,1.1524525316455696,1.1524525316455696,0.0,0.6857594936708861,0,none,0.0,0.0,8,15,0.0210810398793302,0.0075131252229248,1.0908,-0.0583319664701262,0.3640922768304917,1.057878811388531,0.6205090560682177
sl20__risk_adjusted__cs200__rp-25,2026-01-05,601601,0.20586930000265308,0.20572672742095474,0.60719395,0.0300438596491227,1.2405854430379746,1.2405854430379746,0.0,0.9623417721518988,0,none,0.0,0.0,8,15,0.0258162498178016,0.0357357691608963,0.968,1.047983751533872,1.020766773162939,1.826828715932236,0.3814647928396308
sl20__risk_adjusted__cs200__rp-25,2026-01-05,601336,0.20212474356141333,0.15324348979051736,0.5961497,0.0586452293094358,1.2304588607594937,1.2304588607594937,0.0,0.9724683544303798,0,none,0.0,0.0,8,15,0.0255715805962487,0.0431711474217881,1.8883,1.0384083941448248,1.750518313752591,2.045562873730343,0.6001448689202867
sl20__risk_adjusted__cs200__rp-25,2026-01-05,601319,0.2006445516012965,0.15201440083496862,0.591784,0.039236479321315,1.2041930379746835,1.2041930379746835,0.0,0.8927215189873419,0,none,0.0,0.0,8,15,0.0216894961326109,0.0281468830462165,0.349,0.7836152706086779,1.289685442574982,1.810917393099777,1.437429480131284
sl20__risk_adjusted__cs200__rp-25,2026-01-05,688008,0.1955400812991798,0.14814709923936853,0.5767288,0.04,1.2007120253164558,1.2007120253164558,0.0,0.9800632911392406,0,none,0.0,0.0,8,15,0.0261909919014915,0.0421200731208186,4.656,1.141664481764113,1.052553296975706,1.8750453055398104,0.4874931870228441
sl20__risk_adjusted__cs200__rp-25,2026-01-05,688981,0.19582132353545734,0.1809158357775278,0.5775583,-0.003720930232558,1.1715189873417722,1.1715189873417722,0.0,0.8379746835443038,0,none,0.0,0.0,8,15,0.025297154072054,0.0303936162911316,4.558,0.6556183142333052,0.1230876216968011,1.606173796602436,0.1984261300183746
sl20__risk_adjusted__cs200__rp-25,2026-01-06,600309,0.20538970802749834,0.11332503654787987,0.60851693,-0.0506990881458967,1.2269904458598726,1.2269904458598726,0.0,0.9079617834394905,0,none,0.0,0.0,8,15,0.0224933480206996,0.03322002077306,1.8675,1.0323212536728694,1.1424843423799589,1.9614124270029392,0.4902677982770484
sl20__risk_adjusted__cs200__rp-25,2026-01-06,002601,0.1981197795738648,0.10403093770317419,0.586978,-0.0487804878048781,1.1730891719745222,1.1730891719745222,0.0,0.8197452229299363,0,none,0.0,0.0,8,15,0.017676669022897,0.0260296255322229,2.4907,1.0712854160949368,0.909945571499258,1.7719834945917954,0.3271578960656533
sl20__risk_adjusted__cs200__rp-25,2026-01-06,002493,0.19789485287966502,0.12112922521711893,0.5863116,-0.0427493713327744,1.163296178343949,1.163296178343949,0.0,0.8315286624203821,0,none,0.0,0.0,8,15,0.025978034697888,0.0374604037561136,1.0704,0.6158200618914635,0.3099963911945147,1.2433499825749297,0.1520198390820593
sl20__risk_adjusted__cs200__rp-25,2026-01-06,600160,0.19865764261939625,0.10431336481420204,0.58857155,-0.0553686934023285,1.1572452229299364,1.1572452229299364,0.0,0.730891719745223,0,none,0.0,0.0,8,15,0.0196490411003536,0.0201556732981186,1.5398,0.7248022940609806,0.3425925925925925,1.5869318767375176,1.0368934515596682
sl20__risk_adjusted__cs200__rp-25,2026-01-06,300316,0.19993801689957552,0.10498575859305072,0.59236497,0.0556875164951175,1.1492834394904459,1.1492834394904459,0.0,0.6480891719745223,0,none,0.0,0.0,8,15,0.0270784408474047,0.0174792253258175,2.2303,0.1977466059460388,0.0426731078904996,1.5403262566117792,1.4079764307786449
sl20__risk_adjusted__cs200__rp-25,2026-01-07,300316,0.2046219978931909,0.16067172331967122,0.6036187,0.0062047569803516,1.2042721518987343,1.2042721518987343,0.0,0.8424050632911394,0,none,0.0,0.0,8,15,0.0264606072048327,0.0192931680336443,2.7787,0.48250308110098,0.1026033690658503,1.576925259632497,0.8925445267383937
sl20__risk_adjusted__cs200__rp-25,2026-01-07,600893,0.19693155429261242,0.11022742730653554,0.5809325,-0.0138530171401737,1.1735759493670885,1.1735759493670885,0.0,0.8462025316455697,0,none,0.0,0.0,8,15,0.0224643724340234,0.0177078150355535,2.8653,0.7947384904478547,0.6211146838156483,1.6566066534836226,0.5729171992040539
sl20__risk_adjusted__cs200__rp-25,2026-01-07,000100,0.19587141059777446,0.10947846870751834,0.57780516,0.0339702760084924,1.1462816455696203,1.1462816455696203,0.0,0.9142405063291139,0,none,0.0,0.0,8,15,0.0243853108422211,0.046232105800592,5.6381,1.0026924689016288,0.0185649774209735,1.3944440871966202,0.3787551760507295
sl20__risk_adjusted__cs200__rp-25,2026-01-07,688041,0.203270266714884,0.11360626396343569,0.5996312,0.0611061946902654,1.1416139240506329,1.1416139240506329,0.0,0.6170886075949367,0,none,0.0,0.0,8,15,0.0229220637104215,0.0148672332216335,1.039,0.2191401483150286,-0.1329179646936656,1.083849700610164,0.5672146766526525
sl20__risk_adjusted__cs200__rp-25,2026-01-07,002594,0.1993047705015381,0.11138997716045099,0.5879333,-0.0040123456790121,1.1386075949367087,1.1386075949367087,0.0,0.6556962025316455,0,none,0.0,0.0,8,15,0.0168818658692287,0.0177318247906375,1.6083,0.2926897882088173,0.2957998212689898,1.2823109183386627,1.5619211632668426
sl20__risk_adjusted__cs200__rp-25,2026-01-08,688981,0.19905939052974306,0.14455152967426896,0.5935093,-0.0438250096786683,1.1833603896103897,1.1833603896103897,0.0,0.7853896103896103,0,none,0.0,0.0,8,15,0.0250757043327271,0.0309529592950956,3.0853,0.048437521238565,0.2409167132476244,0.9436957465938668,0.3825422892285479
sl20__risk_adjusted__cs200__rp-25,2026-01-08,000977,0.20707903734012575,0.13704038825731685,0.61742043,0.0477262494371904,1.1676136363636362,1.1676136363636362,0.0,0.6704545454545454,0,none,0.0,0.0,8,15,0.0208952153547207,0.0131323237002288,4.4833,0.3389899858733016,0.4274750575594781,1.3424018492342735,1.5138336740328795
sl20__risk_adjusted__cs200__rp-25,2026-01-08,300408,0.2002664395862237,0.13253195972091106,0.5971082,-0.0036682290605258,1.167288961038961,1.167288961038961,0.0,0.69512987012987,0,none,0.0,0.0,8,15,0.0226809714818887,0.0162882417246964,1.3173,0.1783701583325876,0.4535266974291361,1.2436979550206346,1.0063131541793524
sl20__risk_adjusted__cs200__rp-25,2026-01-08,002601,0.19764387069551456,0.1463169971289992,0.58928883,-0.0320987654320987,1.1635551948051948,1.1635551948051948,0.0,0.7321428571428571,0,none,0.0,0.0,8,15,0.0175141801001601,0.0325806647582855,2.0017,0.4645156570090722,0.0585156993339677,1.3664040848080017,0.5158684625605217
sl20__risk_adjusted__cs200__rp-25,2026-01-08,300316,0.1959512618483927,0.18401895208611543,0.5842422,0.0,1.162987012987013,1.162987012987013,0.0,0.7558441558441559,0,none,0.0,0.0,8,15,0.0263703284673411,0.0174263517701059,2.4029,0.2858465374880266,0.1274845784784102,1.179291119857292,0.4653713929114708
sl20__risk_adjusted__cs200__rp-25,2026-01-09,000977,0.2039609915602801,0.18401170356657348,0.60522044,-0.0095155709342561,1.1863709677419354,1.1863709677419354,0.0,0.7454838709677419,0,none,0.0,0.0,8,15,0.0207802563105651,0.0154937326587817,4.9064,0.427906218714349,0.5250475586556753,1.2571551560679166,0.8371866787042431
sl20__risk_adjusted__cs200__rp-25,2026-01-09,300408,0.20094072515800518,0.18054781033594045,0.5962583,0.0440593025683859,1.1756451612903225,1.1756451612903225,0.0,0.7541935483870967,0,none,0.0,0.0,8,15,0.0228355252905148,0.0145742470997322,1.7203,0.5336952936246846,0.1957168352171323,1.3984132403376752,0.6019582514624281
sl20__risk_adjusted__cs200__rp-25,2026-01-09,002493,0.20249976757758403,0.14752100285240052,0.6008845,0.0172711571675301,1.164758064516129,1.164758064516129,0.0,0.6848387096774194,0,none,0.0,0.0,8,15,0.0258036394132896,0.02211209671468,0.6474,-0.108853650479022,0.0148975791433894,0.857279059295986,0.7163415305222172
sl20__risk_adjusted__cs200__rp-25,2026-01-09,002459,0.19639699372325856,0.13785031436101797,0.58277553,-0.0017211703958691,1.1566129032258066,1.1566129032258066,0.0,0.7296774193548388,0,none,0.0,0.0,8,15,0.0177227833432219,0.0207845120853271,2.1975,0.5136278163120518,0.303763440860215,1.4514914528775849,0.9209687256116648
sl20__risk_adjusted__cs200__rp-25,2026-01-09,600989,0.19620152198087204,0.13771309728631076,0.5821955,0.0742049469964665,1.1458870967741936,1.1458870967741936,0.0,0.7125806451612903,0,none,0.0,0.0,8,15,0.0156346093377531,0.026169130817676,1.0249,0.6269028683905584,0.1075949367088608,1.2485077354108314,0.9265033669425314
sl20__risk_adjusted__cs200__rp-25,2026-01-12,000807,0.20036252961871137,0.11815393987551463,0.59548295,-0.0106512477175896,1.17671875,1.17671875,0.0,0.756875,0,none,0.0,0.0,8,15,0.0287205795736501,0.0257771307723787,2.0416,0.0615309422542971,0.0718660677827682,0.9596149507403176,0.8880062809780499
sl20__risk_adjusted__cs200__rp-25,2026-01-12,601012,0.1974842419947856,0.11645661142039412,0.5869286,-0.0431617264690588,1.16234375,1.16234375,0.0,0.8243750000000001,0,none,0.0,0.0,8,15,0.019880437260212,0.0256706939229884,4.8084,1.0504641731662283,1.2668997668997672,1.748254799301284,1.281408281702319
sl20__risk_adjusted__cs200__rp-25,2026-01-12,601601,0.19839796166624313,0.11877828398734969,0.5896442,-0.0333333333333333,1.153203125,1.153203125,0.0,0.7378125000000001,0,none,0.0,0.0,8,15,0.025246844459305,0.0306356997604545,0.7227,0.1165873555404488,0.0387065164135227,0.9452001046286356,0.6217974883952546
sl20__risk_adjusted__cs200__rp-25,2026-01-12,002493,0.20457966756842033,0.1811685419060508,0.6080164,0.0078809106830121,1.14421875,1.14421875,0.0,0.601875,0,none,0.0,0.0,8,15,0.0260853127334612,0.0227121349254539,0.6748,-0.1004345855440317,-0.227976766698935,0.9048487449033136,0.7600729457187834
sl20__risk_adjusted__cs200__rp-25,2026-01-12,600426,0.19917559915183963,0.11755498643643789,0.59195536,0.0657320872274142,1.1340625,1.1340625,0.0,0.61125,0,none,0.0,0.0,8,15,0.0213302238898076,0.0335465543672226,0.6987,-0.2000778513040092,-0.0570893776321945,0.8665294175998777,0.3119505903359559
sl20__risk_adjusted__cs200__rp-25,2026-01-13,002179,0.197853319161353,0.12272768854945627,0.601619,-0.0097445351593363,1.1955592105263158,1.1955592105263158,0.0,0.8875000000000001,0,none,0.0,0.0,8,15,0.0264744404486729,0.0412516351696113,5.9136,0.3920543488751467,0.7104801962846126,1.1236347882922173,0.4997083138398757
sl20__risk_adjusted__cs200__rp-25,2026-01-13,300347,0.2025513978061621,0.12564188958248237,0.6159046,-0.0218446601941747,1.1949835526315788,1.1949835526315788,0.0,0.7799342105263157,0,none,0.0,0.0,8,15,0.0209079178919327,0.0248758173010552,3.9976,0.8650393759564063,0.7484662576687116,1.61089619600193,0.2628824467095175
sl20__risk_adjusted__cs200__rp-25,2026-01-13,000807,0.2024634124250348,0.1704507966211333,0.61563706,-0.0146137787056366,1.1739309210526316,1.1739309210526316,0.0,0.7220394736842106,0,none,0.0,0.0,8,15,0.0287688400605182,0.0167797807194826,2.7509,0.3417126357734761,0.1431767337807605,1.2745088954775412,1.3112900246758863
sl20__risk_adjusted__cs200__rp-25,2026-01-13,000977,0.19596925005314755,0.15022658046388765,0.59589005,-0.0360545214714933,1.1614309210526315,1.1614309210526315,0.0,0.7773026315789474,0,none,0.0,0.0,8,15,0.0224516925871588,0.0295107278062466,5.2026,0.3580301697472456,0.4967996061053668,1.1093247588422073,1.0073316963272878
sl20__risk_adjusted__cs200__rp-25,2026-01-13,603799,0.20116262055430256,0.12488669781675293,0.6116817,0.0283460355662521,1.155345394736842,1.155345394736842,0.0,0.6740131578947368,0,none,0.0,0.0,8,15,0.0301799407764699,0.0277032391851791,3.5555,-0.141032114358329,0.0623409669211196,0.8619226778630082,0.2655401735935464
sl20__risk_adjusted__cs200__rp-25,2026-01-14,000807,0.20751304158290168,0.19757449268614627,0.6323081,0.0064043915827996,1.149534161490683,1.149534161490683,0.0,0.6229813664596273,0,none,0.0,0.0,8,15,0.0289682909966891,0.0123333909185518,2.9331,0.3425519059650665,-0.0715835140997832,1.2795780546534046,1.0321929640870795
sl20__risk_adjusted__cs200__rp-25,2026-01-14,600989,0.1923028882071629,0.14648850438796346,0.5859616,0.0561689870379261,1.1493788819875776,1.1493788819875776,0.0,0.8708074534161492,0,none,0.0,0.0,8,15,0.0215174292150124,0.0386605208947962,1.5836,0.9592947726569748,0.9756602796478512,1.7127035971515732,1.1504649590188014
sl20__risk_adjusted__cs200__rp-25,2026-01-14,601899,0.19545804371090866,0.14304435209141275,0.5955756,-0.0130684788290642,1.13555900621118,1.13555900621118,0.0,0.6416149068322982,0,none,0.0,0.0,8,15,0.0259321353874195,0.0162014509340073,2.0662,0.3450947203958074,-0.0151515151515151,1.3685981506495448,0.1961657349264347
sl20__risk_adjusted__cs200__rp-25,2026-01-14,300124,0.19531529704584633,0.1429398776321724,0.59514064,0.0161766593914493,1.13222049689441,1.13222049689441,0.0,0.6531055900621119,0,none,0.0,0.0,8,15,0.0187932489188274,0.0233186270630623,2.3207,0.2868113892816544,0.6972477064220182,1.2828209125173942,0.9434814356588174
sl20__risk_adjusted__cs200__rp-25,2026-01-14,603799,0.20941072945318037,0.1867449081507718,0.6380905,-0.0175392324937359,1.1303571428571428,1.1303571428571428,0.0,0.5214285714285715,0,none,0.0,0.0,8,15,0.0289426003451663,0.0115436112071314,3.4814,-0.1615347377598378,-0.0269461077844311,0.9531240588944502,0.822863770845542
sl20__risk_adjusted__cs200__rp-25,2026-01-15,000807,0.21244318528230138,0.20884922542596604,0.63933134,-0.0189132392674872,1.205015923566879,1.205015923566879,0.0,0.820063694267516,0,none,0.0,0.0,8,15,0.0280772315968374,0.0129017320946186,3.1431,0.3532562364915486,0.3007344414379591,1.2549710124090625,0.5985408069104684
sl20__risk_adjusted__cs200__rp-25,2026-01-15,600176,0.1980722761084528,0.15019558458693838,0.5960832,0.1389645776566756,1.1779458598726116,1.1779458598726116,0.0,0.7627388535031847,0,none,0.0,0.0,8,15,0.019869774388731,0.02097897143783,1.8718,0.2260109776386287,0.5410385259631489,1.380424201302855,0.3332749439661386
sl20__risk_adjusted__cs200__rp-25,2026-01-15,601899,0.1973258538744049,0.18420529622698162,0.5938369,-0.0213987473903966,1.1693471337579617,1.1693471337579617,0.0,0.7538216560509554,0,none,0.0,0.0,8,15,0.024039751832932,0.0146739895966571,1.8741,0.1675471604076852,0.0761904761904761,1.1358044144912571,0.1589044461797768
sl20__risk_adjusted__cs200__rp-25,2026-01-15,002371,0.193739265632171,0.146909920094557,0.58304334,0.0048732943469785,1.1678343949044585,1.1678343949044585,0.0,0.7987261146496815,0,none,0.0,0.0,8,15,0.0237876976252882,0.0207599146344831,1.7259,0.0723672356051521,0.3239644970414201,1.1626136746371418,0.569525914727943
sl20__risk_adjusted__cs200__rp-25,2026-01-15,600219,0.1984194191026699,0.1504588185077813,0.5971279,0.0927487352445193,1.158359872611465,1.158359872611465,0.0,0.6589171974522292,0,none,0.0,0.0,8,15,0.0196762691866963,0.0151147962964146,3.4703,0.0385921857931674,0.2531904032669729,1.0435862583296112,0.2877187024623904
sl20__risk_adjusted__cs200__rp-25,2026-01-16,601899,0.20465809577192476,0.20105516309014293,0.620162,0.02046783625731,1.188404605263158,1.188404605263158,0.0,0.7799342105263158,0,none,0.0,0.0,8,15,0.0250411341334268,0.0172230833506507,1.9163,0.1748009097764182,0.2350230414746545,1.088262686837781,0.4032088480265328
sl20__risk_adjusted__cs200__rp-25,2026-01-16,000807,0.20911287657850122,0.20906643221023902,0.63366103,0.0119963088280528,1.171299342105263,1.171299342105263,0.0,0.6851973684210526,0,none,0.0,0.0,8,15,0.0284088556588931,0.013866055750424,2.3702,-0.0086744125741338,0.0702464141228393,0.8951650061557624,0.7217288438744621
sl20__risk_adjusted__cs200__rp-25,2026-01-16,600547,0.1964657097037302,0.16185662233720183,0.59533715,0.1179978700745473,1.163404605263158,1.163404605263158,0.0,0.7588815789473684,0,none,0.0,0.0,8,15,0.0283296934855987,0.0259694611332136,1.4258,-0.0036964831002942,-0.0039215686274508,0.9821182564604464,0.1113067357321838
sl20__risk_adjusted__cs200__rp-25,2026-01-16,601336,0.19640634795910952,0.16181347532733575,0.59515727,-0.0461670340435953,1.1472861842105262,1.1472861842105262,0.0,0.7207236842105263,0,none,0.0,0.0,8,15,0.027884494285386,0.0227448739958714,1.3274,-0.1884423032244653,0.2283236994219653,0.9441638807874352,0.2590083478364376
sl20__risk_adjusted__cs200__rp-25,2026-01-16,002466,0.1933569699867343,0.1592955132710078,0.58591694,0.0529461998292058,1.1426809210526316,1.1426809210526316,0.0,0.8075657894736843,0,none,0.0,0.0,8,15,0.0285389622342283,0.0401242258627835,4.7093,-0.073275268317833,0.0919920582395763,0.8595683631822155,0.3034941904419007
sl20__risk_adjusted__cs200__rp-25,2026-01-19,603993,0.2055312842346621,0.16124154441809055,0.6080767,0.0141448778396912,1.2235,1.2235,0.0,0.8940000000000001,0,none,0.0,0.0,8,15,0.0274168746533781,0.0271550345600454,1.8729,0.1679492136344929,0.262155591572123,1.1015244547950327,0.2687904149754437
sl20__risk_adjusted__cs200__rp-25,2026-01-19,601336,0.20096979195938713,0.19253203474755154,0.59458125,-0.0483271375464684,1.1730833333333333,1.1730833333333333,0.0,0.719,0,none,0.0,0.0,8,15,0.0283548652944063,0.0245795688451043,1.1467,-0.2656231988011219,-0.196096654275093,0.833563525870612,0.208390881467653
sl20__risk_adjusted__cs200__rp-25,2026-01-19,600760,0.19427655338214145,0.1524120847500508,0.5747789,-0.0156895127993393,1.171,1.171,0.0,0.8973333333333334,0,none,0.0,0.0,8,15,0.0266615843606919,0.0357919120233418,1.7176,0.0657202422317084,0.4723088923556944,1.1544096890828743,0.9348062078620586
sl20__risk_adjusted__cs200__rp-25,2026-01-19,000807,0.20084679632574398,0.20261803779911305,0.59421736,-0.0012106537530267,1.1619166666666667,1.1619166666666667,0.0,0.7010000000000001,0,none,0.0,0.0,8,15,0.0283480954113775,0.0169142831722609,2.0265,-0.1507204103698861,-0.1742770167427701,0.7662320966738886,0.270735340824774
sl20__risk_adjusted__cs200__rp-25,2026-01-19,000630,0.19837557409806528,0.15562781141326135,0.5869061,0.2186978297161937,1.1568333333333334,1.1568333333333334,0.0,0.7606666666666667,0,none,0.0,0.0,8,15,0.0263983964722691,0.0205690498480104,4.3554,-0.0919799274067618,0.1956521739130432,0.8832332900712032,0.3203320736816211
sl20__risk_adjusted__cs200__rp-25,2026-01-20,603993,0.20294983166924746,0.18718340277255913,0.6130907,0.0673076923076922,1.1981770833333334,1.1981770833333334,0.0,0.820486111111111,0,none,0.0,0.0,8,15,0.0277498672538189,0.0281024092377941,1.7758,0.092631902784187,0.0731892301858172,0.9972930776914796,0.2925443453534126
sl20__risk_adjusted__cs200__rp-25,2026-01-20,300502,0.19794625293182708,0.12311926463038417,0.5979754,0.0118534764105377,1.1736979166666666,1.1736979166666666,0.0,0.8059027777777777,0,none,0.0,0.0,8,15,0.0257518356854406,0.0340561363828973,4.7886,0.0237607590444386,0.1107117181883534,0.9695288615332814,0.4594632821874471
sl20__risk_adjusted__cs200__rp-25,2026-01-20,000408,0.2013290552232518,0.1252233222514781,0.6081945,0.0256856769699609,1.1547743055555557,1.1547743055555557,0.0,0.6746527777777778,0,none,0.0,0.0,8,15,0.0285328389926834,0.0108580957098842,1.0292,-0.0843416370106762,0.2668350168350166,1.0147699710112057,0.308531071994316
sl20__risk_adjusted__cs200__rp-25,2026-01-20,601872,0.20329155127326715,0.12644395095953012,0.614123,0.0044762757385854,1.1535590277777779,1.1535590277777779,0.0,0.6142361111111112,0,none,0.0,0.0,8,15,0.0294520250692359,0.0166754913052058,1.0966,-0.2682552498648748,-0.1209008297115763,0.8951690584636208,0.3133091704622672
sl20__risk_adjusted__cs200__rp-25,2026-01-20,600547,0.19448330890240642,0.1341499617987292,0.5875142,0.0936222403924774,1.1378472222222222,1.1378472222222222,0.0,0.8291666666666668,0,none,0.0,0.0,8,15,0.0274311863617061,0.0233417790626696,1.586,0.1159897548481523,0.3402061855670104,1.1047337772692982,0.2862437347288835
sl20__risk_adjusted__cs200__rp-25,2026-01-21,301269,0.19987076744321938,0.11467739816112954,0.590027,-0.0624317284261826,1.1724832214765102,1.1724832214765102,0.0,0.7167785234899329,0,none,0.0,0.0,8,15,0.0173640620002984,0.0234485337353162,2.2471,0.4352688694008162,0.7690058479532158,1.5184954926940308,0.9759959577554368
sl20__risk_adjusted__cs200__rp-25,2026-01-21,002938,0.1968211162271546,0.11292763719692757,0.5810243,0.0904993690283037,1.1676174496644296,1.1676174496644296,0.0,0.7778523489932886,0,none,0.0,0.0,8,15,0.0241783226104242,0.0290178246113945,1.6141,-0.0356442978682726,0.2805782060785766,1.0452120081843672,0.5532366302771764
sl20__risk_adjusted__cs200__rp-25,2026-01-21,601872,0.21186371808671453,0.17545420278866727,0.6254307,0.0334841628959276,1.1496644295302014,1.1496644295302014,0.0,0.5986577181208054,0,none,0.0,0.0,8,15,0.0290883357577377,0.0184366871870516,1.0279,-0.3210789817835959,-0.2636907501150484,0.8974627621484471,0.5115537744246149
sl20__risk_adjusted__cs200__rp-25,2026-01-21,600585,0.1970103072703052,0.1130361870207034,0.5815828,0.019371502367628,1.136744966442953,1.136744966442953,0.0,0.6006711409395973,0,none,0.0,0.0,8,15,0.0160394330601088,0.0296838919729504,1.2532,0.2402885957185696,-0.2952029520295203,1.0012463647686225,0.1835618335409141
sl20__risk_adjusted__cs200__rp-25,2026-01-21,002371,0.19443409097260625,0.11245662323851653,0.5739777,-0.0254316197866148,1.1320469798657717,1.1320469798657717,0.0,0.7429530201342281,0,none,0.0,0.0,8,15,0.0243133839736208,0.0227789812369258,1.5432,0.0713021263597801,0.0223880597014924,1.0474445123185725,0.2284575493534637
sl20__risk_adjusted__cs200__rp-25,2026-01-22,600482,0.19510980151917118,0.11831350191787815,0.58009535,0.0185185185185184,1.2039429530201342,1.2039429530201342,0.0,0.9231543624161074,0,none,0.0,0.0,8,15,0.0265865626390386,0.0354266399113396,3.0495,0.4472016970628854,1.0580474934036936,1.6323548304205031,0.3135499515952841
sl20__risk_adjusted__cs200__rp-25,2026-01-22,688082,0.20239664428631782,0.12273220297232706,0.6017604,-0.0097499999999999,1.1944630872483222,1.1944630872483222,0.0,0.8315436241610739,0,none,0.0,0.0,8,15,0.0289825582922028,0.0264406337475383,1.0616,-0.0897320471596998,0.3869072597566096,0.9430241441176976,0.4708393313769354
sl20__risk_adjusted__cs200__rp-25,2026-01-22,300308,0.19014448465811176,0.11530256130192912,0.5653326,0.0374592833876222,1.1548657718120805,1.1548657718120805,0.0,0.9416107382550336,0,none,0.0,0.0,8,15,0.0293120385505484,0.0393669013555243,3.6359,0.1557362458518225,0.538984587488667,1.3295425457997845,0.941226923742304
sl20__risk_adjusted__cs200__rp-25,2026-01-22,601872,0.21649181759909222,0.2003391848898934,0.6436678,0.0382513661202185,1.1544463087248322,1.1544463087248322,0.0,0.617785234899329,0,none,0.0,0.0,8,15,0.0290470731942818,0.0165790018728292,0.8755,-0.3760245171406171,-0.0058622374206153,0.8040814827053102,0.5923400255929119
sl20__risk_adjusted__cs200__rp-25,2026-01-22,600150,0.19585725193730683,0.1187667517074379,0.58231765,-0.0401996118658164,1.1333892617449666,1.1333892617449666,0.0,0.6140939597315437,0,none,0.0,0.0,8,15,0.0162084625864796,0.0164689542434491,1.6917,0.4499498598647504,0.1904761904761904,1.546739567712443,0.7058533741544878
sl20__risk_adjusted__cs200__rp-25,2026-01-23,688082,0.20121948969125286,0.18465352737533072,0.57247734,-0.0196390931057528,1.2071107784431139,1.2071107784431139,0.0,0.8763473053892216,0,none,0.0,0.0,8,15,0.0310290304824519,0.0257978317613264,1.8887,0.5040054786666452,-0.0458195559754367,1.6101998363101806,1.5726285067962764
sl20__risk_adjusted__cs200__rp-25,2026-01-23,300502,0.19640961926704129,0.15931406000162296,0.55879307,0.0228804634017902,1.1974550898203593,1.1974550898203593,0.0,0.8616766467065868,0,none,0.0,0.0,8,15,0.0272780322061809,0.0483064359198017,5.6706,0.1265227307041312,0.1635338345864661,1.1991828655532155,1.1906473283648165
sl20__risk_adjusted__cs200__rp-25,2026-01-23,600547,0.19464414975622027,0.1583118254978131,0.55377024,0.0643752373718191,1.1762724550898205,1.1762724550898205,0.0,0.8727544910179641,0,none,0.0,0.0,8,15,0.0282326747677489,0.0379167353451294,1.9802,0.2305722826053182,0.1128048780487807,1.120922913198881,0.0873157940007054
sl20__risk_adjusted__cs200__rp-25,2026-01-23,300394,0.19447449655896135,0.15342763003978993,0.55328757,0.1712089077412513,1.170434131736527,1.170434131736527,0.0,0.8733532934131737,0,none,0.0,0.0,8,15,0.0308959434075936,0.0480105141956357,5.2227,0.071769372682368,0.0441334768568353,1.1518408899433303,1.0824080698821608
sl20__risk_adjusted__cs200__rp-25,2026-01-23,601872,0.2132522447265244,0.2105267426537754,0.606711,0.0027149321266967,1.1679640718562874,1.1679640718562874,0.0,0.6718562874251497,0,none,0.0,0.0,8,15,0.0291896315369142,0.0179407359291001,1.1707,-0.1285803608646458,-0.041343669250646,1.1034762281782762,0.94531130213939
sl20__risk_adjusted__cs200__rp-25,2026-01-26,000338,0.1979422791821409,0.12516133855351286,0.56718946,-0.0228690228690229,1.2064903846153847,1.2064903846153847,0.0,0.8772435897435897,0,none,0.0,0.0,8,15,0.0277955144093546,0.0399595208041267,5.5617,0.4890125188746936,0.2864674868189809,1.4123517610905785,0.1574685337848617
sl20__risk_adjusted__cs200__rp-25,2026-01-26,601872,0.20925150896101907,0.2097203966997256,0.59959525,0.0071301247771835,1.205849358974359,1.205849358974359,0.0,0.823397435897436,0,none,0.0,0.0,8,15,0.0306062118775643,0.0312638060661569,1.7485,0.3673509286412511,-0.0329325666492421,1.476973239625729,0.7581795963412075
sl20__risk_adjusted__cs200__rp-25,2026-01-26,601689,0.19704455657411327,0.12459369751768408,0.5646171,-0.0668835393623942,1.196073717948718,1.196073717948718,0.0,0.8868589743589743,0,none,0.0,0.0,8,15,0.0324465853523375,0.0452739597788712,3.1666,0.126887873482228,0.6561844863731658,1.030653361193772,1.1664172735522809
sl20__risk_adjusted__cs200__rp-25,2026-01-26,600026,0.20026226024633467,0.12662829112480312,0.5738372,0.0343688037012558,1.193028846153846,1.193028846153846,0.0,0.7977564102564103,0,none,0.0,0.0,8,15,0.025067951119357,0.0303853696286903,2.437,0.4575271678997137,0.2222746578574799,1.6420283800708542,0.3545717095049962
sl20__risk_adjusted__cs200__rp-25,2026-01-26,000792,0.19549939503639205,0.12361667285584664,0.56018955,-0.0946629213483145,1.1326923076923077,1.1326923076923077,0.0,0.658974358974359,0,none,0.0,0.0,8,15,0.0311141721831892,0.0078071920009455,2.9271,0.191054578302958,0.352013057671382,1.2636855011391934,0.1765469941607867
sl20__risk_adjusted__cs200__rp-25,2026-01-27,601872,0.20554984106971325,0.20588856417852375,0.58884627,-0.030647985989492,1.2270569620253164,1.2270569620253164,0.0,0.9082278481012659,0,none,0.0,0.0,8,15,0.0309968778451352,0.0306566331033209,1.4978,0.2034872042103572,0.2223365928975811,1.184893361178735,0.5455408402922337
sl20__risk_adjusted__cs200__rp-25,2026-01-27,600026,0.19993603811130778,0.1939821484711669,0.5727642,-0.003223726627982,1.187737341772152,1.187737341772152,0.0,0.8015822784810127,0,none,0.0,0.0,8,15,0.024781504879714,0.0298602709048006,1.9234,0.1634124507028624,0.1830461108523522,1.1949701164271456,0.2167680614863339
sl20__risk_adjusted__cs200__rp-25,2026-01-27,600989,0.20220474536587246,0.18578266992907655,0.57926345,-0.0298638559508124,1.1736550632911391,1.1736550632911391,0.0,0.7199367088607596,0,none,0.0,0.0,8,15,0.0228472420564238,0.0151971388175701,1.2715,0.1411672844436866,0.3408674404398291,1.2160714627276574,0.3206828238251787
sl20__risk_adjusted__cs200__rp-25,2026-01-27,000792,0.19411175162013206,0.18838630054041383,0.55607915,-0.0853521126760564,1.1492879746835443,1.1492879746835443,0.0,0.7996835443037975,0,none,0.0,0.0,8,15,0.0317596033305845,0.0172958940424868,2.3332,0.015485589436025,0.3408723747980615,1.0019410137927918,0.2686950053143835
sl20__risk_adjusted__cs200__rp-25,2026-01-27,002648,0.19819762383297454,0.1821004604669128,0.5677841,0.0116906474820145,1.1400316455696202,1.1400316455696202,0.0,0.6613924050632912,0,none,0.0,0.0,8,15,0.0248327260381512,0.0256640800038414,2.5594,-0.0118490091077916,-0.1146881287726355,0.9680689305622288,0.1064875823618451
sl20__risk_adjusted__cs200__rp-25,2026-01-28,601872,0.2038199899798696,0.2038199899798696,0.5720636,0.0263157894736841,1.1861635220125786,1.1861635220125786,0.0,0.7698113207547169,0,none,0.0,0.0,8,15,0.0311336870757973,0.0293725343796535,1.3184,0.0686032939955907,0.0759187620889749,0.9971410851767556,0.3397335539639535
sl20__risk_adjusted__cs200__rp-25,2026-01-28,600176,0.19979118041971689,0.19979118041971689,0.5607559,-0.0486015589179276,1.1695754716981133,1.1695754716981133,0.0,0.8040880503144653,0,none,0.0,0.0,8,15,0.0249017121258244,0.0363405184905624,2.6379,0.3084756524025178,0.6470835081829627,1.1800044732716706,0.2397064619259732
sl20__risk_adjusted__cs200__rp-25,2026-01-28,600026,0.2003403180260185,0.2003403180260185,0.56229717,0.0165184243964421,1.1455188679245283,1.1455188679245283,0.0,0.6827044025157233,0,none,0.0,0.0,8,15,0.0247876203514162,0.0280491296131226,2.0623,0.2608366041842436,-0.1108597285067872,1.1337423447784334,0.1247116579256276
sl20__risk_adjusted__cs200__rp-25,2026-01-28,600989,0.19838970323538735,0.19838970323538735,0.55682236,-0.0720164609053497,1.1450471698113207,1.1450471698113207,0.0,0.7562893081761006,0,none,0.0,0.0,8,15,0.0249209208370632,0.0225291855865767,1.5296,0.3794969381589275,0.5539494062983996,1.2888005122836366,0.113488078151013
sl20__risk_adjusted__cs200__rp-25,2026-01-28,600426,0.19765880833900765,0.19765880833900765,0.55477095,-0.0366972477064219,1.1415880503144655,1.1415880503144655,0.0,0.7676100628930818,0,none,0.0,0.0,8,15,0.0273250255613026,0.0325352650588075,2.008,0.43699547718555,-0.1179577464788732,1.2777601018127405,0.3492544278288157
sl20__risk_adjusted__cs200__rp-25,2026-01-29,600176,0.20017278373537076,0.20010822195702424,0.5758058,0.0493531384762816,1.169984076433121,1.169984076433121,0.0,0.7054140127388535,0,none,0.0,0.0,8,15,0.0260133706827119,0.0357224134876487,2.0388,0.0029960004132414,0.1738424045491471,1.0101870937049062,0.5296575330465232
sl20__risk_adjusted__cs200__rp-25,2026-01-29,688187,0.20710160550652468,0.17206300022865764,0.59573686,-0.0100017244352474,1.1686305732484077,1.1686305732484077,0.0,0.6745222929936306,0,none,0.0,0.0,8,15,0.0196347224523024,0.0269340405629943,1.7328,0.4804941815758445,0.3636363636363637,1.5128075291146363,1.0589652703802457
sl20__risk_adjusted__cs200__rp-25,2026-01-29,600989,0.19921648684033644,0.1990766069764736,0.57305497,-0.0487288135593221,1.164012738853503,1.164012738853503,0.0,0.7070063694267515,0,none,0.0,0.0,8,15,0.0251378378653285,0.0256569074265517,1.5352,0.3192743647253946,0.1389148737137513,1.185885551846816,0.1665767988675379
sl20__risk_adjusted__cs200__rp-25,2026-01-29,000338,0.19850965597987225,0.16492468466730176,0.57102174,0.0879930645860424,1.149124203821656,1.149124203821656,0.0,0.6729299363057326,0,none,0.0,0.0,8,15,0.0296181537424798,0.0325940750409358,3.1769,-0.1587357070602754,-0.0254727904284061,0.8528682187188981,0.156359173431798
sl20__risk_adjusted__cs200__rp-25,2026-01-29,002648,0.19499946793789588,0.16200836982564698,0.56092453,-0.0510673922143155,1.1405254777070064,1.1405254777070064,0.0,0.7914012738853503,0,none,0.0,0.0,8,15,0.0298193222563859,0.0416917248582229,3.7837,0.3208107013697865,-0.1051805337519622,1.1878853712746331,0.0395961790424877
sl20__risk_adjusted__cs200__rp-25,2026-01-30,000792,0.2040117853608961,0.10200589268044805,0.5761061,-0.0288551039404281,1.220211038961039,1.220211038961039,0.0,0.8808441558441559,0,none,0.0,0.0,8,15,0.0324562789044519,0.0199687271532292,3.1019,0.3380524712926298,0.3998340937370386,1.1965452595679662,1.5298012287923086
sl20__risk_adjusted__cs200__rp-25,2026-01-30,000408,0.20329398027442583,0.10164699013721291,0.5740791,-0.0356661355558279,1.2148538961038962,1.2148538961038962,0.0,0.9113636363636364,0,none,0.0,0.0,8,15,0.0295205318287859,0.0357929848993887,1.8196,0.4472972543030769,0.2882249560632688,1.1173884208192395,1.2907047255528716
sl20__risk_adjusted__cs200__rp-25,2026-01-30,002466,0.19792888125310795,0.09896444062655398,0.55892867,-0.0950226244343891,1.1970779220779222,1.1970779220779222,0.0,0.9441558441558442,0,none,0.0,0.0,8,15,0.0317826255576972,0.0305084234352622,5.5115,0.3699634610126521,0.5967802321228004,1.2494615855452724,1.9552132493835923
sl20__risk_adjusted__cs200__rp-25,2026-01-30,300014,0.1962787546582478,0.0981393773291239,0.5542689,-0.0664523043944265,1.1718344155844156,1.1718344155844156,0.0,0.8691558441558442,0,none,0.0,0.0,8,15,0.0244641253209321,0.0336514832307421,4.4144,0.4460357184973595,0.5898420827998294,1.3619058784325735,1.6383462272807274
sl20__risk_adjusted__cs200__rp-25,2026-01-30,002493,0.19848659845332234,0.09924329922666117,0.5605036,-0.0449122807017544,1.1278409090909092,1.1278409090909092,0.0,0.6412337662337663,0,none,0.0,0.0,8,15,0.0213839634179866,0.0160094193248238,0.9769,0.0153513558458837,0.2925295857988168,1.12766939859041,0.0971697373785375
sl20__risk_adjusted__cs200__rp-25,2026-02-02,002493,0.2051948679976024,0.15805583355473066,0.583699,0.056,1.2148089171974523,1.2148089171974523,0.0,0.859235668789809,0,none,0.0,0.0,8,15,0.0289889219846012,0.0451323102756132,1.2921,0.2857228148384017,0.1189153871283894,1.3126561960284937,0.2937502431491401
sl20__risk_adjusted__cs200__rp-25,2026-02-02,000301,0.20371292400628618,0.11307877245397663,0.57948345,0.0452342487883683,1.1989649681528662,1.1989649681528662,0.0,0.8468152866242039,0,none,0.0,0.0,8,15,0.0289264912037697,0.0440202368739981,0.9126,0.1124520021941852,0.2335309617918313,1.0576455044838586,0.3696475683078878
sl20__risk_adjusted__cs200__rp-25,2026-02-02,688082,0.19689840025700833,0.10929610631148372,0.5600988,0.0009445493943771,1.1864649681528663,1.1864649681528663,0.0,0.873248407643312,0,none,0.0,0.0,8,15,0.0358927496860298,0.0420964466351836,0.9861,-0.0630433749821843,0.3962873284907187,1.0238812169026852,1.291434573366925
sl20__risk_adjusted__cs200__rp-25,2026-02-02,002601,0.19640074296629492,0.10901986229892952,0.55868316,0.0281553398058252,1.1687101910828026,1.1687101910828026,0.0,0.8531847133757962,0,none,0.0,0.0,8,15,0.030750997133874,0.0403248937994439,2.0861,0.0116386208234324,0.3813303099017384,0.9492196387127682,1.1232492181031215
sl20__risk_adjusted__cs200__rp-25,2026-02-02,600938,0.1977930647728082,0.10979272460754066,0.56264377,0.0304308526664659,1.1681528662420382,1.1681528662420382,0.0,0.7745222929936305,0,none,0.0,0.0,8,15,0.03242769162847,0.0480459720541699,2.903,0.065207739359848,-0.1877470355731225,0.878339535868543,0.1551733180034425
sl20__risk_adjusted__cs200__rp-25,2026-02-03,600346,0.20211496844728705,0.10105748422364352,0.56602955,-0.0087370929308975,1.2180981595092024,1.2180981595092024,0.0,0.8969325153374232,0,none,0.0,0.0,8,15,0.0334209341193889,0.0425077134283422,0.9239,0.3011210004506535,-0.1063432835820897,1.1283034536647838,0.8650326478096675
sl20__risk_adjusted__cs200__rp-25,2026-02-03,600183,0.2019258651290239,0.10096293256451196,0.56549996,0.0071295722256665,1.207361963190184,1.207361963190184,0.0,0.8785276073619632,0,none,0.0,0.0,8,15,0.0315544149335246,0.0339120975042009,2.0114,0.0268636600332858,0.090938828917239,1.0600933919399065,1.129512112529756
sl20__risk_adjusted__cs200__rp-25,2026-02-03,601298,0.20526099507302284,0.10263049753651142,0.5748401,-0.0357507660878447,1.1453220858895705,1.1453220858895705,0.0,0.5812883435582822,0,none,0.0,0.0,8,15,0.0144279352049704,0.0128646723363286,0.6789,0.0053458514119857,0.397338403041825,0.9833145042134014,0.0687011559502709
sl20__risk_adjusted__cs200__rp-25,2026-02-03,603799,0.19501230151739427,0.09750615075869713,0.5461383,-0.0148776418242491,1.1427147239263804,1.1427147239263804,0.0,0.8162576687116565,0,none,0.0,0.0,8,15,0.0351733225422036,0.0464761884913172,2.8807,-0.1869824622800729,-0.2141110723017815,0.7390010517942743,0.7192943570797604
sl20__risk_adjusted__cs200__rp-25,2026-02-03,300274,0.19568586983327202,0.09784293491663601,0.54802465,0.0221333333333332,1.1210122699386504,1.1210122699386504,0.0,0.6558282208588958,0,none,0.0,0.0,8,15,0.0246258026143197,0.0304445402685305,3.0786,-0.2534935657285022,-0.2154203796977917,0.6524143952460905,0.5567269506099971
sl20__risk_adjusted__cs200__rp-25,2026-02-04,600346,0.20102888931887153,0.16830298710691466,0.5589556,-0.0080482897384305,1.193435534591195,1.193435534591195,0.0,0.8240566037735849,0,none,0.0,0.0,8,15,0.0333351543306134,0.0427397371111279,0.7488,0.0386007739573075,-0.2307692307692307,0.9838133277262668,0.7542568845901378
sl20__risk_adjusted__cs200__rp-25,2026-02-04,688256,0.1990410627828205,0.13388444774285166,0.5534285,0.0370186950600471,1.1734276729559747,1.1734276729559747,0.0,0.8194968553459119,0,none,0.0,0.0,8,15,0.032982008633378,0.0380197986870914,2.8051,0.3501246594726761,-0.3212204319506343,1.0761033022338125,1.0653422692114742
sl20__risk_adjusted__cs200__rp-25,2026-02-04,600183,0.20165478979483356,0.16869304568289528,0.5606959,0.0378930817610062,1.1564465408805031,1.1564465408805031,0.0,0.6509433962264151,0,none,0.0,0.0,8,15,0.0317501807566029,0.0240863963085334,1.4801,-0.2336845375236221,-0.3538309766524169,0.8280557669063978,0.8114946515682698
sl20__risk_adjusted__cs200__rp-25,2026-02-04,688082,0.19950727825543416,0.1520872301867223,0.5547248,0.0179775280898876,1.129559748427673,1.129559748427673,0.0,0.618867924528302,0,none,0.0,0.0,8,15,0.0328253236220593,0.0411478511896369,0.5081,-0.4922249760153503,-0.4308190652475705,0.6353950428924351,0.5803274725084241
sl20__risk_adjusted__cs200__rp-25,2026-02-04,688506,0.1987679798480403,0.1337007592245134,0.5526692,0.0361371841155234,1.1263364779874214,1.1263364779874214,0.0,0.6562893081761005,0,none,0.0,0.0,8,15,0.0196120360968448,0.0175787530495952,0.472,0.1513037539332145,0.2500000000000002,1.2673182257510804,1.1722693588197497
sl20__risk_adjusted__cs200__rp-25,2026-02-05,600346,0.20274312372587414,0.1900382033178738,0.5643706,0.0855569673867005,1.2033870967741935,1.2033870967741935,0.0,0.8651612903225807,0,none,0.0,0.0,8,15,0.0342369189597011,0.0429887418542279,0.601,-0.1704623878536921,0.0351704133430021,0.7879280507619855,0.7177630292728109
sl20__risk_adjusted__cs200__rp-25,2026-02-05,600522,0.19806312034041929,0.12499789973673735,0.551343,0.2204878048780486,1.1909677419354838,1.1909677419354838,0.0,0.944516129032258,0,none,0.0,0.0,8,15,0.035289947671004,0.0560216046998467,5.0869,-0.0500121388686575,0.20243757431629,0.9987277603475492,0.6805144118143006
sl20__risk_adjusted__cs200__rp-25,2026-02-05,000408,0.19905014712215502,0.12835143030677906,0.55409056,0.0788002033553635,1.1779032258064517,1.1779032258064517,0.0,0.8406451612903226,0,none,0.0,0.0,8,15,0.0324450517918259,0.0523238943482155,1.1894,-0.1531204386058599,-0.0848650762612437,0.8752925246155782,0.8140220478924877
sl20__risk_adjusted__cs200__rp-25,2026-02-05,300274,0.2009929542016642,0.1386624294765445,0.5594987,0.05625,1.1591129032258065,1.1591129032258065,0.0,0.7138709677419356,0,none,0.0,0.0,8,15,0.0260968322287125,0.0282898263480929,3.476,-0.1641518281172976,0.0220397579948139,0.912906224885647,0.4354123466719067
sl20__risk_adjusted__cs200__rp-25,2026-02-05,601689,0.19915065460988737,0.1256842440664722,0.55437034,0.0282608695652175,1.1237903225806452,1.1237903225806452,0.0,0.5983870967741937,0,none,0.0,0.0,8,15,0.0299868605230034,0.0260532484834762,1.2688,-0.3756427857905589,-0.3067451820128481,0.743074670570575,0.5424445095165197
sl20__risk_adjusted__cs200__rp-25,2026-02-06,600346,0.20338144907134403,0.20232597977548766,0.5717575,-0.0003998400639743,1.2298259493670884,1.2298259493670884,0.0,0.9446202531645569,0,none,0.0,0.0,8,15,0.0342014659257924,0.0467558740660635,0.7838,0.0562061205514157,0.2240304709141274,0.9726496574990412,1.0119698955575636
sl20__risk_adjusted__cs200__rp-25,2026-02-06,600519,0.19978241831894628,0.18397935118794156,0.5616397,-0.0206851119894598,1.1746835443037975,1.1746835443037975,0.0,0.7746835443037974,0,none,0.0,0.0,8,15,0.0254524234664311,0.0244529610696465,0.6306,-0.1604313673279189,0.1728395061728396,0.873988247032828,0.0273346118413558
sl20__risk_adjusted__cs200__rp-25,2026-02-06,000408,0.1963412884690164,0.19096319613333348,0.5519658,-0.0127559976594498,1.1677215189873418,1.1677215189873418,0.0,0.8481012658227849,0,none,0.0,0.0,8,15,0.0324567249895634,0.0487736161291463,0.9752,-0.3079810674065611,0.3047001620745544,0.8195095715887497,0.8482433215596358
sl20__risk_adjusted__cs200__rp-25,2026-02-06,300274,0.2045908156049019,0.19937578857403515,0.57515734,0.0551116574472443,1.1629746835443038,1.1629746835443038,0.0,0.6518987341772152,0,none,0.0,0.0,8,15,0.0260914348303669,0.0217862398489435,2.627,-0.3441959972739324,-0.0487804878048782,0.7891780171712192,0.6418647872992582
sl20__risk_adjusted__cs200__rp-25,2026-02-06,002050,0.19590402853579134,0.1804077474303995,0.55073655,0.0087040618955511,1.1484177215189872,1.1484177215189872,0.0,0.7962025316455695,0,none,0.0,0.0,8,15,0.025170940548533,0.0250159114933616,3.5505,-0.1266456107208218,0.634870164281929,0.9644690734248867,0.7253195877568929
sl20__risk_adjusted__cs200__rp-25,2026-02-09,300274,0.20334237515224374,0.20334237515224374,0.5649412,-0.0101747978085049,1.2305722891566264,1.2305722891566264,0.0,0.922289156626506,0,none,0.0,0.0,8,15,0.0294877317523086,0.0374520741983324,4.8633,0.172778177012747,0.5106837606837602,1.375826774771735,0.8452319275723731
sl20__risk_adjusted__cs200__rp-25,2026-02-09,600346,0.19962568151081328,0.19962568151081328,0.5546152,0.001602564102564,1.1838855421686747,1.1838855421686747,0.0,0.8078313253012049,0,none,0.0,0.0,8,15,0.0335938312404407,0.0251096964742192,0.5532,-0.2419113918846696,-0.2722910835665734,0.7660564433478744,0.2323704544821885
sl20__risk_adjusted__cs200__rp-25,2026-02-09,000408,0.20015971776452143,0.20015971776452143,0.5560989,-0.0070439070204272,1.1534638554216867,1.1534638554216867,0.0,0.6620481927710843,0,none,0.0,0.0,8,15,0.0325849435362907,0.0423263443684025,0.6905,-0.4914492774970909,-0.4734432234432234,0.6984342126550631,0.214186491880886
sl20__risk_adjusted__cs200__rp-25,2026-02-09,002466,0.19926736575252899,0.19926736575252899,0.5536197,0.0486443381180223,1.1346385542168675,1.1346385542168675,0.0,0.6349397590361446,0,none,0.0,0.0,8,15,0.0319670502325628,0.034000613294769,1.8207,-0.4712247766638399,-0.5466321243523315,0.6676616623515141,0.6454062736064636
sl20__risk_adjusted__cs200__rp-25,2026-02-09,601127,0.1976048598198926,0.1976048598198926,0.5490008,-0.0246472584390069,1.1277861445783133,1.1277861445783133,0.0,0.7039156626506025,0,none,0.0,0.0,8,15,0.0202340326090383,0.016965673471385,1.29,-0.1975316321833361,-0.032258064516129,0.934985866492038,0.1464811190837525
sl20__risk_adjusted__cs200__rp-25,2026-02-10,688256,0.1976125491068104,0.16437386741838564,0.5502706,-0.0081643523620601,1.1882575757575757,1.1882575757575757,0.0,0.9227272727272727,0,none,0.0,0.0,8,15,0.0299799007058225,0.0377551200877377,2.3091,-0.0014789061283795,0.1909132629646623,1.0282866787195164,1.07764821455892
sl20__risk_adjusted__cs200__rp-25,2026-02-10,600346,0.20044793613315326,0.20030963186157574,0.558166,0.0308316430020283,1.1788636363636362,1.1788636363636362,0.0,0.7396969696969697,0,none,0.0,0.0,8,15,0.0319466515358841,0.0223778324023209,0.4486,-0.3794954077680647,-0.3521308652604391,0.7153792179614795,0.560380387403159
sl20__risk_adjusted__cs200__rp-25,2026-02-10,002466,0.2033327020023821,0.20264890728298782,0.5661989,0.0652866242038216,1.1532575757575758,1.1532575757575758,0.0,0.613030303030303,0,none,0.0,0.0,8,15,0.0313935436027057,0.0301209484443551,1.3262,-0.5864619452690398,-0.5663122551762731,0.542067229088785,0.5276121029797508
sl20__risk_adjusted__cs200__rp-25,2026-02-10,002142,0.19886662806857192,0.16541700870634785,0.5537627,-0.02375,1.111590909090909,1.111590909090909,0.0,0.519090909090909,0,none,0.0,0.0,8,15,0.0201339065566687,0.0192049183786398,0.3144,-0.4596824087440709,-0.5035211267605634,0.5940145102769915,0.0752418379684189
sl20__risk_adjusted__cs200__rp-25,2026-02-10,601009,0.19974018468908245,0.16614363199404522,0.5561952,-0.0175438596491226,1.1025,1.1025,0.0,0.45848484848484844,0,none,0.0,0.0,8,15,0.0133923803459162,0.0151150558627968,0.3743,-0.3369470868540858,-0.4913863822805577,0.6578669853756718,0.0438577990250447
sl20__risk_adjusted__cs200__rp-25,2026-02-11,002466,0.19810813648821152,0.19810813648821152,0.5562727,0.1262725137039936,1.1992331288343558,1.1992331288343558,0.0,0.8460122699386503,0,none,0.0,0.0,8,15,0.0311942615012639,0.0331543449844711,2.4839,-0.1846950196777379,-0.2885714285714285,0.9969256208957452,0.8772945463882558
sl20__risk_adjusted__cs200__rp-25,2026-02-11,688256,0.21089626500113756,0.21089626500113756,0.5921808,0.0140465564177115,1.1815184049079754,1.1815184049079754,0.0,0.726073619631902,0,none,0.0,0.0,8,15,0.0289387876769885,0.028877104087487,1.3212,-0.4199564484405731,-0.3360894941634241,0.6779556650242826,0.2372844827584989
sl20__risk_adjusted__cs200__rp-25,2026-02-11,601009,0.19935621133409726,0.19935621133409726,0.5597772,-0.034090909090909,1.1386503067484663,1.1386503067484663,0.0,0.5791411042944786,0,none,0.0,0.0,8,15,0.0126601727852838,0.0149092547296354,0.4196,-0.2392900523939882,-0.1976427923844063,0.7949981053414268,0.0450498926360141
sl20__risk_adjusted__cs200__rp-25,2026-02-11,000425,0.19557170793638312,0.19557170793638312,0.5491506,0.0319672131147541,1.1351226993865031,1.1351226993865031,0.0,0.7613496932515337,0,none,0.0,0.0,8,15,0.0218888263230137,0.0193982112545452,0.9188,-0.2563936549044999,-0.0788476118271418,0.9074388654042316,0.0998182751944654
sl20__risk_adjusted__cs200__rp-25,2026-02-11,002142,0.1960676792401705,0.1960676792401705,0.55054325,-0.0251256281407034,1.1332822085889571,1.1332822085889571,0.0,0.7294478527607362,0,none,0.0,0.0,8,15,0.020069537648676,0.0162339652047277,0.4973,-0.1166648904046324,-0.1925988225399494,0.960001544340064,0.3840006177360257
sl20__risk_adjusted__cs200__rp-25,2026-02-12,688256,0.21854178282610678,0.21854178282610678,0.6222361,0.0409272727272727,1.219325153374233,1.219325153374233,0.0,0.8773006134969327,0,none,0.0,0.0,8,15,0.0306222932500428,0.0304567972896614,2.0762,-0.1028743280847606,0.2019443216968621,1.0462819246502415,0.1886358927341133
sl20__risk_adjusted__cs200__rp-25,2026-02-12,000425,0.19378656571507147,0.19378656571507147,0.5517526,0.0206782464846981,1.1385736196319018,1.1385736196319018,0.0,0.7260736196319019,0,none,0.0,0.0,8,15,0.0218895803466621,0.0188964425704275,1.0656,-0.1066248595717566,0.1003989361702126,1.0569541153354989,0.209352813137264
sl20__risk_adjusted__cs200__rp-25,2026-02-12,601009,0.19949011561640126,0.19949011561640126,0.56799185,-0.0114739629302735,1.1289110429447853,1.1289110429447853,0.0,0.5401840490797547,0,none,0.0,0.0,8,15,0.0127657926763657,0.008565670089742,0.5618,0.0302396801819149,0.1863488624052003,1.2568795024357762,0.521884148763284
sl20__risk_adjusted__cs200__rp-25,2026-02-12,600183,0.19100197388818846,0.19100197388818846,0.54382426,0.0844485463774804,1.1216257668711658,1.1216257668711658,0.0,0.8300613496932516,0,none,0.0,0.0,8,15,0.03143532998916,0.0213204145895616,1.5927,-0.0232669381347201,-0.119182253153545,0.9256116696687826,0.2128906840238199
sl20__risk_adjusted__cs200__rp-25,2026-02-12,600016,0.19717956195423192,0.19717956195423192,0.5614132,-0.0127226463104325,1.113803680981595,1.113803680981595,0.0,0.5288343558282209,0,none,0.0,0.0,8,15,0.0106565103482147,0.0114528672830271,0.9875,-0.0865446876214086,0.1621900826446283,0.8881513859650603,0.2890162051435889
sl20__risk_adjusted__cs200__rp-25,2026-02-13,688256,0.21698972326217517,0.21723094009260055,0.6055139,0.012092302818017,1.1790605095541402,1.1790605095541402,0.0,0.7162420382165606,0,none,0.0,0.0,8,15,0.0306524576582457,0.0256619495275903,1.6869,-0.2763781587944355,-0.0114739629302736,0.8694554113531375,0.0550655093856987
sl20__risk_adjusted__cs200__rp-25,2026-02-13,300347,0.196341412200274,0.16582656970787674,0.5478944,-0.0427964717412609,1.1554140127388535,1.1554140127388535,0.0,0.8254777070063695,0,none,0.0,0.0,8,15,0.0303518391842601,0.0241602747467559,2.1778,-0.0618915519410032,0.198024948024948,1.2096335218113905,1.4250182848123705
sl20__risk_adjusted__cs200__rp-25,2026-02-13,600183,0.19660219883342908,0.19573182726886226,0.54862213,0.0224256292906179,1.138375796178344,1.138375796178344,0.0,0.7318471337579617,0,none,0.0,0.0,8,15,0.0317155677605605,0.0251690643480251,1.3174,-0.1556535449220002,-0.3133159268929504,0.7991604387066878,0.1838069009025381
sl20__risk_adjusted__cs200__rp-25,2026-02-13,600188,0.1931375993350684,0.16312068463009655,0.5389541,0.0598870056497175,1.134872611464968,1.134872611464968,0.0,0.8452229299363058,0,none,0.0,0.0,8,15,0.0325190330754463,0.0273945083045952,1.5684,-0.0776396419708072,0.0784716516023007,0.9562948148864956,0.0378156844424096
sl20__risk_adjusted__cs200__rp-25,2026-02-13,000157,0.19692906636905316,0.16632289228135289,0.54953426,0.0123583934088568,1.1206210191082802,1.1206210191082802,0.0,0.6353503184713376,0,none,0.0,0.0,8,15,0.0219570635820698,0.0203425662242934,1.187,-0.1716447074586868,-0.0774487471526196,1.0062221317998352,0.1777659099513042
sl20__risk_adjusted__cs200__rp-25,2026-02-24,000425,0.19623820275053866,0.19623820275053866,0.5537501,-0.0508607198748043,1.1993939393939392,1.1993939393939392,0.0,0.8945454545454545,0,none,0.0,0.0,8,15,0.0279996593798182,0.0378499583506655,1.6744,0.3744643824596543,1.135149023638232,1.507816439736413,0.2146275199419251
sl20__risk_adjusted__cs200__rp-25,2026-02-24,688256,0.21749252387511508,0.21749252387511508,0.6137261,0.1083435957740349,1.1915151515151514,1.1915151515151514,0.0,0.7660606060606061,0,none,0.0,0.0,8,15,0.0314123653303355,0.0295084001919385,1.9571,-0.1733439211992448,0.3216494845360824,1.0465215763857298,0.8713748622512356
sl20__risk_adjusted__cs200__rp-25,2026-02-24,000157,0.2005365078846334,0.2005365078846334,0.56587917,0.0010080645161289,1.1843939393939393,1.1843939393939393,0.0,0.7618181818181818,0,none,0.0,0.0,8,15,0.0231314908182798,0.0230493173725041,1.7526,0.1938366801994495,0.5176151761517616,1.4551402334721646,0.3238902922561348
sl20__risk_adjusted__cs200__rp-25,2026-02-24,605117,0.19472923667208575,0.19472923667208575,0.54949206,0.3117570780203156,1.1553030303030303,1.1553030303030303,0.0,0.7424242424242424,0,none,0.0,0.0,8,15,0.0338573857306461,0.0210575069982225,0.7182,-0.2392029745447611,0.389452332657201,0.9765582508417048,0.7734222495763566
sl20__risk_adjusted__cs200__rp-25,2026-02-24,600183,0.19100352881762714,0.19100352881762714,0.53897876,0.0515463917525773,1.1450757575757575,1.1450757575757575,0.0,0.8954545454545455,0,none,0.0,0.0,8,15,0.0338850672543193,0.0321830383165987,1.9642,0.2073193968934974,0.1820715281003251,1.1377301004384,0.1658683308682178
sl20__risk_adjusted__cs200__rp-25,2026-02-25,000425,0.203234055242308,0.203234055242308,0.5678123,-0.0579825258141381,1.1570121951219512,1.1570121951219512,0.0,0.6768292682926829,0,none,0.0,0.0,8,15,0.0280361583143701,0.0387385680618781,1.2046,0.0586446606378583,-0.2901234567901234,1.0399185054723574,0.128256615674924
sl20__risk_adjusted__cs200__rp-25,2026-02-25,601888,0.19519216696938801,0.19519216696938801,0.5453442,-0.0758433883279979,1.152515243902439,1.152515243902439,0.0,0.8539634146341465,0,none,0.0,0.0,8,15,0.0310081815669315,0.0464656505108404,3.4944,0.4227202032457433,0.0789183222958056,1.3811311805852016,1.480193551319228
sl20__risk_adjusted__cs200__rp-25,2026-02-25,688256,0.20649840022148663,0.20649840022148663,0.5769325,0.0245171894261059,1.150609756097561,1.150609756097561,0.0,0.6024390243902439,0,none,0.0,0.0,8,15,0.0303234614432264,0.0291876557246746,1.377,-0.2991046660185379,-0.2678011643528885,0.8178513731820667,0.5670436187395662
sl20__risk_adjusted__cs200__rp-25,2026-02-25,605117,0.19437359314782912,0.19437359314782912,0.5430572,0.228823887873248,1.1486280487804879,1.1486280487804879,0.0,0.9359756097560976,0,none,0.0,0.0,8,15,0.0363638111565842,0.0371712184223708,1.2148,0.311822383482355,1.384651600753296,1.614867200168007,0.7316701742380798
sl20__risk_adjusted__cs200__rp-25,2026-02-25,600188,0.20070178441898812,0.20070178441898812,0.56073743,0.1462843768285545,1.1480945121951218,1.1480945121951218,0.0,0.6655487804878049,0,none,0.0,0.0,8,15,0.0337923932538356,0.0347763290033269,1.3406,-0.2594270309686115,-0.2028985507246377,0.8200491809290424,0.0628704372045599
sl20__risk_adjusted__cs200__rp-25,2026-02-26,688256,0.20102353318227195,0.20102353318227195,0.5648914,0.0031964507170181,1.2346556886227544,1.2346556886227544,0.0,0.9865269461077845,0,none,0.0,0.0,8,15,0.0362380751929086,0.0445926353534807,3.3665,0.6659491184053601,0.8078175895765469,1.6086565937471409,0.2714280506713417
sl20__risk_adjusted__cs200__rp-25,2026-02-26,605117,0.19603377484488432,0.19603377484488432,0.5508698,0.2614445574771108,1.1876497005988025,1.1876497005988025,0.0,0.9422155688622755,0,none,0.0,0.0,8,15,0.0364251027274703,0.0370738717728797,1.6517,0.6775510618633134,0.1551087402544109,1.792948481359726,0.6489291446486076
sl20__risk_adjusted__cs200__rp-25,2026-02-26,603296,0.19636032829390018,0.19636032829390018,0.55178744,-0.0228982300884955,1.1763473053892217,1.1763473053892217,0.0,0.8491017964071857,0,none,0.0,0.0,8,15,0.0221059765245066,0.0305021038505549,2.7094,0.7177019539224265,0.4846019755955844,1.3704602933731056,0.1695490049180848
sl20__risk_adjusted__cs200__rp-25,2026-02-26,600188,0.20164085812954013,0.20164085812954013,0.56662613,0.1071849234393402,1.1658682634730537,1.1658682634730537,0.0,0.6874251497005988,0,none,0.0,0.0,8,15,0.0338441079194011,0.031437018902021,1.3127,-0.2495383577541604,-0.151143099068586,0.8642324809727541,0.2391043197357952
sl20__risk_adjusted__cs200__rp-25,2026-02-26,000157,0.20494150554940332,0.20494150554940332,0.5759012,-0.0310310310310311,1.1648952095808383,1.1648952095808383,0.0,0.6595808383233533,0,none,0.0,0.0,8,15,0.0231996770253147,0.023906742629421,1.2416,-0.0054549386820035,-0.0869565217391304,0.9615116549206524,0.233967836030692
sl20__risk_adjusted__cs200__rp-25,2026-02-27,002028,0.20124147449147278,0.1676945555975537,0.56982285,0.0714051599007352,1.2300154320987653,1.2300154320987653,0.0,0.9694444444444443,0,none,0.0,0.0,8,15,0.0361154991680554,0.0418992599341633,2.7211,0.7997883457900654,0.363090472377902,1.7210823255567715,1.743853250640699
sl20__risk_adjusted__cs200__rp-25,2026-02-27,600188,0.19863334406295627,0.19913469613622525,0.56243783,0.052771855010661,1.1739969135802468,1.1739969135802468,0.0,0.7947530864197531,0,none,0.0,0.0,8,15,0.0345937752845614,0.0282551427422528,1.3909,-0.1124426492077773,0.1536728255971156,0.997633051211449,0.43735801361807
sl20__risk_adjusted__cs200__rp-25,2026-02-27,000157,0.20134277986551646,0.2019426868128487,0.5701097,-0.0142421159715157,1.138503086419753,1.138503086419753,0.0,0.5787037037037036,0,none,0.0,0.0,8,15,0.0228772242117188,0.0237694880266327,1.0931,-0.11739295432341,-0.3150684931506849,0.8352691261417341,0.2951284245700794
sl20__risk_adjusted__cs200__rp-25,2026-02-27,601225,0.19430642678608875,0.1619155791418257,0.550186,0.0287474332648871,1.1189814814814816,1.1189814814814816,0.0,0.7969135802469136,0,none,0.0,0.0,8,15,0.0305331473327251,0.0230320018515192,0.4466,0.1512683027428334,0.1200842696629211,1.212796002603702,0.4663955788570907
sl20__risk_adjusted__cs200__rp-25,2026-02-27,600150,0.20447597479396565,0.17038986526062058,0.57898146,0.0118110236220472,1.1169753086419754,1.1169753086419754,0.0,0.4679012345679012,0,none,0.0,0.0,8,15,0.0192726308214711,0.0147605023224384,1.1675,-0.1327955551594023,-0.2984496124031007,0.7481001140567541,0.1097213500616572
